Salon ID,Salon Name,Area,Rating,Reviews,Price Category,Services,Timing,Contact
1,Bellissimo Hair & Beauty Salon,Koregaon Park,4.7,460,High,"Hair, spa, facials, massage",10AM-7PM,76203 16644
2,Apple Unisex Salon,Koregaon Park,4.8,3022,Moderate,"Haircut, coloring, facial",10AM-9PM,98508 73639
3,Koi Salon,Kalyani Nagar,4.8,205,High,"Hair styling, skincare",10:30AM-7:30PM,74209 52520
4,Salon Apple,Kalyani Nagar,4.4,280,Moderate,"Hair, makeup, bridal",10AM-8PM,90820 53531
5,Zoree Salon,Baner,4.8,764,Moderate,"Hair, keratin, Botox",10AM-9PM,70586 85228
6,Habib International,Baner,4.8,978,High,"Haircuts, coloring",10AM-10PM,97300 09894
7,Lakme Salon,Balewadi,4.7,2848,High,"Hair, skin, bridal",9AM-10PM,90499 26699
8,Studio 11 Salon & Spa,Balewadi,4.5,1459,Moderate,"Hair spa, skincare",10AM-9:30PM,83800 05353
9,Luxurious Looks Salon,Baner,5,316,High,"Premium styling, makeover",10AM-10PM,81497 01569
10,Nitrogen Unisex Salon,Shivajinagar,4.8,1704,Low,"Haircuts, styling",10AM-8PM,72767 38899
11,Scissors Talk Salon,FC Road,4.9,181,Low,"Haircuts, grooming",9:30AM-10PM,not available
12,Kapils Salon,Kharadi,4.7,520,High,"Hair, skin, luxury treatments",10AM-9:30PM,not available
13,Naturals Salon,Viman Nagar,4.5,890,Moderate,"Haircut, facial, grooming",9:30AM-9PM,9876543210
14,Jawed Habib Salon,Hadapsar,4.4,760,Moderate,"Hair styling, coloring",10AM-8:30PM,9123456789
15,Enrich Salon,Magarpatta,4.8,640,High,"Hair spa, skin care",10AM-9:30PM,9988776655
16,Looks Salon,Mundhwa,4.6,430,Moderate,"Haircut, styling, makeup",10AM-9PM,9090909090
17,Studio11 Salon,Wadgaon Sheri,4.5,520,Moderate,"Hair, spa, facial",10AM-9:30PM,9012345678
18,Lakme Salon,Wagholi,4.6,380,Moderate,"Hair, bridal, skin",9AM-10PM,9345678901
19,VLCC Salon,Keshav Nagar,4.3,290,Moderate,"Skin care, grooming",10AM-8PM,9234567890
20,Green Trends,Chandan Nagar,4.2,310,Low,"Haircut, grooming",9AM-9PM,9456789012
21,UrbanClap Salon,Manjari,4.4,210,Moderate,"Home salon, beauty services",9AM-8PM,9567890123
23,Lakme Salon,Bibwewadi,4.6,700,Moderate,"Hair, skin, bridal",9AM-10PM,9678901234
24,Enrich Salon,Kondhwa,4.7,650,High,Luxury hair & skin,10AM-9PM,9789012345
25,Studio11 Salon,NIBM Road,4.5,540,Moderate,"Hair spa, facial",10AM-9:30PM,9890123456
26,Looks Salon,Undri,4.4,320,Moderate,"Haircut, makeup",10AM-8:30PM,9901234567
27,Naturals Salon,Dhankawadi,4.3,280,Low,"Haircut, grooming",9:30AM-8:30PM,9011122233
28,Jawed Habib,Katraj,4.2,260,Low,Hair styling,10AM-8PM,9022233344
29,Green Trends,Ambegaon,4.1,200,Low,Basic grooming,9AM-8:30PM,9033344455
30,Kapils Salon,Sinhagad Road,4.6,410,Moderate,"Hair, luxury grooming",10AM-9PM,9044455566
31,VLCC Salon,Dhayari,4.3,190,Low,Skin & wellness,10AM-8PM,9055566677
32,Enrich Salon,Yerwada,4.7,480,High,"Hair spa, premium services",10AM-9:30PM,9066677788
33,Naturals Salon,Vishrantwadi,4.4,350,Moderate,"Hair, grooming",9:30AM-9PM,9077788899
34,Studio11 Salon,Dhanori,4.3,300,Moderate,Hair spa,9AM-10PM,9088899900
35,Lakme Salon,Lohegaon,4.5,420,Moderate,"Hair, bridal",9AM-10PM,9099900011
36,Green Trends,Tingre Nagar,4.2,260,Low,Haircut,9AM-9PM,9101011122
37,Looks Salon,Alandi Road,4.4,310,Moderate,Hair styling,10AM-9PM,9112122233
38,Jawed Habib,Bhosari,4.3,290,Moderate,Hair grooming,10AM-8:30PM,9123233344
39,Truefitt & Hill,Koregaon Park,4.7,1250,High,Haircut|Beard Grooming|Facial|Shave,10AM-8PM,8956789000
40,Juice Salon,Baner,4.5,980,Medium,Haircut|Hair Color|Keratin|Styling,10AM-9PM,9028888855
41,BBlunt Salon,Viman Nagar,4.6,1500,High,Haircut|Hair Spa|Coloring|Styling,11AM-10PM,7028011144
42,ScaleUp Salon,Kalyani Nagar,4.4,620,Medium,Haircut|Beard|Hair Spa|Facial,10AM-9PM,9175999955
43,Studio11 Salon & Spa,Wakad,4.3,870,Medium,Haircut|Spa|Facial|Bridal,9:30AM-9:30PM,8080811109
44,Enrich Salon,Aundh,4.5,1100,High,Haircut|Hair Color|Skin|Spa,11AM-9:30PM,8080811109
45,Urban Company Salon Luxe,Multiple Locations,4.6,5000,High,Haircut|Facial|Cleanup|Waxing,8AM-10PM,9999999999
46,Toni&Guy Essensuals,FC Road,4.7,1340,High,Haircut|Styling|Hair Spa|Color,10AM-9PM,7888022211
47,Kapils Salon,Hinjewadi,4.4,760,Medium,Haircut|Hair Spa|Facial|Beard,10AM-9PM,7030999933
48,Bodycraft Spa & Salon,Kharadi,4.6,890,High,Haircut|Spa|Skin|Laser,10AM-9PM,8049422222
49,Looks Salon,Hadapsar,4.5,1400,High,Haircut|Hair Color|Spa|Makeup,11AM-10PM,8291888877
50,Jawed Habib Hair Studio,Camp,4.2,650,Medium,Haircut|Color|Styling,10AM-8:30PM,9822045678
51,Bounce Salon & Spa,Pimple Saudagar,4.3,540,Medium,Haircut|Spa|Facial|Color,10AM-9PM,9158877744
52,Zik Salon,Koregaon Park,4.6,410,High,Haircut|Styling|Beard|Spa,10AM-8:30PM,9766622255
53,Mirror Salon,Magarpatta,4.3,390,Medium,Haircut|Hair Spa|Facial,10AM-9PM,9823011223
54,Affinity Salon,Baner,4.4,450,Medium,Haircut|Color|Keratin|Spa,10AM-9PM,9922955588
55,Lakmé Salon,Hadapsar,4.5,1600,High,Haircut|Skin|Makeup|Bridal,11AM-10PM,9175988822
56,Naturals Salon,Wagholi,4.2,720,Low,Haircut|Facial|Color|Waxing,10AM-9PM,9096988844
57,The Hair & Makeup Studio,Viman Nagar,4.5,300,Medium,Haircut|Makeup|Styling,10AM-8PM,8888044422
58,Royal Salon 58,Karve Nagar,4.9,1218,High,"Haircut, Styling, Facial, Manicure, Pedicure",11AM to 9PM,9147273215
59,Style Lounge 59,Baner,4.4,839,Medium,"Hair Coloring, Highlights, Hair Spa",10AM to 9PM,9269184225
60,Trendy Studio 60,Shivaji Nagar,4.6,343,Medium,"Haircut, Beard Trim, Cleanup",8AM to 8PM,9534115302
61,Glow Lounge 61,Magarpatta,3.5,286,High,"Bridal Makeup, Hair Styling, Skincare",8AM to 10PM,9933849579
62,Trendy Lounge 62,Camp,4.3,1174,Low,"Haircut, Styling, Facial, Manicure, Pedicure",10AM to 11PM,9606339767
63,Trendy Lounge 63,Aundh,4.6,1375,Medium,"Haircut, Styling, Facial, Manicure, Pedicure",8AM to 11PM,9544172193
64,Glow Makeover 64,Magarpatta,4.2,788,High,"Hair Spa, Coloring, Keratin, Smoothening",11AM to 8PM,9803029232
65,Glow Lounge 65,Sinhagad Road,4.8,626,Medium,"Hair Spa, Coloring, Keratin, Smoothening",8AM to 10PM,9494879961
66,Style Salon 66,Aundh,4.5,1217,Low,"Haircut, Styling, Facial, Manicure, Pedicure",9AM to 9PM,9450757610
67,Trendy Salon 67,Shivaji Nagar,4.3,505,Low,"Haircut, Beard Trim, Cleanup",9AM to 9PM,9929258103
68,Luxury Lounge 68,Koregaon Park,3.9,1294,High,"Bridal Makeup, Hair Styling, Skincare",8AM to 11PM,9153299515
69,Urban Studio 69,FC Road,3.8,639,Low,"Hair Spa, Coloring, Keratin, Smoothening",10AM to 8PM,9290146365
70,Style Studio 70,Aundh,4.1,708,High,"Hair Spa, Coloring, Keratin, Smoothening",10AM to 10PM,9962062354
71,Luxury Salon 71,FC Road,4.4,312,Low,"Haircut, Beard Trim, Cleanup",11AM to 8PM,9361335561
72,Style Makeover 72,Shivaji Nagar,3.7,1073,Medium,"Hair Spa, Coloring, Keratin, Smoothening",11AM to 9PM,9413443311
73,Royal Studio 73,Kothrud,4.8,250,Medium,"Hair Spa, Coloring, Keratin, Smoothening",9AM to 10PM,9747952107
74,Elite Lounge 74,FC Road,4.4,982,High,"Haircut, Styling, Facial, Manicure, Pedicure",9AM to 9PM,9990909112
75,Glow Makeover 75,Hadapsar,4.2,1037,Medium,"Haircut, Styling, Facial, Manicure, Pedicure",11AM to 9PM,9154101615
76,Urban Lounge 76,Camp,4.1,283,Medium,"Haircut, Styling, Facial, Manicure, Pedicure",9AM to 11PM,9787957661
77,Urban Lounge 77,FC Road,5,243,Medium,"Bridal Makeup, Hair Styling, Skincare",8AM to 9PM,9351517622
78,Style Lounge 78,Karve Nagar,3.9,1071,Medium,"Facial, Cleanup, Waxing, Threading",9AM to 8PM,9875119616
79,Glow Salon 79,Shivaji Nagar,3.6,326,High,"Facial, Cleanup, Waxing, Threading",11AM to 11PM,9880775775
80,Royal Makeover 80,Hadapsar,3.9,467,High,"Hair Coloring, Highlights, Hair Spa",9AM to 10PM,9774612300
81,Style Lounge 81,Pimple Saudagar,4.2,953,Low,"Facial, Cleanup, Waxing, Threading",9AM to 8PM,9469460813
82,Trendy Lounge 82,Karve Nagar,4.3,873,Low,"Facial, Cleanup, Waxing, Threading",10AM to 11PM,9489893907
83,Elite Lounge 83,Baner,4.2,975,Medium,"Hair Coloring, Highlights, Hair Spa",9AM to 8PM,9826801512
84,Urban Lounge 84,Baner,4.1,70,High,"Haircut, Styling, Facial, Manicure, Pedicure",10AM to 8PM,9224524840
85,Style Lounge 85,Hadapsar,4.2,1084,Medium,"Haircut, Beard Trim, Cleanup",11AM to 10PM,9123108493
86,Royal Salon 86,Kothrud,3.9,1073,Medium,"Hair Spa, Coloring, Keratin, Smoothening",9AM to 9PM,9126414227
87,Style Studio 87,Hinjewadi,3.7,739,High,"Haircut, Styling, Facial, Manicure, Pedicure",8AM to 11PM,9817203801
88,Trendy Lounge 88,Pimple Saudagar,4.8,1356,Low,"Hair Spa, Coloring, Keratin, Smoothening",9AM to 8PM,9817718749
89,Royal Makeover 89,Hadapsar,4.8,947,High,"Bridal Makeup, Hair Styling, Skincare",8AM to 8PM,9116885236
90,Trendy Studio 90,Wakad,4.9,218,Medium,"Bridal Makeup, Hair Styling, Skincare",9AM to 9PM,9929992023
91,Urban Salon 91,Baner,4.2,903,Low,"Bridal Makeup, Hair Styling, Skincare",9AM to 10PM,9184371621
92,Elite Salon 92,Pimple Saudagar,4.9,260,Medium,"Hair Spa, Coloring, Keratin, Smoothening",9AM to 11PM,9809542300
93,Royal Lounge 93,Shivaji Nagar,4.1,1343,Medium,"Haircut, Styling, Facial, Manicure, Pedicure",8AM to 8PM,9860987609
94,Luxury Studio 94,Wakad,4.3,333,Low,"Haircut, Styling, Facial, Manicure, Pedicure",10AM to 11PM,9381403578
95,Glow Lounge 95,Kothrud,3.6,395,Low,"Hair Spa, Coloring, Keratin, Smoothening",8AM to 9PM,9229390474
96,Trendy Lounge 96,Hadapsar,4,438,Medium,"Haircut, Styling, Facial, Manicure, Pedicure",10AM to 11PM,9502799484
97,Elite Salon 97,Baner,3.5,1190,Low,"Bridal Makeup, Hair Styling, Skincare",9AM to 8PM,9461240406
98,Trendy Lounge 98,Hinjewadi,4.5,595,High,"Hair Coloring, Highlights, Hair Spa",11AM to 8PM,9516480401
99,Urban Salon 99,Aundh,4.7,1079,Medium,"Bridal Makeup, Hair Styling, Skincare",11AM to 10PM,9262584961
100,Aura Studio 100,Baner,4.1,942,High,"Haircut, Beard Trim, Cleanup",9AM to 9PM,9980010384
101,Urban Salon 101,Koregaon Park,4.7,805,Medium,"Bridal Makeup, Hair Styling, Skincare",8AM to 10PM,9966623595
102,Trendy Salon 102,Kothrud,5,133,High,"Hair Coloring, Highlights, Hair Spa",10AM to 10PM,9974027716
103,Glow Salon 103,Aundh,4.6,930,High,"Hair Coloring, Highlights, Hair Spa",11AM to 8PM,9538300236
104,Luxury Studio 104,Aundh,3.9,1163,Low,"Haircut, Styling, Facial, Manicure, Pedicure",8AM to 10PM,9224355041
105,Aura Makeover 105,Koregaon Park,4.1,538,Medium,"Haircut, Styling, Facial, Manicure, Pedicure",10AM to 9PM,9753150262
106,Royal Studio 106,Viman Nagar,3.8,655,Medium,"Hair Coloring, Highlights, Hair Spa",10AM to 10PM,9702226215
107,Elite Studio 107,Hinjewadi,4.7,1368,Medium,"Facial, Cleanup, Waxing, Threading",9AM to 10PM,9904588835
108,Aura Salon 108,FC Road,4.5,539,Medium,"Haircut, Beard Trim, Cleanup",10AM to 8PM,9300326629
109,Glow Studio 109,FC Road,3.7,407,Medium,"Facial, Cleanup, Waxing, Threading",8AM to 10PM,9848270409
110,Style Salon 110,Kothrud,3.7,769,High,"Hair Coloring, Highlights, Hair Spa",8AM to 10PM,9972020812
111,Elite Lounge 111,FC Road,4.4,1473,Medium,"Hair Coloring, Highlights, Hair Spa",11AM to 8PM,9954685297
112,Urban Salon 112,Aundh,4.7,555,Medium,"Hair Spa, Coloring, Keratin, Smoothening",9AM to 11PM,9916247994
113,Glow Lounge 113,Hadapsar,3.8,493,High,"Haircut, Beard Trim, Cleanup",8AM to 8PM,9498932094
114,Style Studio 114,Hinjewadi,4.1,1341,Medium,"Hair Spa, Coloring, Keratin, Smoothening",9AM to 8PM,9304749304
115,Glow Salon 115,Hinjewadi,4.4,26,High,"Hair Spa, Coloring, Keratin, Smoothening",11AM to 8PM,9483286009
116,Luxury Makeover 116,Karve Nagar,3.7,54,Medium,"Facial, Cleanup, Waxing, Threading",9AM to 9PM,9653915412
117,Style Salon 117,Kothrud,4.4,1132,High,"Hair Coloring, Highlights, Hair Spa",8AM to 9PM,9514193871
118,Royal Lounge 118,Hadapsar,4.1,1485,Medium,"Bridal Makeup, Hair Styling, Skincare",11AM to 9PM,9973277250
119,Urban Studio 119,Sinhagad Road,4.1,695,Low,"Facial, Cleanup, Waxing, Threading",9AM to 9PM,9190316039
120,Royal Salon 120,Kothrud,4.9,1092,High,"Bridal Makeup, Hair Styling, Skincare",11AM to 8PM,9207244247
121,Style Salon 121,FC Road,4.4,1153,Low,"Facial, Cleanup, Waxing, Threading",11AM to 10PM,9558582100
122,Elite Salon 122,Kothrud,4.1,314,High,"Haircut, Styling, Facial, Manicure, Pedicure",8AM to 8PM,9308878713
123,Trendy Salon 123,Karve Nagar,3.8,930,Low,"Hair Coloring, Highlights, Hair Spa",8AM to 11PM,9398289831
124,Style Salon 124,Aundh,3.8,1020,Medium,"Facial, Cleanup, Waxing, Threading",8AM to 11PM,9466127764
125,Luxury Studio 125,Magarpatta,4,1489,Low,"Bridal Makeup, Hair Styling, Skincare",11AM to 9PM,9819537785
126,Urban Salon 126,Karve Nagar,3.7,232,High,"Hair Spa, Coloring, Keratin, Smoothening",8AM to 10PM,9907551742
127,Aura Lounge 127,Sinhagad Road,4.4,755,High,"Bridal Makeup, Hair Styling, Skincare",8AM to 8PM,9254226827
128,Trendy Salon 128,Sinhagad Road,4.4,735,Low,"Facial, Cleanup, Waxing, Threading",8AM to 11PM,9407460674
129,Aura Makeover 129,Camp,4.7,799,Low,"Hair Coloring, Highlights, Hair Spa",9AM to 9PM,9991972975
130,Royal Lounge 130,Magarpatta,3.6,246,High,"Hair Coloring, Highlights, Hair Spa",10AM to 9PM,9696875168
131,Aura Lounge 131,Hadapsar,4,1429,High,"Bridal Makeup, Hair Styling, Skincare",8AM to 10PM,9147061291
132,Urban Salon 132,Sinhagad Road,4.6,1040,Medium,"Haircut, Styling, Facial, Manicure, Pedicure",10AM to 8PM,9879496368
133,Elite Makeover 133,Viman Nagar,4.8,150,Medium,"Haircut, Beard Trim, Cleanup",9AM to 11PM,9841223804
134,Style Studio 134,Viman Nagar,3.6,1054,Low,"Haircut, Beard Trim, Cleanup",10AM to 8PM,9942440765
135,Style Salon 135,Hadapsar,4.2,1496,Low,"Haircut, Styling, Facial, Manicure, Pedicure",8AM to 8PM,9706658391
136,Trendy Studio 136,Wakad,4.4,1061,High,"Hair Spa, Coloring, Keratin, Smoothening",8AM to 10PM,9365015434
137,Royal Studio 137,Aundh,4.8,1210,High,"Haircut, Styling, Facial, Manicure, Pedicure",11AM to 10PM,9904110378
138,Style Studio 138,Kothrud,4.4,1143,Medium,"Hair Spa, Coloring, Keratin, Smoothening",10AM to 9PM,9253913855
139,Urban Studio 139,FC Road,4.2,862,Low,"Haircut, Beard Trim, Cleanup",8AM to 9PM,9701180179
140,Royal Studio 140,Wakad,4.7,393,Low,"Hair Coloring, Highlights, Hair Spa",10AM to 8PM,9851229710
141,Urban Studio 141,Koregaon Park,4.8,1228,Low,"Haircut, Styling, Facial, Manicure, Pedicure",9AM to 9PM,9281511256
142,Trendy Salon 142,Kothrud,4.1,1282,Low,"Hair Coloring, Highlights, Hair Spa",8AM to 11PM,9400133793
143,Style Makeover 143,Baner,3.5,572,High,"Hair Spa, Coloring, Keratin, Smoothening",10AM to 9PM,9644035165
144,Urban Salon 144,Aundh,4.6,100,Low,"Bridal Makeup, Hair Styling, Skincare",11AM to 11PM,9128406249
145,Trendy Salon 145,Hinjewadi,4.8,709,Low,"Hair Coloring, Highlights, Hair Spa",9AM to 9PM,9313775628
146,Aura Salon 146,Hadapsar,3.9,1139,Low,"Bridal Makeup, Hair Styling, Skincare",10AM to 8PM,9819640018
147,Style Salon 147,Viman Nagar,4.2,1008,High,"Facial, Cleanup, Waxing, Threading",11AM to 11PM,9807567926
148,Elite Lounge 148,Koregaon Park,4.5,303,Low,"Haircut, Beard Trim, Cleanup",10AM to 9PM,9849621926
149,Trendy Makeover 149,Karve Nagar,3.7,1491,Low,"Hair Coloring, Highlights, Hair Spa",8AM to 11PM,9697768765
150,Luxury Lounge 150,Sinhagad Road,3.9,531,High,"Haircut, Styling, Facial, Manicure, Pedicure",9AM to 8PM,9150255853
151,Glow Lounge 151,Hinjewadi,4.8,1303,Low,"Hair Spa, Coloring, Keratin, Smoothening",10AM to 9PM,9404269348
152,Urban Makeover 152,Camp,4.3,1226,High,"Facial, Cleanup, Waxing, Threading",9AM to 8PM,9816324738
153,Royal Studio 153,FC Road,4.8,935,Medium,"Bridal Makeup, Hair Styling, Skincare",8AM to 10PM,9574018281
154,Royal Studio 154,Karve Nagar,4.5,597,High,"Haircut, Styling, Facial, Manicure, Pedicure",9AM to 9PM,9364209056
155,Urban Studio 155,Aundh,4.1,1123,Low,"Haircut, Beard Trim, Cleanup",9AM to 11PM,9455887444
156,Style Salon 156,Hinjewadi,4.5,1198,Low,"Facial, Cleanup, Waxing, Threading",8AM to 8PM,9424307531
157,Royal Salon 157,Hadapsar,3.8,532,Low,"Bridal Makeup, Hair Styling, Skincare",8AM to 10PM,9417161585
158,Urban Lounge 158,Hadapsar,4.3,1013,Low,"Haircut, Styling, Facial, Manicure, Pedicure",10AM to 8PM,9834493517
159,Style Lounge 159,Hinjewadi,4.3,300,Medium,"Bridal Makeup, Hair Styling, Skincare",11AM to 8PM,9887716208
160,Urban Studio 160,Pimple Saudagar,3.8,509,High,"Haircut, Beard Trim, Cleanup",10AM to 8PM,9423623532
161,Urban Lounge 161,Camp,4.8,62,High,"Hair Coloring, Highlights, Hair Spa",9AM to 8PM,9270785799
162,Glow Studio 162,Wakad,4.5,1284,Medium,"Facial, Cleanup, Waxing, Threading",9AM to 8PM,9280733358
163,Urban Makeover 163,Karve Nagar,4.7,148,High,"Haircut, Styling, Facial, Manicure, Pedicure",8AM to 8PM,9351223029
164,Aura Salon 164,Hadapsar,3.7,76,Low,"Facial, Cleanup, Waxing, Threading",10AM to 11PM,9183791520
165,Style Studio 165,Wakad,4,322,Medium,"Facial, Cleanup, Waxing, Threading",8AM to 9PM,9564877527
166,Style Salon 166,Shivaji Nagar,3.6,1063,Low,"Haircut, Styling, Facial, Manicure, Pedicure",9AM to 9PM,9316459806
167,Glow Salon 167,Shivaji Nagar,4,311,Medium,"Facial, Cleanup, Waxing, Threading",11AM to 8PM,9503121325
168,Glow Salon 168,Karve Nagar,4.6,1151,Medium,"Hair Coloring, Highlights, Hair Spa",11AM to 8PM,9151556972
169,Trendy Makeover 169,Kothrud,4.7,475,High,"Haircut, Beard Trim, Cleanup",9AM to 10PM,9879027703
170,Urban Lounge 170,Koregaon Park,4.5,1402,Low,"Haircut, Beard Trim, Cleanup",11AM to 8PM,9365803509
171,Aura Studio 171,Karve Nagar,4.9,1414,Medium,"Facial, Cleanup, Waxing, Threading",10AM to 9PM,9822939091
172,Aura Lounge 172,Shivaji Nagar,3.5,1355,Medium,"Haircut, Beard Trim, Cleanup",8AM to 10PM,9818446168
173,Aura Studio 173,Aundh,4.6,1042,High,"Haircut, Styling, Facial, Manicure, Pedicure",9AM to 8PM,9745601921
174,Aura Studio 174,Magarpatta,4,191,Low,"Hair Coloring, Highlights, Hair Spa",8AM to 10PM,9921692097
175,Luxury Studio 175,Karve Nagar,4.4,1178,Low,"Haircut, Beard Trim, Cleanup",10AM to 9PM,9950481414
176,Royal Salon 176,Hadapsar,4.6,577,High,"Haircut, Beard Trim, Cleanup",8AM to 10PM,9820817181
177,Style Makeover 177,Wakad,3.9,1347,Low,"Hair Coloring, Highlights, Hair Spa",11AM to 9PM,9286495355
178,Glow Lounge 178,Koregaon Park,4.7,752,Low,"Hair Coloring, Highlights, Hair Spa",8AM to 9PM,9445892555
179,Glow Makeover 179,Magarpatta,4.1,281,High,"Bridal Makeup, Hair Styling, Skincare",8AM to 8PM,9446889140
180,Aura Lounge 180,Koregaon Park,3.8,260,High,"Haircut, Beard Trim, Cleanup",10AM to 8PM,9764246911
181,Trendy Makeover 181,Koregaon Park,4.2,742,High,"Hair Coloring, Highlights, Hair Spa",10AM to 11PM,9551437985
182,Royal Salon 182,Pimple Saudagar,4.6,1263,Low,"Bridal Makeup, Hair Styling, Skincare",8AM to 9PM,9213773676
183,Aura Salon 183,Shivaji Nagar,4,726,High,"Facial, Cleanup, Waxing, Threading",10AM to 10PM,9170924799
184,Luxury Studio 184,Aundh,4.5,882,Medium,"Haircut, Styling, Facial, Manicure, Pedicure",11AM to 11PM,9781531619
185,Trendy Studio 185,Pimple Saudagar,5,1384,Medium,"Haircut, Styling, Facial, Manicure, Pedicure",8AM to 10PM,9121309845
186,Royal Makeover 186,FC Road,3.8,115,Low,"Hair Spa, Coloring, Keratin, Smoothening",10AM to 9PM,9673881610
187,Royal Makeover 187,Viman Nagar,3.9,677,Low,"Haircut, Beard Trim, Cleanup",9AM to 11PM,9984520454
188,Aura Studio 188,Baner,4.7,219,Medium,"Facial, Cleanup, Waxing, Threading",8AM to 8PM,9757708253
189,Trendy Lounge 189,Koregaon Park,5,1314,Low,"Bridal Makeup, Hair Styling, Skincare",9AM to 9PM,9416351716
190,Royal Salon 190,Wakad,4.9,80,Medium,"Hair Coloring, Highlights, Hair Spa",10AM to 11PM,9398019961
191,Royal Salon 191,Wakad,4.4,234,Medium,"Bridal Makeup, Hair Styling, Skincare",9AM to 11PM,9685300085
192,Elite Makeover 192,Baner,4.4,1070,Low,"Facial, Cleanup, Waxing, Threading",8AM to 11PM,9950735605
193,Aura Salon 193,Sinhagad Road,4.8,1356,Medium,"Bridal Makeup, Hair Styling, Skincare",10AM to 9PM,9851146523
194,Aura Lounge 194,Aundh,3.7,64,Low,"Haircut, Beard Trim, Cleanup",9AM to 9PM,9202338749
195,Luxury Makeover 195,Magarpatta,4.3,529,Low,"Hair Coloring, Highlights, Hair Spa",10AM to 10PM,9932693696
196,Glow Salon 196,Koregaon Park,4.3,1175,High,"Haircut, Styling, Facial, Manicure, Pedicure",11AM to 10PM,9892878239
197,Glow Lounge 197,Baner,4.1,376,Low,"Facial, Cleanup, Waxing, Threading",9AM to 10PM,9135914642
198,Urban Lounge 198,Camp,4.6,413,Medium,"Haircut, Beard Trim, Cleanup",11AM to 8PM,9833851398
199,Trendy Lounge 199,FC Road,3.9,917,Low,"Hair Spa, Coloring, Keratin, Smoothening",10AM to 10PM,9194544964
200,Royal Makeover 200,Sinhagad Road,4.6,249,High,"Hair Spa, Coloring, Keratin, Smoothening",9AM to 11PM,9600926831
201,Luxury Studio 201,Sinhagad Road,3.8,717,Low,"Bridal Makeup, Hair Styling, Skincare",11AM to 11PM,9831227279
202,Aura Makeover 202,Baner,4.3,765,Medium,"Haircut, Beard Trim, Cleanup",11AM to 10PM,9393162545
203,Aura Studio 203,FC Road,4,69,Medium,"Haircut, Beard Trim, Cleanup",8AM to 9PM,9617095419
204,Luxury Makeover 204,FC Road,4.8,1033,Low,"Hair Coloring, Highlights, Hair Spa",11AM to 9PM,9815837823
205,Royal Studio 205,Hinjewadi,3.7,109,Medium,"Haircut, Beard Trim, Cleanup",11AM to 10PM,9851871443
206,Luxury Lounge 206,Shivaji Nagar,4.5,1079,High,"Hair Coloring, Highlights, Hair Spa",9AM to 8PM,9205968150
207,Aura Studio 207,Sinhagad Road,5,600,High,"Haircut, Styling, Facial, Manicure, Pedicure",9AM to 10PM,9210467794
208,Style Salon 208,Hadapsar,4.7,623,Low,"Haircut, Beard Trim, Cleanup",8AM to 11PM,9103553152
209,Urban Salon 209,Wakad,3.7,224,Medium,"Bridal Makeup, Hair Styling, Skincare",11AM to 10PM,9760038363
210,Royal Studio 210,Aundh,4.5,401,High,"Haircut, Beard Trim, Cleanup",9AM to 8PM,9913135627
211,Luxury Salon 211,Kothrud,4.4,1427,High,"Haircut, Beard Trim, Cleanup",9AM to 10PM,9853281334
212,Royal Studio 212,Magarpatta,4.3,1292,High,"Haircut, Beard Trim, Cleanup",9AM to 8PM,9381356975
213,Trendy Makeover 213,Camp,3.6,1382,Medium,"Hair Spa, Coloring, Keratin, Smoothening",10AM to 10PM,9174840087
214,Royal Lounge 214,Baner,4.9,779,Low,"Haircut, Styling, Facial, Manicure, Pedicure",8AM to 8PM,9599171655
215,Royal Makeover 215,Pimple Saudagar,3.7,648,Low,"Hair Spa, Coloring, Keratin, Smoothening",10AM to 9PM,9388967922
216,Elite Studio 216,Camp,4.8,1155,Low,"Facial, Cleanup, Waxing, Threading",11AM to 8PM,9926864434
217,Royal Makeover 217,Magarpatta,4.9,152,High,"Hair Coloring, Highlights, Hair Spa",9AM to 8PM,9350198684
218,Royal Salon 218,Pimple Saudagar,4,490,Medium,"Haircut, Styling, Facial, Manicure, Pedicure",10AM to 8PM,9121374730
219,Urban Salon 219,Sinhagad Road,4.1,532,High,"Haircut, Beard Trim, Cleanup",9AM to 8PM,9408740157
220,Trendy Makeover 220,Sinhagad Road,4.4,764,Low,"Facial, Cleanup, Waxing, Threading",8AM to 10PM,9840564901
221,Urban Lounge 221,Camp,4.7,1149,Medium,"Bridal Makeup, Hair Styling, Skincare",10AM to 11PM,9464440789
222,Elite Studio 222,FC Road,5,324,Medium,"Bridal Makeup, Hair Styling, Skincare",9AM to 9PM,9651300394
223,Aura Studio 223,Magarpatta,3.6,576,Low,"Hair Coloring, Highlights, Hair Spa",9AM to 8PM,9190915194
224,Elite Lounge 224,Kothrud,3.9,1089,Low,"Haircut, Styling, Facial, Manicure, Pedicure",9AM to 10PM,9852408751
225,Elite Makeover 225,Karve Nagar,4,390,High,"Haircut, Styling, Facial, Manicure, Pedicure",9AM to 9PM,9869651319
226,Urban Studio 226,Camp,4.7,849,High,"Facial, Cleanup, Waxing, Threading",11AM to 8PM,9426929191
227,Urban Studio 227,Wakad,3.9,622,Medium,"Bridal Makeup, Hair Styling, Skincare",11AM to 10PM,9311033831
228,Style Makeover 228,Sinhagad Road,3.8,1155,Low,"Facial, Cleanup, Waxing, Threading",11AM to 11PM,9616012945
229,Elite Lounge 229,Camp,4.5,1400,Low,"Hair Coloring, Highlights, Hair Spa",9AM to 8PM,9358827728
230,Luxury Lounge 230,Hadapsar,4.9,550,High,"Facial, Cleanup, Waxing, Threading",8AM to 10PM,9841566028
231,Trendy Studio 231,Aundh,3.8,1164,Low,"Facial, Cleanup, Waxing, Threading",11AM to 10PM,9231116060
232,Elite Salon 232,Karve Nagar,5,862,Medium,"Facial, Cleanup, Waxing, Threading",10AM to 11PM,9815048569
233,Urban Lounge 233,Hinjewadi,3.7,875,High,"Haircut, Beard Trim, Cleanup",9AM to 8PM,9548336930
234,Style Lounge 234,Aundh,4,329,High,"Haircut, Styling, Facial, Manicure, Pedicure",9AM to 8PM,9306710460
235,Glow Lounge 235,Hinjewadi,4.8,274,High,"Bridal Makeup, Hair Styling, Skincare",10AM to 8PM,9362786370
236,Urban Lounge 236,Magarpatta,4.2,1348,Medium,"Haircut, Styling, Facial, Manicure, Pedicure",8AM to 8PM,9148340761
237,Urban Makeover 237,Karve Nagar,4.7,245,High,"Haircut, Beard Trim, Cleanup",8AM to 11PM,9737933774
238,Royal Lounge 238,Baner,4.9,700,Low,"Haircut, Beard Trim, Cleanup",11AM to 8PM,9231712307
239,Trendy Salon 239,Magarpatta,4.5,1051,Low,"Hair Spa, Coloring, Keratin, Smoothening",8AM to 10PM,9633108702
240,Trendy Lounge 240,Viman Nagar,3.9,259,Low,"Hair Coloring, Highlights, Hair Spa",11AM to 10PM,9981201283
241,Royal Makeover 241,Hinjewadi,4.3,593,Low,"Bridal Makeup, Hair Styling, Skincare",10AM to 8PM,9587535845
242,Glow Lounge 242,Pimple Saudagar,3.6,556,High,"Haircut, Beard Trim, Cleanup",8AM to 10PM,9909520925
243,Glow Lounge 243,Camp,4.3,508,Low,"Haircut, Styling, Facial, Manicure, Pedicure",11AM to 9PM,9798720750
244,Aura Studio 244,Magarpatta,4.9,832,High,"Facial, Cleanup, Waxing, Threading",9AM to 8PM,9350426615
245,Urban Studio 245,Sinhagad Road,3.9,784,Low,"Haircut, Beard Trim, Cleanup",9AM to 11PM,9757541197
246,Urban Lounge 246,Magarpatta,4.6,644,Low,"Haircut, Styling, Facial, Manicure, Pedicure",8AM to 11PM,9922615186
247,Aura Lounge 247,Koregaon Park,3.9,179,Medium,"Haircut, Styling, Facial, Manicure, Pedicure",10AM to 9PM,9439234474
248,Elite Studio 248,Sinhagad Road,4.6,232,Medium,"Haircut, Styling, Facial, Manicure, Pedicure",9AM to 11PM,9201357038
249,Luxury Salon 249,Hadapsar,3.6,1080,High,"Facial, Cleanup, Waxing, Threading",8AM to 11PM,9702307279
250,Royal Salon 250,Aundh,5,456,Medium,"Haircut, Styling, Facial, Manicure, Pedicure",10AM to 9PM,9304118528
251,Royal Makeover 251,Baner,4.8,118,Medium,"Haircut, Beard Trim, Cleanup",9AM to 8PM,9499932853
252,Urban Lounge 252,FC Road,3.9,327,High,"Haircut, Beard Trim, Cleanup",11AM to 11PM,9125672514
253,Glow Salon 253,Sinhagad Road,3.9,704,Medium,"Haircut, Styling, Facial, Manicure, Pedicure",11AM to 11PM,9493073434
254,Luxury Salon 254,Koregaon Park,4.2,1239,Medium,"Bridal Makeup, Hair Styling, Skincare",11AM to 11PM,9988315031
255,Trendy Salon 255,Kothrud,4.2,390,Medium,"Haircut, Beard Trim, Cleanup",11AM to 10PM,9182225083
256,Elite Makeover 256,Kothrud,4.1,973,Low,"Haircut, Styling, Facial, Manicure, Pedicure",8AM to 8PM,9216986257
257,Luxury Makeover 257,Shivaji Nagar,4.8,626,High,"Haircut, Beard Trim, Cleanup",9AM to 8PM,9956281748
258,Luxury Studio 258,Baner,4.3,1244,Medium,"Facial, Cleanup, Waxing, Threading",11AM to 8PM,9560057701
259,Royal Lounge 259,Magarpatta,4.7,1181,Low,"Facial, Cleanup, Waxing, Threading",8AM to 10PM,9321265854
260,Urban Makeover 260,Hinjewadi,4.3,1289,High,"Facial, Cleanup, Waxing, Threading",10AM to 9PM,9904068302
261,Glow Lounge 261,Magarpatta,4.9,426,Low,"Haircut, Styling, Facial, Manicure, Pedicure",10AM to 9PM,9599605345
262,Glow Studio 262,Sinhagad Road,3.6,1318,Medium,"Hair Coloring, Highlights, Hair Spa",10AM to 8PM,9621141707
263,Glow Lounge 263,Viman Nagar,4,245,Low,"Haircut, Beard Trim, Cleanup",11AM to 11PM,9134449626
264,Style Lounge 264,Viman Nagar,3.9,1237,Low,"Haircut, Beard Trim, Cleanup",8AM to 8PM,9220981640
265,Glow Lounge 265,Viman Nagar,4.9,905,High,"Bridal Makeup, Hair Styling, Skincare",8AM to 10PM,9791554982
266,Trendy Lounge 266,Camp,4.6,1492,High,"Hair Spa, Coloring, Keratin, Smoothening",9AM to 9PM,9873062971
267,Style Makeover 267,FC Road,4.8,1499,Medium,"Hair Coloring, Highlights, Hair Spa",11AM to 10PM,9119769925
268,Royal Studio 268,Kothrud,4.1,557,High,"Hair Spa, Coloring, Keratin, Smoothening",9AM to 10PM,9873783191
269,Aura Studio 269,Baner,4,900,Low,"Hair Coloring, Highlights, Hair Spa",9AM to 8PM,9954336034
270,Trendy Salon 270,Aundh,3.9,819,Low,"Haircut, Styling, Facial, Manicure, Pedicure",10AM to 11PM,9162640700
271,Urban Lounge 271,Camp,4.9,95,High,"Haircut, Beard Trim, Cleanup",9AM to 8PM,9419450637
272,Elite Salon 272,Koregaon Park,4.8,453,Low,"Haircut, Styling, Facial, Manicure, Pedicure",10AM to 8PM,9391454539
273,Luxury Studio 273,Koregaon Park,3.9,548,Medium,"Facial, Cleanup, Waxing, Threading",10AM to 11PM,9280474209
274,Trendy Makeover 274,Hinjewadi,3.6,1469,High,"Facial, Cleanup, Waxing, Threading",10AM to 8PM,9261580868
275,Style Makeover 275,Sinhagad Road,4.1,355,Low,"Haircut, Beard Trim, Cleanup",8AM to 9PM,9466432268
276,Urban Lounge 276,Hadapsar,4.7,61,Medium,"Hair Coloring, Highlights, Hair Spa",11AM to 8PM,9789185850
277,Aura Makeover 277,Pimple Saudagar,4.2,1465,Medium,"Bridal Makeup, Hair Styling, Skincare",8AM to 9PM,9674274010
278,Aura Salon 278,Viman Nagar,4.6,263,Medium,"Bridal Makeup, Hair Styling, Skincare",10AM to 11PM,9167209106
279,Luxury Makeover 279,Shivaji Nagar,4.7,1415,Medium,"Facial, Cleanup, Waxing, Threading",9AM to 11PM,9861098406
280,Trendy Studio 280,Karve Nagar,4.7,1020,Medium,"Hair Spa, Coloring, Keratin, Smoothening",8AM to 8PM,9971616140
281,Elite Lounge 281,Koregaon Park,4.4,1447,High,"Facial, Cleanup, Waxing, Threading",9AM to 11PM,9608004237
282,Luxury Lounge 282,Baner,4.2,1187,Low,"Hair Spa, Coloring, Keratin, Smoothening",11AM to 10PM,9790484141
283,Glow Salon 283,Aundh,4.9,1141,High,"Hair Coloring, Highlights, Hair Spa",8AM to 11PM,9795856999
284,Aura Studio 284,Hadapsar,4.4,1375,Low,"Haircut, Styling, Facial, Manicure, Pedicure",10AM to 11PM,9861220153
285,Style Makeover 285,Pimple Saudagar,4.1,1365,Medium,"Hair Coloring, Highlights, Hair Spa",8AM to 11PM,9955679376
286,Royal Salon 286,Wakad,4,1435,Medium,"Facial, Cleanup, Waxing, Threading",8AM to 9PM,9648873259
287,Urban Lounge 287,Kothrud,5,1199,Low,"Facial, Cleanup, Waxing, Threading",8AM to 11PM,9736698434
288,Luxury Salon 288,Baner,4.9,65,Low,"Haircut, Beard Trim, Cleanup",8AM to 10PM,9147837678
289,Trendy Studio 289,Wakad,4.5,1308,High,"Haircut, Styling, Facial, Manicure, Pedicure",9AM to 10PM,9944981090
290,Royal Studio 290,Kothrud,3.9,358,Medium,"Bridal Makeup, Hair Styling, Skincare",11AM to 8PM,9303132794
291,Aura Studio 291,Camp,3.8,739,Low,"Hair Spa, Coloring, Keratin, Smoothening",9AM to 10PM,9866786410
292,Royal Makeover 292,Koregaon Park,4.2,665,Low,"Haircut, Beard Trim, Cleanup",11AM to 10PM,9664141910
293,Trendy Makeover 293,Shivaji Nagar,4.5,243,High,"Bridal Makeup, Hair Styling, Skincare",8AM to 11PM,9456643669
294,Trendy Studio 294,FC Road,4.3,1072,High,"Bridal Makeup, Hair Styling, Skincare",8AM to 9PM,9584554044
295,Aura Makeover 295,Karve Nagar,4.9,119,Medium,"Facial, Cleanup, Waxing, Threading",10AM to 9PM,9180829041
296,Luxury Salon 296,Pimple Saudagar,3.7,518,Low,"Hair Spa, Coloring, Keratin, Smoothening",8AM to 8PM,9313173937
297,Aura Studio 297,Sinhagad Road,4.6,871,High,"Facial, Cleanup, Waxing, Threading",9AM to 10PM,9181483537
298,Luxury Studio 298,Aundh,4.7,1331,Low,"Bridal Makeup, Hair Styling, Skincare",9AM to 10PM,9796178437
299,Style Studio 299,FC Road,4.9,1206,Medium,"Hair Spa, Coloring, Keratin, Smoothening",10AM to 9PM,9266936062
300,Aura Salon 300,Karve Nagar,3.7,998,High,"Haircut, Beard Trim, Cleanup",8AM to 11PM,9781387865
301,Aura Salon 301,Camp,4.9,956,Low,"Haircut, Beard Trim, Cleanup",10AM to 11PM,9990080062
302,Glow Lounge 302,Camp,4.5,381,High,"Haircut, Styling, Facial, Manicure, Pedicure",8AM to 8PM,9231109040
303,Elite Makeover 303,Pimple Saudagar,4.7,857,Low,"Hair Coloring, Highlights, Hair Spa",11AM to 9PM,9362235598
304,Urban Studio 304,FC Road,3.5,205,Low,"Haircut, Styling, Facial, Manicure, Pedicure",11AM to 8PM,9275682955
305,Trendy Makeover 305,Sinhagad Road,4.1,858,High,"Facial, Cleanup, Waxing, Threading",11AM to 11PM,9474281438
306,Urban Lounge 306,Sinhagad Road,4.3,1019,Low,"Hair Coloring, Highlights, Hair Spa",10AM to 10PM,9306702966
307,Glow Salon 307,Sinhagad Road,4.4,117,Medium,"Bridal Makeup, Hair Styling, Skincare",9AM to 9PM,9586719810
308,Aura Makeover 308,Camp,3.8,1176,High,"Haircut, Styling, Facial, Manicure, Pedicure",9AM to 9PM,9152813985
309,Luxury Salon 309,Shivaji Nagar,4.2,231,Low,"Hair Spa, Coloring, Keratin, Smoothening",11AM to 8PM,9356597099
310,Luxury Studio 310,Magarpatta,4.1,1102,Medium,"Bridal Makeup, Hair Styling, Skincare",10AM to 8PM,9888338782
311,Elite Lounge 311,Camp,3.6,588,Medium,"Haircut, Styling, Facial, Manicure, Pedicure",9AM to 9PM,9661817243
312,Elite Lounge 312,Kothrud,4.5,100,Medium,"Bridal Makeup, Hair Styling, Skincare",11AM to 8PM,9940164683
313,Royal Lounge 313,FC Road,4.5,488,Low,"Bridal Makeup, Hair Styling, Skincare",11AM to 8PM,9401957173
314,Elite Makeover 314,Aundh,3.9,845,Medium,"Haircut, Styling, Facial, Manicure, Pedicure",11AM to 11PM,9750016127
315,Luxury Lounge 315,Koregaon Park,4.6,1238,High,"Haircut, Beard Trim, Cleanup",10AM to 10PM,9858206511
316,Style Lounge 316,Karve Nagar,4.6,1166,Medium,"Facial, Cleanup, Waxing, Threading",8AM to 11PM,9843322931
317,Trendy Salon 317,FC Road,4.9,1290,Low,"Hair Coloring, Highlights, Hair Spa",8AM to 8PM,9269007994
318,Aura Studio 318,Hinjewadi,4.8,1191,Medium,"Facial, Cleanup, Waxing, Threading",8AM to 8PM,9744412945
319,Style Salon 319,Viman Nagar,5,202,Medium,"Haircut, Beard Trim, Cleanup",8AM to 9PM,9795025398
320,Elite Salon 320,Sinhagad Road,3.6,527,Medium,"Bridal Makeup, Hair Styling, Skincare",8AM to 10PM,9666700949
321,Urban Makeover 321,Koregaon Park,3.7,396,Medium,"Haircut, Styling, Facial, Manicure, Pedicure",9AM to 9PM,9579744274
322,Style Salon 322,Wakad,3.9,783,Medium,"Haircut, Beard Trim, Cleanup",10AM to 8PM,9618204407
323,Style Studio 323,Pimple Saudagar,3.9,994,High,"Facial, Cleanup, Waxing, Threading",11AM to 11PM,9862904461
324,Glow Makeover 324,Viman Nagar,3.5,237,Low,"Haircut, Styling, Facial, Manicure, Pedicure",10AM to 11PM,9664677684
325,Urban Makeover 325,Baner,3.8,212,High,"Hair Coloring, Highlights, Hair Spa",9AM to 10PM,9311755985
326,Luxury Studio 326,Aundh,4.6,576,Low,"Facial, Cleanup, Waxing, Threading",10AM to 10PM,9472841304
327,Trendy Salon 327,Baner,3.9,264,High,"Hair Coloring, Highlights, Hair Spa",11AM to 9PM,9252302750
328,Aura Studio 328,Koregaon Park,3.8,1109,Medium,"Bridal Makeup, Hair Styling, Skincare",9AM to 8PM,9945674113
329,Glow Studio 329,Hadapsar,4.7,1108,Low,"Haircut, Styling, Facial, Manicure, Pedicure",11AM to 11PM,9817531324
330,Royal Makeover 330,FC Road,3.9,1343,High,"Facial, Cleanup, Waxing, Threading",9AM to 8PM,9857893293
331,Glow Lounge 331,Camp,3.7,245,Low,"Hair Coloring, Highlights, Hair Spa",10AM to 9PM,9543148597
332,Elite Studio 332,Hadapsar,4.6,1463,High,"Haircut, Beard Trim, Cleanup",11AM to 10PM,9491557675
333,Aura Lounge 333,Sinhagad Road,4.2,1478,Medium,"Hair Coloring, Highlights, Hair Spa",9AM to 9PM,9153003245
334,Aura Studio 334,Wakad,4.7,971,High,"Haircut, Styling, Facial, Manicure, Pedicure",8AM to 10PM,9741987233
335,Urban Studio 335,Hadapsar,4.7,840,High,"Hair Spa, Coloring, Keratin, Smoothening",8AM to 9PM,9113259240
336,Elite Makeover 336,Sinhagad Road,3.5,173,High,"Hair Coloring, Highlights, Hair Spa",11AM to 10PM,9490095104
337,Trendy Studio 337,Hadapsar,5,826,Low,"Haircut, Styling, Facial, Manicure, Pedicure",10AM to 9PM,9158426417
338,Glow Salon 338,Hadapsar,4.1,1432,Medium,"Hair Coloring, Highlights, Hair Spa",10AM to 11PM,9100917685
339,Royal Lounge 339,Magarpatta,4.1,614,High,"Haircut, Styling, Facial, Manicure, Pedicure",9AM to 9PM,9209660215
340,Elite Salon 340,Pimple Saudagar,4.9,299,High,"Bridal Makeup, Hair Styling, Skincare",8AM to 8PM,9826766558
341,Luxury Makeover 341,Pimple Saudagar,4.5,826,Medium,"Facial, Cleanup, Waxing, Threading",10AM to 10PM,9686689996
342,Royal Salon 342,Kothrud,3.9,874,Medium,"Hair Coloring, Highlights, Hair Spa",9AM to 10PM,9186321766
343,Luxury Makeover 343,Viman Nagar,4.8,1365,Low,"Bridal Makeup, Hair Styling, Skincare",11AM to 10PM,9783945004
344,Glow Makeover 344,Shivaji Nagar,4.7,853,Low,"Haircut, Beard Trim, Cleanup",8AM to 11PM,9283130206
345,Style Lounge 345,Koregaon Park,4.2,828,High,"Hair Spa, Coloring, Keratin, Smoothening",11AM to 10PM,9361105864
346,Style Lounge 346,Wakad,4.3,760,Medium,"Hair Spa, Coloring, Keratin, Smoothening",11AM to 11PM,9651329281
347,Elite Makeover 347,Koregaon Park,4.4,697,High,"Hair Spa, Coloring, Keratin, Smoothening",8AM to 11PM,9988404774
348,Elite Salon 348,Baner,3.7,383,High,"Haircut, Beard Trim, Cleanup",11AM to 10PM,9343538608
349,Aura Lounge 349,Pimple Saudagar,4.9,1267,High,"Hair Coloring, Highlights, Hair Spa",8AM to 9PM,9633699088
350,Trendy Salon 350,Aundh,4.7,976,Low,"Haircut, Beard Trim, Cleanup",10AM to 10PM,9534767103
351,Style Salon 351,Hadapsar,4.7,27,Low,"Hair Coloring, Highlights, Hair Spa",9AM to 11PM,9152718318
352,Elite Lounge 352,Pimple Saudagar,4.2,1356,Medium,"Facial, Cleanup, Waxing, Threading",9AM to 8PM,9760063088
353,Luxury Lounge 353,Aundh,4.7,1137,Medium,"Facial, Cleanup, Waxing, Threading",9AM to 10PM,9582652416
354,Urban Studio 354,Shivaji Nagar,4.4,688,Low,"Hair Spa, Coloring, Keratin, Smoothening",11AM to 9PM,9699123614
355,Style Makeover 355,Aundh,4,50,Low,"Facial, Cleanup, Waxing, Threading",10AM to 9PM,9801140170
356,Style Lounge 356,Aundh,3.7,249,Medium,"Haircut, Beard Trim, Cleanup",11AM to 11PM,9717592114
357,Style Lounge 357,Aundh,3.7,37,Low,"Haircut, Beard Trim, Cleanup",11AM to 11PM,9559937592
358,Urban Makeover 358,Pimple Saudagar,3.7,717,High,"Haircut, Beard Trim, Cleanup",11AM to 11PM,9471108470
359,Luxury Lounge 359,Pimple Saudagar,3.8,1205,Medium,"Facial, Cleanup, Waxing, Threading",11AM to 10PM,9433904397
360,Glow Salon 360,Sinhagad Road,4.3,1146,High,"Facial, Cleanup, Waxing, Threading",9AM to 9PM,9682192902
361,Luxury Salon 361,Wakad,3.9,797,High,"Bridal Makeup, Hair Styling, Skincare",11AM to 11PM,9564193527
362,Trendy Makeover 362,Sinhagad Road,3.9,54,High,"Haircut, Styling, Facial, Manicure, Pedicure",9AM to 10PM,9779662060
363,Glow Studio 363,Hadapsar,4.2,1019,Low,"Haircut, Styling, Facial, Manicure, Pedicure",8AM to 9PM,9994669198
364,Urban Lounge 364,Aundh,4.6,1024,Low,"Haircut, Styling, Facial, Manicure, Pedicure",11AM to 10PM,9730981597
365,Elite Salon 365,Aundh,4.1,1255,Medium,"Haircut, Styling, Facial, Manicure, Pedicure",9AM to 8PM,9527127145
366,Elite Studio 366,Koregaon Park,3.6,722,Medium,"Haircut, Styling, Facial, Manicure, Pedicure",9AM to 11PM,9865924789
367,Luxury Makeover 367,Aundh,4.7,454,Medium,"Haircut, Styling, Facial, Manicure, Pedicure",8AM to 11PM,9339094052
368,Royal Studio 368,Hinjewadi,4.5,715,Low,"Haircut, Styling, Facial, Manicure, Pedicure",9AM to 9PM,9530768138
369,Style Lounge 369,Wakad,4.8,538,Low,"Facial, Cleanup, Waxing, Threading",8AM to 9PM,9110485941
370,Elite Salon 370,FC Road,3.8,49,Low,"Bridal Makeup, Hair Styling, Skincare",10AM to 8PM,9366372794
371,Royal Lounge 371,Shivaji Nagar,3.7,1050,Medium,"Hair Coloring, Highlights, Hair Spa",11AM to 8PM,9702051976
372,Trendy Makeover 372,Hadapsar,4.3,835,High,"Hair Coloring, Highlights, Hair Spa",10AM to 11PM,9538305204
373,Style Lounge 373,Camp,3.6,610,Low,"Haircut, Beard Trim, Cleanup",11AM to 10PM,9188257234
374,Style Makeover 374,Wakad,4.5,1103,Low,"Facial, Cleanup, Waxing, Threading",11AM to 9PM,9263861629
375,Urban Lounge 375,Shivaji Nagar,4.9,941,Low,"Bridal Makeup, Hair Styling, Skincare",8AM to 10PM,9355029388
376,Elite Studio 376,Hadapsar,3.6,935,High,"Hair Coloring, Highlights, Hair Spa",11AM to 9PM,9490526951
377,Glow Lounge 377,Viman Nagar,4.1,593,High,"Bridal Makeup, Hair Styling, Skincare",10AM to 9PM,9517506838
378,Urban Lounge 378,Camp,3.8,1023,Low,"Facial, Cleanup, Waxing, Threading",8AM to 8PM,9314354634
379,Royal Lounge 379,Sinhagad Road,3.8,1181,Medium,"Facial, Cleanup, Waxing, Threading",9AM to 8PM,9527621929
380,Urban Salon 380,Baner,4.5,1078,High,"Bridal Makeup, Hair Styling, Skincare",8AM to 10PM,9197348375
381,Glow Salon 381,Koregaon Park,4.3,1222,Medium,"Hair Coloring, Highlights, Hair Spa",8AM to 8PM,9369220770
382,Urban Lounge 382,Magarpatta,4.9,287,Medium,"Hair Coloring, Highlights, Hair Spa",8AM to 9PM,9260276253
383,Elite Studio 383,Hadapsar,5,1176,Low,"Haircut, Beard Trim, Cleanup",8AM to 9PM,9842010356
384,Glow Salon 384,Shivaji Nagar,4.3,1343,Low,"Facial, Cleanup, Waxing, Threading",10AM to 9PM,9431705408
385,Royal Lounge 385,FC Road,4.6,958,Low,"Facial, Cleanup, Waxing, Threading",9AM to 9PM,9510430224
386,Luxury Salon 386,Shivaji Nagar,3.8,444,Low,"Facial, Cleanup, Waxing, Threading",9AM to 9PM,9456280748
387,Style Studio 387,Hinjewadi,3.6,922,Medium,"Bridal Makeup, Hair Styling, Skincare",10AM to 8PM,9767746425
388,Aura Salon 388,Hadapsar,4.6,280,Medium,"Hair Coloring, Highlights, Hair Spa",9AM to 8PM,9759392711
389,Trendy Salon 389,Kothrud,4.8,1018,Low,"Facial, Cleanup, Waxing, Threading",9AM to 9PM,9419651223
390,Elite Studio 390,Pimple Saudagar,4.3,1156,Low,"Facial, Cleanup, Waxing, Threading",8AM to 11PM,9398103542
391,Glow Makeover 391,FC Road,4,371,Medium,"Haircut, Styling, Facial, Manicure, Pedicure",10AM to 10PM,9797764551
392,Aura Salon 392,Camp,3.6,1257,Low,"Hair Coloring, Highlights, Hair Spa",8AM to 11PM,9432221806
393,Elite Lounge 393,Magarpatta,4.7,711,High,"Facial, Cleanup, Waxing, Threading",8AM to 8PM,9548931435
394,Aura Lounge 394,FC Road,4,173,High,"Haircut, Beard Trim, Cleanup",11AM to 11PM,9993635748
395,Elite Studio 395,Sinhagad Road,3.8,120,Low,"Haircut, Styling, Facial, Manicure, Pedicure",9AM to 11PM,9237014118
396,Aura Salon 396,Koregaon Park,4.5,136,Low,"Haircut, Beard Trim, Cleanup",8AM to 8PM,9490030234
397,Style Lounge 397,Camp,4.4,1379,Medium,"Bridal Makeup, Hair Styling, Skincare",11AM to 10PM,9273865454
398,Urban Lounge 398,Baner,4.4,638,Medium,"Bridal Makeup, Hair Styling, Skincare",11AM to 8PM,9250093415
399,Royal Salon 399,Baner,4.2,427,Low,"Haircut, Beard Trim, Cleanup",9AM to 11PM,9136093662
400,Luxury Studio 400,Camp,4.8,497,High,"Haircut, Beard Trim, Cleanup",11AM to 8PM,9272568189
401,Aura Salon 401,Baner,4.8,979,High,"Haircut, Styling, Facial, Manicure, Pedicure",9AM to 9PM,9607837085
402,Trendy Lounge 402,Viman Nagar,4,1209,High,"Hair Spa, Coloring, Keratin, Smoothening",11AM to 10PM,9184741498
403,Elite Salon 403,Baner,3.8,691,Low,"Haircut, Styling, Facial, Manicure, Pedicure",10AM to 9PM,9426358862
404,Elite Makeover 404,Viman Nagar,3.7,1035,High,"Hair Spa, Coloring, Keratin, Smoothening",11AM to 11PM,9952902367
405,Elite Salon 405,Magarpatta,4.8,1295,High,"Hair Spa, Coloring, Keratin, Smoothening",10AM to 8PM,9654527235
406,Trendy Studio 406,Shivaji Nagar,3.8,171,Medium,"Hair Spa, Coloring, Keratin, Smoothening",11AM to 11PM,9861138313
407,Elite Studio 407,FC Road,3.7,143,High,"Haircut, Beard Trim, Cleanup",8AM to 8PM,9390298662
408,Luxury Studio 408,Shivaji Nagar,4.5,100,High,"Haircut, Styling, Facial, Manicure, Pedicure",8AM to 8PM,9458646550
409,Urban Makeover 409,Wakad,3.7,845,High,"Haircut, Beard Trim, Cleanup",11AM to 8PM,9519025088
410,Urban Makeover 410,Aundh,4.1,1200,Low,"Bridal Makeup, Hair Styling, Skincare",11AM to 10PM,9577138742
411,Royal Salon 411,Magarpatta,5,107,Medium,"Facial, Cleanup, Waxing, Threading",8AM to 10PM,9256599530
412,Urban Studio 412,Hinjewadi,4.9,819,High,"Bridal Makeup, Hair Styling, Skincare",9AM to 8PM,9250500230
413,Trendy Salon 413,Koregaon Park,4.3,1047,High,"Hair Coloring, Highlights, Hair Spa",8AM to 10PM,9791836251
414,Trendy Lounge 414,Kothrud,4.1,1492,High,"Bridal Makeup, Hair Styling, Skincare",8AM to 10PM,9278126030
415,Luxury Makeover 415,Wakad,4.7,439,Medium,"Facial, Cleanup, Waxing, Threading",10AM to 11PM,9257755771
416,Luxury Makeover 416,Hinjewadi,4.9,803,High,"Haircut, Styling, Facial, Manicure, Pedicure",9AM to 9PM,9283341904
417,Royal Lounge 417,Shivaji Nagar,4,659,Low,"Haircut, Beard Trim, Cleanup",9AM to 11PM,9302653200
418,Style Lounge 418,Koregaon Park,4.7,51,Low,"Hair Spa, Coloring, Keratin, Smoothening",9AM to 11PM,9664096908
419,Urban Salon 419,Pimple Saudagar,4.8,380,Medium,"Facial, Cleanup, Waxing, Threading",9AM to 9PM,9823661775
420,Trendy Studio 420,Wakad,4.1,373,High,"Bridal Makeup, Hair Styling, Skincare",10AM to 10PM,9309280310
421,Royal Makeover 421,Magarpatta,4.7,350,Low,"Hair Coloring, Highlights, Hair Spa",11AM to 8PM,9893290779
422,Urban Makeover 422,Shivaji Nagar,3.6,1163,Medium,"Hair Coloring, Highlights, Hair Spa",8AM to 8PM,9317391948
423,Glow Lounge 423,Kothrud,4.7,72,Low,"Haircut, Beard Trim, Cleanup",9AM to 8PM,9997512516
424,Style Lounge 424,Sinhagad Road,4.9,88,High,"Haircut, Styling, Facial, Manicure, Pedicure",8AM to 11PM,9810840316
425,Glow Studio 425,Koregaon Park,4.4,608,Medium,"Hair Coloring, Highlights, Hair Spa",10AM to 9PM,9823758806
426,Luxury Studio 426,Hadapsar,4,702,Medium,"Hair Coloring, Highlights, Hair Spa",10AM to 9PM,9485203280
427,Glow Salon 427,Magarpatta,4.9,1437,Medium,"Bridal Makeup, Hair Styling, Skincare",9AM to 10PM,9908009496
428,Glow Makeover 428,Koregaon Park,4.7,777,Medium,"Haircut, Styling, Facial, Manicure, Pedicure",11AM to 8PM,9769325123
429,Aura Makeover 429,Baner,4.6,1277,Medium,"Hair Coloring, Highlights, Hair Spa",10AM to 9PM,9320139229
430,Glow Makeover 430,Magarpatta,4.8,1046,Low,"Hair Spa, Coloring, Keratin, Smoothening",10AM to 11PM,9818085144
431,Luxury Makeover 431,Hinjewadi,4.8,1126,Low,"Facial, Cleanup, Waxing, Threading",11AM to 9PM,9995465382
432,Glow Salon 432,Magarpatta,3.7,50,Low,"Haircut, Beard Trim, Cleanup",11AM to 10PM,9723139522
433,Elite Salon 433,Shivaji Nagar,4.8,648,High,"Facial, Cleanup, Waxing, Threading",8AM to 11PM,9194590661
434,Urban Makeover 434,Sinhagad Road,4.6,1255,Low,"Bridal Makeup, Hair Styling, Skincare",8AM to 11PM,9199904498
435,Style Lounge 435,Wakad,4,1313,Low,"Hair Spa, Coloring, Keratin, Smoothening",10AM to 8PM,9570873933
436,Aura Salon 436,Baner,4.1,1130,High,"Facial, Cleanup, Waxing, Threading",9AM to 8PM,9891431563
437,Royal Studio 437,Kothrud,4.2,455,Medium,"Haircut, Beard Trim, Cleanup",8AM to 10PM,9164117250
438,Trendy Studio 438,Wakad,4,1196,High,"Haircut, Styling, Facial, Manicure, Pedicure",8AM to 10PM,9818816768
439,Aura Makeover 439,Viman Nagar,5,35,Low,"Hair Coloring, Highlights, Hair Spa",8AM to 8PM,9251139748
440,Aura Makeover 440,Viman Nagar,4.2,133,High,"Hair Spa, Coloring, Keratin, Smoothening",9AM to 10PM,9810443114
441,Trendy Studio 441,Sinhagad Road,4.9,412,High,"Hair Coloring, Highlights, Hair Spa",9AM to 11PM,9731659800
442,Royal Salon 442,Koregaon Park,4.6,1022,High,"Haircut, Beard Trim, Cleanup",11AM to 10PM,9306008680
443,Trendy Salon 443,Aundh,3.6,1482,Medium,"Haircut, Beard Trim, Cleanup",10AM to 9PM,9167964995
444,Aura Salon 444,FC Road,4.4,491,High,"Bridal Makeup, Hair Styling, Skincare",9AM to 11PM,9941582108
445,Style Makeover 445,Sinhagad Road,3.5,894,Low,"Facial, Cleanup, Waxing, Threading",9AM to 8PM,9322566899
446,Luxury Lounge 446,Baner,3.5,288,Low,"Haircut, Beard Trim, Cleanup",10AM to 10PM,9335346014
447,Luxury Salon 447,Camp,3.6,573,High,"Hair Coloring, Highlights, Hair Spa",9AM to 9PM,9160193227
448,Urban Lounge 448,Sinhagad Road,3.7,649,High,"Hair Spa, Coloring, Keratin, Smoothening",9AM to 10PM,9775056757
449,Aura Salon 449,Kothrud,3.9,438,High,"Haircut, Beard Trim, Cleanup",10AM to 10PM,9988836015
450,Elite Makeover 450,FC Road,4.7,1022,Low,"Facial, Cleanup, Waxing, Threading",10AM to 11PM,9675959763
451,Glow Lounge 451,Aundh,4.8,159,Low,"Facial, Cleanup, Waxing, Threading",10AM to 8PM,9952943430
452,Royal Salon 452,FC Road,4.7,999,High,"Haircut, Styling, Facial, Manicure, Pedicure",11AM to 10PM,9325851969
453,Luxury Salon 453,Hadapsar,4.4,637,Medium,"Facial, Cleanup, Waxing, Threading",11AM to 10PM,9879560227
454,Style Makeover 454,Baner,3.6,880,Medium,"Bridal Makeup, Hair Styling, Skincare",10AM to 8PM,9996529994
455,Elite Makeover 455,Shivaji Nagar,4.7,991,Medium,"Facial, Cleanup, Waxing, Threading",8AM to 9PM,9837472559
456,Luxury Studio 456,Sinhagad Road,3.8,1283,Medium,"Haircut, Styling, Facial, Manicure, Pedicure",10AM to 10PM,9781023717
457,Urban Lounge 457,Camp,3.7,534,Medium,"Facial, Cleanup, Waxing, Threading",8AM to 9PM,9592405023
458,Trendy Salon 458,Koregaon Park,4.2,319,Low,"Hair Spa, Coloring, Keratin, Smoothening",10AM to 8PM,9773638634
459,Style Lounge 459,Shivaji Nagar,4.4,1000,Medium,"Haircut, Beard Trim, Cleanup",8AM to 10PM,9158418486
460,Aura Lounge 460,Shivaji Nagar,4.6,37,Medium,"Hair Spa, Coloring, Keratin, Smoothening",9AM to 10PM,9584887234
461,Trendy Lounge 461,Hinjewadi,4.1,874,High,"Haircut, Beard Trim, Cleanup",8AM to 10PM,9271730971
462,Trendy Studio 462,Baner,4.5,901,Low,"Hair Coloring, Highlights, Hair Spa",8AM to 8PM,9938453256
463,Aura Lounge 463,Koregaon Park,4.7,1450,High,"Haircut, Beard Trim, Cleanup",10AM to 10PM,9546247499
464,Luxury Studio 464,Viman Nagar,4.7,1165,Medium,"Haircut, Beard Trim, Cleanup",10AM to 11PM,9242545303
465,Style Makeover 465,Shivaji Nagar,4.9,1400,Low,"Haircut, Beard Trim, Cleanup",8AM to 11PM,9504674497
466,Royal Makeover 466,Koregaon Park,4.1,753,Low,"Hair Coloring, Highlights, Hair Spa",10AM to 8PM,9347490414
467,Trendy Salon 467,Hinjewadi,4.8,559,Low,"Haircut, Styling, Facial, Manicure, Pedicure",8AM to 8PM,9561503416
468,Trendy Studio 468,Hadapsar,4.7,687,Medium,"Facial, Cleanup, Waxing, Threading",10AM to 10PM,9665576335
469,Trendy Salon 469,Wakad,4.5,934,High,"Hair Coloring, Highlights, Hair Spa",11AM to 10PM,9992853886
470,Royal Lounge 470,Kothrud,4.5,306,Medium,"Haircut, Styling, Facial, Manicure, Pedicure",10AM to 11PM,9208006187
471,Aura Lounge 471,Shivaji Nagar,3.9,823,Low,"Hair Coloring, Highlights, Hair Spa",8AM to 11PM,9417034266
472,Style Lounge 472,Camp,3.8,1386,Low,"Haircut, Beard Trim, Cleanup",10AM to 11PM,9971308146
473,Aura Salon 473,Hadapsar,3.9,63,Low,"Bridal Makeup, Hair Styling, Skincare",11AM to 10PM,9866047760
474,Trendy Salon 474,FC Road,4.9,1434,Medium,"Haircut, Styling, Facial, Manicure, Pedicure",8AM to 9PM,9794578530
475,Urban Studio 475,Karve Nagar,4.2,461,Low,"Hair Spa, Coloring, Keratin, Smoothening",9AM to 8PM,9882013235
476,Urban Salon 476,Aundh,4.9,741,Low,"Hair Spa, Coloring, Keratin, Smoothening",11AM to 9PM,9166922027
477,Royal Studio 477,Aundh,4.2,804,Medium,"Hair Coloring, Highlights, Hair Spa",8AM to 10PM,9949613503
478,Style Studio 478,Magarpatta,4.4,1326,Low,"Hair Coloring, Highlights, Hair Spa",11AM to 9PM,9576444712
479,Trendy Salon 479,Koregaon Park,3.7,1223,High,"Haircut, Beard Trim, Cleanup",8AM to 8PM,9906684124
480,Trendy Salon 480,Pimple Saudagar,3.9,1157,Medium,"Bridal Makeup, Hair Styling, Skincare",8AM to 9PM,9969209250
481,Royal Salon 481,Magarpatta,4.8,712,Medium,"Haircut, Styling, Facial, Manicure, Pedicure",8AM to 9PM,9295377403
482,Trendy Salon 482,Hinjewadi,4.5,1267,Medium,"Haircut, Styling, Facial, Manicure, Pedicure",9AM to 10PM,9410916242
483,Trendy Salon 483,Magarpatta,4.2,438,High,"Bridal Makeup, Hair Styling, Skincare",10AM to 9PM,9606115757
484,Glow Makeover 484,Camp,4.9,1155,Medium,"Bridal Makeup, Hair Styling, Skincare",8AM to 9PM,9574459577
485,Luxury Salon 485,Hinjewadi,4,156,Low,"Hair Spa, Coloring, Keratin, Smoothening",11AM to 11PM,9789753024
486,Royal Lounge 486,Magarpatta,4.3,1301,High,"Bridal Makeup, Hair Styling, Skincare",10AM to 9PM,9573530708
487,Style Lounge 487,Sinhagad Road,3.9,989,High,"Bridal Makeup, Hair Styling, Skincare",10AM to 11PM,9380751217
488,Royal Makeover 488,Kothrud,4.4,392,Medium,"Hair Spa, Coloring, Keratin, Smoothening",10AM to 9PM,9763823337
489,Style Studio 489,Baner,4.3,944,Medium,"Haircut, Beard Trim, Cleanup",8AM to 10PM,9959586255
490,Trendy Lounge 490,Koregaon Park,3.8,910,Medium,"Bridal Makeup, Hair Styling, Skincare",8AM to 9PM,9812576107
491,Style Makeover 491,Magarpatta,4.3,184,High,"Haircut, Beard Trim, Cleanup",8AM to 9PM,9496570281
492,Glow Studio 492,Sinhagad Road,4.5,291,High,"Haircut, Beard Trim, Cleanup",9AM to 10PM,9710010035
493,Glow Salon 493,Viman Nagar,4.1,932,Medium,"Bridal Makeup, Hair Styling, Skincare",9AM to 8PM,9164890992
494,Glow Studio 494,Hinjewadi,4.5,397,Medium,"Hair Coloring, Highlights, Hair Spa",9AM to 10PM,9697738319
495,Glow Salon 495,Magarpatta,4.4,1053,Low,"Bridal Makeup, Hair Styling, Skincare",8AM to 9PM,9192051567
496,Aura Salon 496,Shivaji Nagar,3.6,1387,Low,"Haircut, Styling, Facial, Manicure, Pedicure",8AM to 8PM,9496981685
497,Aura Studio 497,Wakad,3.6,896,High,"Facial, Cleanup, Waxing, Threading",11AM to 8PM,9860262790
498,Trendy Studio 498,Camp,5,294,High,"Haircut, Beard Trim, Cleanup",11AM to 10PM,9420359037
499,Luxury Lounge 499,Hinjewadi,4.3,117,Low,"Haircut, Styling, Facial, Manicure, Pedicure",10AM to 8PM,9669754464
500,Trendy Makeover 500,Pimple Saudagar,5,449,High,"Bridal Makeup, Hair Styling, Skincare",10AM to 11PM,9695211266
501,Elite Salon 501,Aundh,4.6,366,Low,"Facial, Cleanup, Waxing, Threading",9AM to 11PM,9961013339
502,Style Makeover 502,Baner,4.6,252,Low,"Bridal Makeup, Hair Styling, Skincare",11AM to 10PM,9683759264
503,Glow Salon 503,Hadapsar,4.2,1346,High,"Hair Coloring, Highlights, Hair Spa",8AM to 10PM,9748339779
504,Trendy Studio 504,Wakad,3.5,862,Medium,"Hair Spa, Coloring, Keratin, Smoothening",11AM to 11PM,9472595897
505,Urban Salon 505,Sinhagad Road,4.5,573,Low,"Facial, Cleanup, Waxing, Threading",10AM to 11PM,9306973015
506,Urban Lounge 506,Pimple Saudagar,3.9,998,Medium,"Facial, Cleanup, Waxing, Threading",11AM to 8PM,9607051044
507,Elite Lounge 507,Sinhagad Road,4.1,931,Medium,"Bridal Makeup, Hair Styling, Skincare",10AM to 9PM,9767520288
508,Style Studio 508,Camp,4.7,1480,Medium,"Hair Spa, Coloring, Keratin, Smoothening",8AM to 10PM,9283863271
509,Glow Lounge 509,Hinjewadi,4.7,839,Low,"Haircut, Beard Trim, Cleanup",9AM to 9PM,9392892202
510,Elite Salon 510,Aundh,3.9,361,Medium,"Hair Spa, Coloring, Keratin, Smoothening",10AM to 8PM,9486143847
511,Royal Salon 511,Aundh,4.5,905,Low,"Hair Coloring, Highlights, Hair Spa",9AM to 10PM,9742340308
512,Trendy Makeover 512,Aundh,4.1,828,High,"Hair Spa, Coloring, Keratin, Smoothening",11AM to 11PM,9703618500
513,Royal Studio 513,Viman Nagar,3.5,903,High,"Hair Coloring, Highlights, Hair Spa",10AM to 8PM,9665716537
514,Elite Lounge 514,Koregaon Park,3.6,780,High,"Haircut, Styling, Facial, Manicure, Pedicure",11AM to 9PM,9170450682
515,Urban Studio 515,FC Road,3.8,802,Low,"Haircut, Beard Trim, Cleanup",9AM to 9PM,9208446822
516,Trendy Studio 516,Aundh,4.8,498,Low,"Hair Coloring, Highlights, Hair Spa",10AM to 9PM,9618667379
517,Urban Salon 517,Koregaon Park,3.5,1136,High,"Haircut, Styling, Facial, Manicure, Pedicure",8AM to 11PM,9378091143
518,Elite Salon 518,Koregaon Park,4.5,1037,Low,"Haircut, Beard Trim, Cleanup",9AM to 9PM,9899497930
519,Royal Studio 519,Karve Nagar,4.8,669,High,"Haircut, Beard Trim, Cleanup",10AM to 10PM,9211880318
520,Royal Makeover 520,Wakad,3.7,491,Low,"Bridal Makeup, Hair Styling, Skincare",9AM to 10PM,9560177493
521,Glow Studio 521,Camp,4.6,800,High,"Haircut, Styling, Facial, Manicure, Pedicure",10AM to 9PM,9479868825
522,Glow Makeover 522,Koregaon Park,4.3,948,High,"Hair Coloring, Highlights, Hair Spa",9AM to 11PM,9606960066
523,Urban Studio 523,Wakad,4.4,766,High,"Hair Coloring, Highlights, Hair Spa",9AM to 10PM,9298923003
524,Aura Studio 524,Wakad,3.8,718,Medium,"Haircut, Beard Trim, Cleanup",8AM to 10PM,9468589631
525,Elite Studio 525,Wakad,4.7,869,Medium,"Hair Spa, Coloring, Keratin, Smoothening",10AM to 8PM,9428556001
526,Glow Makeover 526,Karve Nagar,4.4,1467,Medium,"Haircut, Beard Trim, Cleanup",11AM to 9PM,9515727904
527,Elite Studio 527,Aundh,4.8,1267,Low,"Haircut, Styling, Facial, Manicure, Pedicure",9AM to 8PM,9680025241
528,Style Lounge 528,Sinhagad Road,4,657,Low,"Haircut, Styling, Facial, Manicure, Pedicure",11AM to 10PM,9793899529
529,Luxury Lounge 529,Koregaon Park,3.8,1297,High,"Haircut, Styling, Facial, Manicure, Pedicure",11AM to 9PM,9781926934
530,Aura Salon 530,Shivaji Nagar,4.4,1479,Low,"Bridal Makeup, Hair Styling, Skincare",9AM to 10PM,9243474484
531,Elite Salon 531,Sinhagad Road,4.3,1413,High,"Haircut, Beard Trim, Cleanup",10AM to 10PM,9912574339
532,Royal Studio 532,Baner,4.6,748,High,"Facial, Cleanup, Waxing, Threading",11AM to 9PM,9389736375
533,Trendy Salon 533,Kothrud,3.6,1184,Low,"Haircut, Beard Trim, Cleanup",8AM to 10PM,9991321010
534,Style Makeover 534,Pimple Saudagar,4.8,1208,Low,"Hair Spa, Coloring, Keratin, Smoothening",9AM to 11PM,9276281039
535,Style Salon 535,Shivaji Nagar,5,586,Medium,"Haircut, Beard Trim, Cleanup",11AM to 10PM,9664077172
536,Luxury Salon 536,Hinjewadi,4.9,1491,High,"Hair Coloring, Highlights, Hair Spa",9AM to 11PM,9954529952
537,Style Makeover 537,Shivaji Nagar,4.2,43,High,"Hair Spa, Coloring, Keratin, Smoothening",8AM to 9PM,9259062557
538,Luxury Lounge 538,Viman Nagar,4.9,741,Low,"Haircut, Beard Trim, Cleanup",8AM to 8PM,9731355281
539,Elite Studio 539,Sinhagad Road,4.4,975,Medium,"Haircut, Styling, Facial, Manicure, Pedicure",11AM to 11PM,9551999237
540,Aura Makeover 540,Pimple Saudagar,5,1278,Medium,"Haircut, Beard Trim, Cleanup",11AM to 11PM,9969125953
541,Glow Salon 541,Magarpatta,3.9,383,Low,"Facial, Cleanup, Waxing, Threading",9AM to 9PM,9227671550
542,Luxury Lounge 542,FC Road,4.7,935,Low,"Haircut, Styling, Facial, Manicure, Pedicure",9AM to 11PM,9532283928
543,Urban Salon 543,Aundh,3.9,409,Low,"Haircut, Styling, Facial, Manicure, Pedicure",8AM to 10PM,9272943064
544,Aura Studio 544,Baner,3.9,702,Low,"Hair Coloring, Highlights, Hair Spa",11AM to 10PM,9569807083
545,Glow Makeover 545,Karve Nagar,3.9,702,Medium,"Hair Coloring, Highlights, Hair Spa",8AM to 8PM,9280878909
546,Luxury Studio 546,Sinhagad Road,4.9,330,Medium,"Hair Spa, Coloring, Keratin, Smoothening",10AM to 11PM,9347489162
547,Glow Salon 547,Koregaon Park,3.9,1311,High,"Hair Coloring, Highlights, Hair Spa",9AM to 8PM,9346306380
548,Aura Studio 548,Shivaji Nagar,3.7,729,Medium,"Facial, Cleanup, Waxing, Threading",10AM to 11PM,9674674242
549,Urban Makeover 549,Camp,4.7,736,Low,"Bridal Makeup, Hair Styling, Skincare",11AM to 11PM,9311747684
550,Royal Salon 550,Hadapsar,4,1447,High,"Hair Coloring, Highlights, Hair Spa",9AM to 8PM,9756377712
551,Glow Studio 551,Viman Nagar,4.4,395,High,"Hair Spa, Coloring, Keratin, Smoothening",11AM to 9PM,9911129267
552,Aura Salon 552,Aundh,3.8,905,Medium,"Haircut, Styling, Facial, Manicure, Pedicure",9AM to 10PM,9302767439
553,Royal Salon 553,Koregaon Park,4.6,1413,Low,"Hair Coloring, Highlights, Hair Spa",9AM to 11PM,9141245320
554,Glow Salon 554,Magarpatta,4.2,784,Medium,"Bridal Makeup, Hair Styling, Skincare",10AM to 11PM,9323393253
555,Elite Salon 555,Viman Nagar,4.7,1469,High,"Haircut, Beard Trim, Cleanup",9AM to 9PM,9981640863
556,Trendy Makeover 556,Magarpatta,4,1151,High,"Haircut, Styling, Facial, Manicure, Pedicure",8AM to 9PM,9813132964
557,Royal Studio 557,Shivaji Nagar,4.4,1060,Low,"Haircut, Beard Trim, Cleanup",11AM to 10PM,9633808743
558,Elite Lounge 558,Hadapsar,3.9,102,Medium,"Bridal Makeup, Hair Styling, Skincare",10AM to 9PM,9723100460
559,Elite Lounge 559,Pimple Saudagar,3.7,749,Medium,"Hair Coloring, Highlights, Hair Spa",11AM to 9PM,9859858259
560,Elite Lounge 560,Hinjewadi,4.9,225,Medium,"Facial, Cleanup, Waxing, Threading",9AM to 8PM,9947622096
561,Aura Makeover 561,Camp,4.8,759,High,"Hair Spa, Coloring, Keratin, Smoothening",11AM to 8PM,9987704761
562,Glow Studio 562,Wakad,4.7,501,Medium,"Hair Coloring, Highlights, Hair Spa",10AM to 8PM,9358326939
563,Elite Lounge 563,Karve Nagar,4.3,786,Medium,"Bridal Makeup, Hair Styling, Skincare",8AM to 11PM,9720478232
564,Royal Studio 564,Wakad,3.9,784,Low,"Haircut, Styling, Facial, Manicure, Pedicure",8AM to 10PM,9293112406
565,Urban Salon 565,Hadapsar,4.6,1328,Medium,"Facial, Cleanup, Waxing, Threading",9AM to 11PM,9710222557
566,Elite Salon 566,Camp,3.9,1195,High,"Bridal Makeup, Hair Styling, Skincare",9AM to 9PM,9822649342
567,Urban Salon 567,Sinhagad Road,5,1198,Medium,"Hair Coloring, Highlights, Hair Spa",10AM to 8PM,9311268993
568,Urban Lounge 568,Kothrud,4.8,812,Low,"Haircut, Styling, Facial, Manicure, Pedicure",8AM to 11PM,9660604067
569,Royal Lounge 569,Shivaji Nagar,4,895,Medium,"Haircut, Styling, Facial, Manicure, Pedicure",11AM to 10PM,9940649678
570,Urban Studio 570,Shivaji Nagar,4.9,371,Medium,"Hair Spa, Coloring, Keratin, Smoothening",10AM to 8PM,9446122185
571,Royal Makeover 571,Wakad,4.4,1500,High,"Haircut, Styling, Facial, Manicure, Pedicure",10AM to 11PM,9517366864
572,Urban Salon 572,Hadapsar,3.8,868,High,"Haircut, Styling, Facial, Manicure, Pedicure",8AM to 8PM,9862278458
573,Trendy Studio 573,Aundh,4.3,1240,High,"Hair Coloring, Highlights, Hair Spa",10AM to 9PM,9814254921
574,Trendy Studio 574,Hinjewadi,4.2,57,Low,"Bridal Makeup, Hair Styling, Skincare",10AM to 8PM,9858802680
575,Urban Makeover 575,Sinhagad Road,4.4,494,High,"Facial, Cleanup, Waxing, Threading",8AM to 9PM,9429087994
576,Glow Makeover 576,Pimple Saudagar,4.8,268,High,"Haircut, Beard Trim, Cleanup",10AM to 8PM,9730691668
577,Trendy Makeover 577,Karve Nagar,3.8,266,Medium,"Haircut, Beard Trim, Cleanup",9AM to 9PM,9979548459
578,Trendy Lounge 578,Magarpatta,3.9,29,Medium,"Facial, Cleanup, Waxing, Threading",8AM to 10PM,9586171145
579,Trendy Lounge 579,Baner,4.8,952,Medium,"Hair Coloring, Highlights, Hair Spa",8AM to 11PM,9534017761
580,Urban Studio 580,Kothrud,3.8,448,Low,"Haircut, Styling, Facial, Manicure, Pedicure",10AM to 9PM,9291207985
581,Royal Lounge 581,Camp,4.1,754,Medium,"Haircut, Beard Trim, Cleanup",10AM to 11PM,9691660352
582,Aura Makeover 582,Viman Nagar,4.5,971,Medium,"Hair Coloring, Highlights, Hair Spa",9AM to 9PM,9998134238
583,Glow Lounge 583,Magarpatta,3.7,160,High,"Haircut, Styling, Facial, Manicure, Pedicure",11AM to 10PM,9890854573
584,Royal Makeover 584,Pimple Saudagar,3.7,1264,Low,"Hair Spa, Coloring, Keratin, Smoothening",8AM to 9PM,9512600099
585,Royal Lounge 585,Baner,4.8,274,Medium,"Bridal Makeup, Hair Styling, Skincare",11AM to 11PM,9377712077
586,Elite Salon 586,Magarpatta,4.3,1406,Medium,"Hair Coloring, Highlights, Hair Spa",9AM to 11PM,9124570805
587,Glow Lounge 587,Sinhagad Road,3.9,1259,High,"Hair Coloring, Highlights, Hair Spa",10AM to 10PM,9457153846
588,Glow Lounge 588,Aundh,4.7,965,Medium,"Bridal Makeup, Hair Styling, Skincare",9AM to 8PM,9982677491
589,Luxury Lounge 589,Magarpatta,3.6,1401,High,"Hair Coloring, Highlights, Hair Spa",9AM to 11PM,9933920051
590,Royal Makeover 590,FC Road,4.6,175,Low,"Haircut, Beard Trim, Cleanup",10AM to 9PM,9562981773
591,Style Studio 591,Pimple Saudagar,3.6,229,Medium,"Haircut, Beard Trim, Cleanup",8AM to 11PM,9838097387
592,Trendy Salon 592,Karve Nagar,3.6,369,High,"Facial, Cleanup, Waxing, Threading",8AM to 10PM,9236735659
593,Luxury Makeover 593,Camp,4,499,High,"Hair Spa, Coloring, Keratin, Smoothening",11AM to 10PM,9294562596
594,Urban Makeover 594,Hadapsar,4.8,460,Low,"Hair Coloring, Highlights, Hair Spa",8AM to 8PM,9910817304
595,Royal Makeover 595,Kothrud,3.8,640,Medium,"Haircut, Styling, Facial, Manicure, Pedicure",11AM to 9PM,9393731447
596,Aura Studio 596,FC Road,4.8,156,Low,"Bridal Makeup, Hair Styling, Skincare",9AM to 9PM,9187179565
597,Luxury Makeover 597,Kothrud,3.8,28,Low,"Hair Spa, Coloring, Keratin, Smoothening",8AM to 8PM,9511434107
598,Trendy Studio 598,Baner,3.9,556,Medium,"Haircut, Beard Trim, Cleanup",11AM to 8PM,9897231191
599,Style Lounge 599,Koregaon Park,4,1464,Low,"Haircut, Styling, Facial, Manicure, Pedicure",11AM to 9PM,9576053093
600,Glow Makeover 600,FC Road,3.9,592,High,"Bridal Makeup, Hair Styling, Skincare",8AM to 9PM,9699740177
601,Royal Lounge 601,Kothrud,4.6,138,High,"Haircut, Styling, Facial, Manicure, Pedicure",11AM to 9PM,9404704354
602,Trendy Salon 602,Baner,3.8,871,Low,"Facial, Cleanup, Waxing, Threading",9AM to 11PM,9346461263
603,Urban Salon 603,Kothrud,3.8,1447,Medium,"Facial, Cleanup, Waxing, Threading",10AM to 10PM,9946075428
604,Aura Makeover 604,Sinhagad Road,4.1,55,High,"Bridal Makeup, Hair Styling, Skincare",10AM to 11PM,9783114553
605,Trendy Lounge 605,Viman Nagar,3.5,1277,Medium,"Haircut, Beard Trim, Cleanup",10AM to 9PM,9216006767
606,Royal Salon 606,FC Road,4,945,High,"Facial, Cleanup, Waxing, Threading",10AM to 10PM,9260182269
607,Style Studio 607,Shivaji Nagar,4.7,519,High,"Haircut, Styling, Facial, Manicure, Pedicure",9AM to 10PM,9582577555
608,Aura Studio 608,Magarpatta,3.6,349,High,"Hair Spa, Coloring, Keratin, Smoothening",9AM to 8PM,9930356393
609,Trendy Makeover 609,Viman Nagar,3.5,899,Low,"Haircut, Beard Trim, Cleanup",11AM to 10PM,9577660738
610,Elite Studio 610,Aundh,3.6,1304,Medium,"Bridal Makeup, Hair Styling, Skincare",10AM to 11PM,9988083770
611,Elite Salon 611,Viman Nagar,3.8,981,Medium,"Haircut, Beard Trim, Cleanup",9AM to 8PM,9881068824
612,Trendy Makeover 612,Pimple Saudagar,4.5,527,Low,"Facial, Cleanup, Waxing, Threading",10AM to 8PM,9118451045
613,Trendy Lounge 613,Hinjewadi,4.9,979,Medium,"Haircut, Beard Trim, Cleanup",8AM to 9PM,9884609446
614,Trendy Lounge 614,Hadapsar,4.5,586,Medium,"Facial, Cleanup, Waxing, Threading",10AM to 9PM,9696982593
615,Glow Studio 615,Karve Nagar,4.4,911,High,"Hair Spa, Coloring, Keratin, Smoothening",10AM to 8PM,9210405096
616,Glow Makeover 616,Karve Nagar,3.8,651,Medium,"Haircut, Beard Trim, Cleanup",10AM to 8PM,9749121755
617,Glow Makeover 617,FC Road,3.8,217,Low,"Hair Coloring, Highlights, Hair Spa",11AM to 8PM,9729802249
618,Luxury Lounge 618,Sinhagad Road,3.8,611,Low,"Bridal Makeup, Hair Styling, Skincare",11AM to 9PM,9561671924
619,Style Salon 619,Baner,3.9,338,Medium,"Bridal Makeup, Hair Styling, Skincare",11AM to 11PM,9872118218
620,Royal Makeover 620,FC Road,4.5,965,Low,"Hair Spa, Coloring, Keratin, Smoothening",11AM to 8PM,9488592857
621,Luxury Studio 621,Sinhagad Road,3.8,686,Low,"Haircut, Beard Trim, Cleanup",8AM to 11PM,9831273191
622,Royal Studio 622,Camp,3.7,918,Low,"Hair Coloring, Highlights, Hair Spa",10AM to 8PM,9529725416
623,Aura Salon 623,Aundh,4.2,866,Low,"Haircut, Beard Trim, Cleanup",8AM to 9PM,9876312998
624,Royal Lounge 624,Pimple Saudagar,4.9,1270,Low,"Haircut, Styling, Facial, Manicure, Pedicure",8AM to 10PM,9868087034
625,Royal Studio 625,Shivaji Nagar,3.9,652,Medium,"Haircut, Styling, Facial, Manicure, Pedicure",9AM to 10PM,9324951211
626,Luxury Salon 626,Pimple Saudagar,4.2,438,Low,"Haircut, Beard Trim, Cleanup",8AM to 11PM,9924385165
627,Royal Salon 627,Sinhagad Road,5,888,Medium,"Facial, Cleanup, Waxing, Threading",9AM to 10PM,9674537073
628,Urban Salon 628,Sinhagad Road,3.8,725,Medium,"Facial, Cleanup, Waxing, Threading",9AM to 11PM,9199143179
629,Elite Lounge 629,Shivaji Nagar,4.3,900,Medium,"Haircut, Beard Trim, Cleanup",10AM to 11PM,9714492380
630,Glow Studio 630,Camp,5,817,High,"Facial, Cleanup, Waxing, Threading",8AM to 10PM,9820272224
631,Style Makeover 631,Hinjewadi,4.8,604,Medium,"Haircut, Styling, Facial, Manicure, Pedicure",11AM to 11PM,9646766188
632,Glow Makeover 632,Camp,5,478,Medium,"Haircut, Beard Trim, Cleanup",9AM to 10PM,9295394678
633,Trendy Salon 633,Wakad,4.1,579,Low,"Bridal Makeup, Hair Styling, Skincare",11AM to 8PM,9316061955
634,Trendy Lounge 634,Hinjewadi,4.1,315,Medium,"Haircut, Styling, Facial, Manicure, Pedicure",10AM to 8PM,9881946585
635,Glow Salon 635,Viman Nagar,4.2,947,Medium,"Bridal Makeup, Hair Styling, Skincare",8AM to 9PM,9835241511
636,Royal Lounge 636,Kothrud,3.8,1121,High,"Facial, Cleanup, Waxing, Threading",10AM to 11PM,9365435127
637,Trendy Lounge 637,Camp,3.7,1025,Low,"Hair Spa, Coloring, Keratin, Smoothening",8AM to 10PM,9403043583
638,Trendy Salon 638,Shivaji Nagar,3.8,717,Medium,"Haircut, Beard Trim, Cleanup",9AM to 9PM,9319656009
639,Glow Studio 639,Hinjewadi,4.7,1177,High,"Hair Coloring, Highlights, Hair Spa",8AM to 8PM,9366287413
640,Aura Studio 640,Pimple Saudagar,3.7,725,High,"Haircut, Styling, Facial, Manicure, Pedicure",9AM to 11PM,9812046285
641,Glow Lounge 641,Baner,4.9,1384,Low,"Haircut, Beard Trim, Cleanup",11AM to 11PM,9390980975
642,Elite Salon 642,Hadapsar,4,109,High,"Haircut, Beard Trim, Cleanup",11AM to 10PM,9158919200
643,Urban Lounge 643,Baner,3.9,699,Medium,"Bridal Makeup, Hair Styling, Skincare",11AM to 10PM,9652143153
644,Glow Studio 644,Baner,4.2,1204,Medium,"Bridal Makeup, Hair Styling, Skincare",9AM to 9PM,9705510754
645,Glow Lounge 645,Wakad,3.8,1344,Low,"Facial, Cleanup, Waxing, Threading",10AM to 8PM,9293548956
646,Elite Makeover 646,Wakad,4.1,220,High,"Facial, Cleanup, Waxing, Threading",11AM to 10PM,9494251240
647,Elite Makeover 647,FC Road,5,1355,Low,"Hair Spa, Coloring, Keratin, Smoothening",10AM to 8PM,9905037307
648,Urban Makeover 648,Baner,3.8,1160,High,"Haircut, Styling, Facial, Manicure, Pedicure",8AM to 9PM,9652176760
649,Urban Lounge 649,Hadapsar,3.7,1287,Medium,"Hair Coloring, Highlights, Hair Spa",11AM to 11PM,9274791170
650,Elite Studio 650,Hadapsar,3.7,895,Medium,"Hair Spa, Coloring, Keratin, Smoothening",11AM to 11PM,9469438861
651,Trendy Makeover 651,Camp,3.8,587,Low,"Hair Coloring, Highlights, Hair Spa",9AM to 9PM,9664839281
652,Urban Studio 652,Kothrud,3.8,270,Low,"Hair Coloring, Highlights, Hair Spa",9AM to 11PM,9286444154
653,Luxury Studio 653,Pimple Saudagar,3.7,541,High,"Haircut, Beard Trim, Cleanup",11AM to 11PM,9132602996
654,Glow Salon 654,Kothrud,4,1291,Medium,"Haircut, Styling, Facial, Manicure, Pedicure",10AM to 10PM,9306034404
655,Royal Makeover 655,Kothrud,4.7,293,High,"Haircut, Beard Trim, Cleanup",11AM to 11PM,9327802967
656,Royal Makeover 656,Viman Nagar,4.4,1175,Medium,"Bridal Makeup, Hair Styling, Skincare",8AM to 8PM,9141138019
657,Urban Makeover 657,Karve Nagar,4,1033,High,"Facial, Cleanup, Waxing, Threading",10AM to 8PM,9689956664
658,Urban Studio 658,Aundh,4.5,713,High,"Hair Spa, Coloring, Keratin, Smoothening",10AM to 8PM,9818714477
659,Style Salon 659,Camp,4.3,431,Low,"Haircut, Styling, Facial, Manicure, Pedicure",9AM to 8PM,9676907773
660,Glow Lounge 660,Wakad,4.4,166,Low,"Facial, Cleanup, Waxing, Threading",11AM to 10PM,9327514431
661,Aura Makeover 661,Sinhagad Road,4.3,69,High,"Haircut, Styling, Facial, Manicure, Pedicure",11AM to 9PM,9115662614
662,Luxury Salon 662,Karve Nagar,4.6,620,Medium,"Hair Spa, Coloring, Keratin, Smoothening",10AM to 9PM,9412186462
663,Royal Salon 663,Shivaji Nagar,4.4,1393,High,"Hair Spa, Coloring, Keratin, Smoothening",11AM to 11PM,9942496794
664,Aura Salon 664,Viman Nagar,3.5,551,Medium,"Bridal Makeup, Hair Styling, Skincare",8AM to 8PM,9394725632
665,Elite Salon 665,Viman Nagar,3.5,1188,High,"Haircut, Styling, Facial, Manicure, Pedicure",10AM to 9PM,9767759913
666,Elite Lounge 666,FC Road,4.3,744,Medium,"Haircut, Styling, Facial, Manicure, Pedicure",9AM to 10PM,9563138425
667,Elite Salon 667,Hadapsar,4.3,570,High,"Haircut, Styling, Facial, Manicure, Pedicure",8AM to 9PM,9494173428
668,Glow Salon 668,Camp,4.5,1312,Low,"Bridal Makeup, Hair Styling, Skincare",9AM to 8PM,9432561701
669,Aura Salon 669,Kothrud,4.1,599,High,"Haircut, Beard Trim, Cleanup",11AM to 8PM,9706445524
670,Style Lounge 670,Koregaon Park,4.5,366,Low,"Haircut, Beard Trim, Cleanup",9AM to 8PM,9422070842
671,Urban Makeover 671,Viman Nagar,4.6,763,Medium,"Hair Coloring, Highlights, Hair Spa",8AM to 8PM,9527521266
672,Trendy Makeover 672,Koregaon Park,4.8,154,High,"Haircut, Beard Trim, Cleanup",9AM to 10PM,9450213603
673,Luxury Studio 673,Baner,3.9,26,High,"Bridal Makeup, Hair Styling, Skincare",11AM to 9PM,9851725277
674,Glow Makeover 674,Koregaon Park,4.4,322,High,"Haircut, Beard Trim, Cleanup",11AM to 10PM,9367305018
675,Trendy Salon 675,Aundh,3.7,319,Low,"Hair Coloring, Highlights, Hair Spa",10AM to 9PM,9409305477
676,Trendy Lounge 676,Magarpatta,4.6,717,High,"Haircut, Styling, Facial, Manicure, Pedicure",9AM to 8PM,9319424057
677,Style Studio 677,Hinjewadi,4.8,1496,High,"Bridal Makeup, Hair Styling, Skincare",10AM to 11PM,9640231416
678,Trendy Studio 678,FC Road,5,1027,Medium,"Hair Coloring, Highlights, Hair Spa",10AM to 11PM,9135382967
679,Luxury Salon 679,Hadapsar,4.4,1021,Low,"Haircut, Beard Trim, Cleanup",9AM to 9PM,9915575173
680,Elite Makeover 680,Sinhagad Road,3.6,1172,Low,"Hair Spa, Coloring, Keratin, Smoothening",8AM to 9PM,9150410419
681,Urban Lounge 681,Pimple Saudagar,4.9,223,High,"Hair Coloring, Highlights, Hair Spa",8AM to 8PM,9646146114
682,Urban Studio 682,Hinjewadi,4.9,508,Low,"Hair Coloring, Highlights, Hair Spa",11AM to 11PM,9263582888
683,Aura Studio 683,Kothrud,4.8,1179,High,"Haircut, Beard Trim, Cleanup",9AM to 10PM,9597337909
684,Style Studio 684,Viman Nagar,4.2,387,High,"Hair Spa, Coloring, Keratin, Smoothening",8AM to 11PM,9531631169
685,Glow Makeover 685,Hinjewadi,3.7,33,High,"Facial, Cleanup, Waxing, Threading",10AM to 10PM,9906582922
686,Royal Salon 686,Magarpatta,3.9,1082,Medium,"Facial, Cleanup, Waxing, Threading",10AM to 11PM,9600536766
687,Style Makeover 687,Kothrud,4.8,755,High,"Hair Coloring, Highlights, Hair Spa",10AM to 10PM,9913596918
688,Urban Lounge 688,Sinhagad Road,3.9,1468,Low,"Facial, Cleanup, Waxing, Threading",10AM to 10PM,9106215879
689,Trendy Salon 689,Wakad,4.4,132,High,"Facial, Cleanup, Waxing, Threading",9AM to 11PM,9677494063
690,Style Salon 690,Sinhagad Road,3.7,1077,Medium,"Hair Coloring, Highlights, Hair Spa",10AM to 8PM,9567932998
691,Royal Salon 691,Karve Nagar,3.9,278,Low,"Facial, Cleanup, Waxing, Threading",8AM to 11PM,9825011826
692,Royal Studio 692,Shivaji Nagar,4.8,1441,High,"Haircut, Styling, Facial, Manicure, Pedicure",11AM to 11PM,9537171734
693,Royal Salon 693,FC Road,3.6,1161,High,"Haircut, Styling, Facial, Manicure, Pedicure",9AM to 9PM,9476906897
694,Luxury Studio 694,Hinjewadi,4.2,311,Low,"Haircut, Beard Trim, Cleanup",9AM to 11PM,9407733124
695,Urban Lounge 695,Camp,3.6,24,Medium,"Haircut, Styling, Facial, Manicure, Pedicure",10AM to 10PM,9205287882
696,Royal Salon 696,Koregaon Park,4.2,284,High,"Hair Spa, Coloring, Keratin, Smoothening",8AM to 9PM,9241258684
697,Trendy Makeover 697,Aundh,4,747,High,"Bridal Makeup, Hair Styling, Skincare",8AM to 8PM,9994262396
698,Royal Lounge 698,Koregaon Park,3.8,364,Low,"Bridal Makeup, Hair Styling, Skincare",11AM to 10PM,9902076451
699,Royal Makeover 699,Koregaon Park,4,1200,Medium,"Bridal Makeup, Hair Styling, Skincare",9AM to 11PM,9122758017
700,Urban Makeover 700,FC Road,4.7,705,Medium,"Haircut, Beard Trim, Cleanup",11AM to 11PM,9194559624
701,Style Studio 701,Camp,4.1,317,Low,"Haircut, Styling, Facial, Manicure, Pedicure",9AM to 11PM,9431253285
702,Royal Studio 702,Kothrud,4.2,108,Medium,"Haircut, Beard Trim, Cleanup",11AM to 11PM,9958519824
703,Trendy Lounge 703,Hadapsar,5,1490,High,"Haircut, Styling, Facial, Manicure, Pedicure",11AM to 9PM,9785104008
704,Luxury Studio 704,Karve Nagar,3.9,165,High,"Facial, Cleanup, Waxing, Threading",8AM to 11PM,9688076392
705,Glow Lounge 705,Koregaon Park,4.8,699,Low,"Hair Coloring, Highlights, Hair Spa",11AM to 10PM,9532803044
706,Trendy Salon 706,Hinjewadi,4.1,1452,Medium,"Hair Coloring, Highlights, Hair Spa",11AM to 11PM,9608724847
707,Luxury Studio 707,Viman Nagar,4,596,Medium,"Facial, Cleanup, Waxing, Threading",10AM to 8PM,9925730775
708,Trendy Makeover 708,Camp,3.6,929,Medium,"Haircut, Beard Trim, Cleanup",11AM to 10PM,9919268975
709,Style Lounge 709,Shivaji Nagar,4.5,1375,Low,"Facial, Cleanup, Waxing, Threading",9AM to 8PM,9674942622
710,Aura Salon 710,Sinhagad Road,4.5,410,Medium,"Haircut, Beard Trim, Cleanup",11AM to 11PM,9447664928
711,Aura Salon 711,Shivaji Nagar,3.7,589,High,"Bridal Makeup, Hair Styling, Skincare",10AM to 9PM,9497140360
712,Trendy Studio 712,Magarpatta,4.5,1431,Low,"Facial, Cleanup, Waxing, Threading",9AM to 10PM,9793465415
713,Style Studio 713,Sinhagad Road,4.1,820,High,"Haircut, Styling, Facial, Manicure, Pedicure",9AM to 8PM,9869347377
714,Royal Lounge 714,Camp,4.3,869,Low,"Bridal Makeup, Hair Styling, Skincare",10AM to 8PM,9828086641
715,Urban Studio 715,Wakad,4.6,826,High,"Bridal Makeup, Hair Styling, Skincare",8AM to 11PM,9318671775
716,Urban Studio 716,Camp,4.8,540,High,"Hair Coloring, Highlights, Hair Spa",8AM to 10PM,9822685675
717,Glow Salon 717,Magarpatta,4.5,215,Low,"Hair Coloring, Highlights, Hair Spa",8AM to 11PM,9314116239
718,Aura Studio 718,Karve Nagar,4.3,1413,Medium,"Haircut, Beard Trim, Cleanup",9AM to 9PM,9822504064
719,Trendy Lounge 719,Karve Nagar,4.5,610,Low,"Hair Spa, Coloring, Keratin, Smoothening",9AM to 10PM,9750767652
720,Trendy Salon 720,FC Road,4.2,1317,Low,"Haircut, Beard Trim, Cleanup",9AM to 8PM,9933456201
721,Aura Lounge 721,Karve Nagar,4.5,116,Low,"Hair Coloring, Highlights, Hair Spa",9AM to 11PM,9982879151
722,Aura Salon 722,Pimple Saudagar,4,1228,Low,"Haircut, Beard Trim, Cleanup",8AM to 10PM,9964906935
723,Royal Makeover 723,FC Road,4.1,952,High,"Bridal Makeup, Hair Styling, Skincare",10AM to 10PM,9487213632
724,Aura Salon 724,Wakad,3.7,127,High,"Haircut, Beard Trim, Cleanup",9AM to 11PM,9606652943
725,Trendy Lounge 725,Aundh,4.8,1119,Low,"Hair Coloring, Highlights, Hair Spa",10AM to 11PM,9494322953
726,Urban Makeover 726,Pimple Saudagar,4.9,1074,Low,"Bridal Makeup, Hair Styling, Skincare",10AM to 10PM,9482212634
727,Urban Makeover 727,Koregaon Park,3.6,589,Medium,"Haircut, Styling, Facial, Manicure, Pedicure",11AM to 9PM,9348152418
728,Glow Studio 728,Baner,3.8,1205,Medium,"Hair Coloring, Highlights, Hair Spa",10AM to 10PM,9715727588
729,Royal Studio 729,Hinjewadi,4.1,1443,Low,"Hair Spa, Coloring, Keratin, Smoothening",11AM to 9PM,9226377921
730,Glow Lounge 730,Hadapsar,4.9,1011,High,"Bridal Makeup, Hair Styling, Skincare",11AM to 10PM,9887815408
731,Aura Makeover 731,Hadapsar,3.8,83,High,"Haircut, Styling, Facial, Manicure, Pedicure",8AM to 10PM,9331180417
732,Luxury Makeover 732,Baner,3.6,1043,Low,"Haircut, Styling, Facial, Manicure, Pedicure",10AM to 10PM,9226759480
733,Urban Salon 733,Camp,4.1,331,Low,"Haircut, Styling, Facial, Manicure, Pedicure",8AM to 8PM,9691677421
734,Royal Salon 734,Magarpatta,4.3,528,Low,"Haircut, Styling, Facial, Manicure, Pedicure",11AM to 8PM,9789773649
735,Royal Lounge 735,Hadapsar,3.6,1491,High,"Facial, Cleanup, Waxing, Threading",8AM to 9PM,9770866968
736,Elite Makeover 736,Hadapsar,4.6,929,Low,"Bridal Makeup, Hair Styling, Skincare",8AM to 9PM,9276244637
737,Urban Lounge 737,Shivaji Nagar,3.7,213,High,"Facial, Cleanup, Waxing, Threading",11AM to 8PM,9141727490
738,Trendy Studio 738,Shivaji Nagar,4.7,1466,Medium,"Hair Coloring, Highlights, Hair Spa",9AM to 10PM,9931101174
739,Royal Lounge 739,Kothrud,4.2,327,Low,"Hair Coloring, Highlights, Hair Spa",8AM to 9PM,9923443256
740,Aura Studio 740,FC Road,4.7,1407,Medium,"Hair Spa, Coloring, Keratin, Smoothening",9AM to 9PM,9850277004
741,Luxury Salon 741,Pimple Saudagar,4.1,1215,Medium,"Haircut, Styling, Facial, Manicure, Pedicure",9AM to 10PM,9726175883
742,Glow Makeover 742,Aundh,4.3,168,Medium,"Facial, Cleanup, Waxing, Threading",8AM to 8PM,9406038816
743,Royal Salon 743,Viman Nagar,3.8,1209,High,"Haircut, Styling, Facial, Manicure, Pedicure",8AM to 9PM,9239520738
744,Elite Studio 744,Baner,3.7,253,Low,"Bridal Makeup, Hair Styling, Skincare",8AM to 10PM,9114745530
745,Glow Salon 745,Wakad,3.8,710,High,"Haircut, Styling, Facial, Manicure, Pedicure",9AM to 11PM,9237092219
746,Glow Studio 746,Magarpatta,4.7,217,Low,"Haircut, Styling, Facial, Manicure, Pedicure",10AM to 8PM,9568570993
747,Royal Salon 747,Sinhagad Road,4,285,High,"Facial, Cleanup, Waxing, Threading",11AM to 11PM,9605861704
748,Elite Makeover 748,Hadapsar,4.3,260,High,"Haircut, Styling, Facial, Manicure, Pedicure",11AM to 11PM,9541778562
749,Luxury Salon 749,Koregaon Park,4.1,1269,Low,"Facial, Cleanup, Waxing, Threading",10AM to 10PM,9745993362
750,Royal Lounge 750,Aundh,3.7,842,High,"Hair Spa, Coloring, Keratin, Smoothening",11AM to 10PM,9767502266
751,Royal Studio 751,Karve Nagar,4.4,1130,Medium,"Haircut, Beard Trim, Cleanup",9AM to 9PM,9248722907
752,Aura Makeover 752,Baner,4.1,382,Medium,"Hair Spa, Coloring, Keratin, Smoothening",11AM to 11PM,9105483399
753,Glow Lounge 753,Kothrud,3.5,258,Medium,"Haircut, Beard Trim, Cleanup",11AM to 10PM,9717957294
754,Royal Studio 754,Wakad,4.7,107,Medium,"Haircut, Styling, Facial, Manicure, Pedicure",8AM to 9PM,9634933068
755,Trendy Lounge 755,Viman Nagar,3.5,831,Medium,"Facial, Cleanup, Waxing, Threading",11AM to 10PM,9459456447
756,Glow Salon 756,Magarpatta,3.8,91,Medium,"Hair Spa, Coloring, Keratin, Smoothening",9AM to 8PM,9707794206
757,Luxury Lounge 757,Viman Nagar,3.8,1330,Medium,"Haircut, Styling, Facial, Manicure, Pedicure",9AM to 8PM,9336238963
758,Glow Salon 758,Karve Nagar,3.9,1344,High,"Hair Spa, Coloring, Keratin, Smoothening",9AM to 11PM,9179142676
759,Elite Makeover 759,Sinhagad Road,4.3,1042,High,"Facial, Cleanup, Waxing, Threading",8AM to 10PM,9554441122
760,Style Salon 760,Wakad,3.9,521,Low,"Facial, Cleanup, Waxing, Threading",10AM to 10PM,9282605909
761,Glow Salon 761,Koregaon Park,4.5,1474,Low,"Haircut, Beard Trim, Cleanup",8AM to 8PM,9703214654
762,Elite Lounge 762,Viman Nagar,3.9,611,Low,"Bridal Makeup, Hair Styling, Skincare",9AM to 11PM,9692070944
763,Glow Salon 763,Magarpatta,3.7,716,High,"Hair Coloring, Highlights, Hair Spa",11AM to 9PM,9780703276
764,Urban Salon 764,Hadapsar,3.7,727,Medium,"Hair Coloring, Highlights, Hair Spa",10AM to 8PM,9661897876
765,Glow Salon 765,Camp,4.6,1449,Low,"Facial, Cleanup, Waxing, Threading",10AM to 11PM,9956638938
766,Royal Lounge 766,Shivaji Nagar,4.3,285,Medium,"Hair Coloring, Highlights, Hair Spa",11AM to 11PM,9952068456
767,Style Makeover 767,Baner,3.5,1183,High,"Hair Coloring, Highlights, Hair Spa",8AM to 9PM,9325860164
768,Luxury Studio 768,Koregaon Park,4.8,360,Low,"Hair Coloring, Highlights, Hair Spa",10AM to 9PM,9678842905
769,Elite Studio 769,FC Road,4.3,181,High,"Haircut, Styling, Facial, Manicure, Pedicure",10AM to 10PM,9322198785
770,Glow Studio 770,Camp,4.1,344,Low,"Hair Coloring, Highlights, Hair Spa",9AM to 8PM,9841027123
771,Luxury Lounge 771,Shivaji Nagar,4.4,159,High,"Haircut, Beard Trim, Cleanup",11AM to 11PM,9900128181
772,Trendy Makeover 772,Aundh,4.6,1396,High,"Hair Spa, Coloring, Keratin, Smoothening",8AM to 8PM,9528958145
773,Aura Lounge 773,Koregaon Park,3.6,1351,Medium,"Hair Coloring, Highlights, Hair Spa",11AM to 10PM,9329851450
774,Style Studio 774,Wakad,4.1,321,Medium,"Haircut, Styling, Facial, Manicure, Pedicure",8AM to 11PM,9690534432
775,Trendy Studio 775,FC Road,4.2,370,High,"Hair Spa, Coloring, Keratin, Smoothening",11AM to 10PM,9283215291
776,Elite Studio 776,Hadapsar,4.1,393,Low,"Haircut, Styling, Facial, Manicure, Pedicure",11AM to 8PM,9510537382
777,Glow Lounge 777,Hinjewadi,4.5,761,Low,"Facial, Cleanup, Waxing, Threading",11AM to 8PM,9773634683
778,Elite Salon 778,Magarpatta,3.8,884,High,"Hair Coloring, Highlights, Hair Spa",11AM to 10PM,9992876610
779,Elite Salon 779,Karve Nagar,3.6,666,Medium,"Facial, Cleanup, Waxing, Threading",10AM to 8PM,9610407636
780,Luxury Lounge 780,Magarpatta,4.9,1469,High,"Haircut, Beard Trim, Cleanup",10AM to 10PM,9360678914
781,Glow Studio 781,Hinjewadi,4,991,Medium,"Haircut, Styling, Facial, Manicure, Pedicure",10AM to 10PM,9811451804
782,Urban Makeover 782,Camp,3.6,1128,High,"Hair Spa, Coloring, Keratin, Smoothening",10AM to 11PM,9656568163
783,Aura Makeover 783,Pimple Saudagar,4.8,635,Low,"Haircut, Styling, Facial, Manicure, Pedicure",10AM to 10PM,9690775234
784,Elite Salon 784,Koregaon Park,4.7,683,Low,"Haircut, Beard Trim, Cleanup",9AM to 11PM,9543366732
785,Style Salon 785,Shivaji Nagar,3.9,681,High,"Hair Coloring, Highlights, Hair Spa",9AM to 9PM,9918024806
786,Urban Lounge 786,Wakad,4.7,1013,Medium,"Haircut, Beard Trim, Cleanup",11AM to 10PM,9709736324
787,Urban Studio 787,Camp,4.7,57,High,"Hair Spa, Coloring, Keratin, Smoothening",10AM to 11PM,9972778793
788,Urban Studio 788,Magarpatta,3.8,167,High,"Haircut, Styling, Facial, Manicure, Pedicure",10AM to 11PM,9414830990
789,Elite Salon 789,FC Road,4.2,1229,High,"Facial, Cleanup, Waxing, Threading",11AM to 8PM,9858518002
790,Style Salon 790,FC Road,4.8,174,High,"Facial, Cleanup, Waxing, Threading",8AM to 9PM,9153617413
791,Trendy Salon 791,Sinhagad Road,4.6,123,Medium,"Facial, Cleanup, Waxing, Threading",11AM to 10PM,9506766191
792,Aura Salon 792,Karve Nagar,4.1,828,Low,"Hair Coloring, Highlights, Hair Spa",9AM to 8PM,9904228881
793,Urban Lounge 793,Kothrud,4.4,417,High,"Hair Spa, Coloring, Keratin, Smoothening",11AM to 10PM,9478291682
794,Aura Lounge 794,Karve Nagar,3.8,261,High,"Facial, Cleanup, Waxing, Threading",8AM to 11PM,9829731065
795,Trendy Lounge 795,Viman Nagar,3.8,1137,High,"Haircut, Styling, Facial, Manicure, Pedicure",10AM to 8PM,9303837112
796,Luxury Salon 796,Karve Nagar,4.3,864,Medium,"Haircut, Beard Trim, Cleanup",11AM to 9PM,9113825664
797,Trendy Salon 797,Shivaji Nagar,4,591,Low,"Facial, Cleanup, Waxing, Threading",11AM to 11PM,9284842343
798,Trendy Makeover 798,Viman Nagar,4.3,465,Low,"Haircut, Beard Trim, Cleanup",8AM to 8PM,9911406731
799,Royal Studio 799,Pimple Saudagar,4.7,1493,Medium,"Hair Coloring, Highlights, Hair Spa",9AM to 10PM,9440709503
800,Urban Lounge 800,Viman Nagar,3.7,126,Low,"Facial, Cleanup, Waxing, Threading",9AM to 9PM,9975185963
801,Luxury Studio 801,Viman Nagar,4.9,1011,Low,"Haircut, Styling, Facial, Manicure, Pedicure",9AM to 10PM,9939797515
802,Elite Salon 802,Hadapsar,3.9,1243,Medium,"Facial, Cleanup, Waxing, Threading",9AM to 8PM,9728868109
803,Glow Makeover 803,Camp,4.4,684,Medium,"Hair Spa, Coloring, Keratin, Smoothening",10AM to 10PM,9870470280
804,Style Makeover 804,Sinhagad Road,4.9,215,Medium,"Hair Coloring, Highlights, Hair Spa",11AM to 9PM,9447356600
805,Royal Makeover 805,Aundh,4.1,896,High,"Hair Spa, Coloring, Keratin, Smoothening",11AM to 10PM,9351497103
806,Style Salon 806,Aundh,4.9,1061,High,"Hair Coloring, Highlights, Hair Spa",11AM to 9PM,9212197271
807,Luxury Salon 807,FC Road,4.6,836,Medium,"Haircut, Beard Trim, Cleanup",8AM to 10PM,9593400178
808,Royal Salon 808,Shivaji Nagar,3.9,1359,Low,"Hair Spa, Coloring, Keratin, Smoothening",10AM to 9PM,9818522335
809,Urban Lounge 809,Wakad,3.8,1029,Medium,"Bridal Makeup, Hair Styling, Skincare",9AM to 9PM,9695839511
810,Glow Salon 810,Aundh,4.3,874,Low,"Haircut, Beard Trim, Cleanup",11AM to 10PM,9121519308
811,Urban Salon 811,Camp,4.1,902,Medium,"Haircut, Styling, Facial, Manicure, Pedicure",11AM to 11PM,9501028970
812,Elite Lounge 812,Camp,5,1476,Medium,"Haircut, Styling, Facial, Manicure, Pedicure",8AM to 11PM,9110383083
813,Trendy Studio 813,Kothrud,4.3,1494,Medium,"Bridal Makeup, Hair Styling, Skincare",11AM to 10PM,9363639021
814,Glow Studio 814,Magarpatta,4.6,642,Low,"Hair Spa, Coloring, Keratin, Smoothening",11AM to 8PM,9576181786
815,Luxury Lounge 815,Hinjewadi,4.1,1298,High,"Facial, Cleanup, Waxing, Threading",8AM to 11PM,9258361637
816,Urban Studio 816,Magarpatta,4.8,1103,High,"Haircut, Beard Trim, Cleanup",11AM to 10PM,9430871225
817,Glow Studio 817,Koregaon Park,3.6,460,Medium,"Hair Coloring, Highlights, Hair Spa",11AM to 10PM,9396099207
818,Urban Salon 818,Baner,4.8,870,Medium,"Hair Spa, Coloring, Keratin, Smoothening",8AM to 8PM,9747757117
819,Trendy Salon 819,Hinjewadi,4.1,1314,Medium,"Facial, Cleanup, Waxing, Threading",11AM to 11PM,9979673472
820,Elite Studio 820,Karve Nagar,3.7,1108,High,"Haircut, Beard Trim, Cleanup",10AM to 10PM,9990919757
821,Style Lounge 821,Hadapsar,4.4,951,High,"Haircut, Beard Trim, Cleanup",10AM to 10PM,9133940599
822,Aura Studio 822,Kothrud,3.5,361,Medium,"Bridal Makeup, Hair Styling, Skincare",9AM to 8PM,9588953070
823,Royal Studio 823,FC Road,4,478,High,"Haircut, Styling, Facial, Manicure, Pedicure",11AM to 10PM,9220916904
824,Glow Makeover 824,Hinjewadi,4.7,952,Low,"Hair Coloring, Highlights, Hair Spa",11AM to 10PM,9114272000
825,Royal Salon 825,Kothrud,3.5,1083,Low,"Facial, Cleanup, Waxing, Threading",11AM to 9PM,9702649038
826,Aura Studio 826,Kothrud,4.2,1247,Medium,"Haircut, Beard Trim, Cleanup",8AM to 8PM,9353746984
827,Elite Salon 827,Karve Nagar,4.2,705,Medium,"Hair Coloring, Highlights, Hair Spa",10AM to 9PM,9393688951
828,Glow Lounge 828,Karve Nagar,4,140,Medium,"Bridal Makeup, Hair Styling, Skincare",10AM to 9PM,9443094764
829,Luxury Salon 829,Karve Nagar,3.8,622,Medium,"Hair Spa, Coloring, Keratin, Smoothening",9AM to 9PM,9643201859
830,Luxury Salon 830,Koregaon Park,5,449,High,"Hair Coloring, Highlights, Hair Spa",9AM to 11PM,9416291045
831,Trendy Lounge 831,Camp,4.8,1034,Low,"Haircut, Styling, Facial, Manicure, Pedicure",10AM to 8PM,9205296707
832,Style Lounge 832,Baner,4.7,560,Low,"Bridal Makeup, Hair Styling, Skincare",11AM to 11PM,9647638976
833,Elite Lounge 833,FC Road,3.9,354,Low,"Facial, Cleanup, Waxing, Threading",10AM to 11PM,9252518058
834,Urban Studio 834,Shivaji Nagar,4.6,1167,High,"Hair Spa, Coloring, Keratin, Smoothening",8AM to 8PM,9426637670
835,Urban Salon 835,Koregaon Park,4,1452,Low,"Bridal Makeup, Hair Styling, Skincare",8AM to 10PM,9104694657
836,Luxury Salon 836,FC Road,3.9,1075,Low,"Facial, Cleanup, Waxing, Threading",11AM to 9PM,9815333306
837,Luxury Makeover 837,Koregaon Park,3.7,576,Medium,"Bridal Makeup, Hair Styling, Skincare",8AM to 8PM,9552485405
838,Luxury Lounge 838,Viman Nagar,5,1069,Medium,"Haircut, Beard Trim, Cleanup",9AM to 9PM,9145419788
839,Trendy Lounge 839,Shivaji Nagar,4.4,513,Low,"Haircut, Styling, Facial, Manicure, Pedicure",10AM to 8PM,9507935068
840,Aura Lounge 840,Shivaji Nagar,4.4,466,Medium,"Haircut, Beard Trim, Cleanup",11AM to 9PM,9934963110
841,Elite Makeover 841,Wakad,3.9,661,High,"Bridal Makeup, Hair Styling, Skincare",9AM to 10PM,9176380310
842,Urban Lounge 842,Camp,3.7,232,High,"Hair Spa, Coloring, Keratin, Smoothening",10AM to 11PM,9517992247
843,Royal Lounge 843,Hadapsar,4.8,491,Low,"Bridal Makeup, Hair Styling, Skincare",8AM to 8PM,9827255908
844,Trendy Studio 844,Aundh,4.4,535,Low,"Haircut, Beard Trim, Cleanup",9AM to 9PM,9916485762
845,Elite Salon 845,Shivaji Nagar,3.9,1240,High,"Hair Spa, Coloring, Keratin, Smoothening",11AM to 8PM,9279158584
846,Style Lounge 846,Karve Nagar,4.4,1346,High,"Haircut, Styling, Facial, Manicure, Pedicure",11AM to 9PM,9106343584
847,Aura Studio 847,Karve Nagar,4.9,1488,Medium,"Haircut, Beard Trim, Cleanup",10AM to 11PM,9211098834
848,Aura Makeover 848,Aundh,4,388,Medium,"Bridal Makeup, Hair Styling, Skincare",10AM to 10PM,9616826003
849,Royal Makeover 849,Magarpatta,4.9,903,High,"Hair Coloring, Highlights, Hair Spa",10AM to 11PM,9949802957
850,Royal Makeover 850,Karve Nagar,4.5,1489,Low,"Haircut, Beard Trim, Cleanup",10AM to 10PM,9575969876
851,Style Makeover 851,Shivaji Nagar,3.6,1273,Medium,"Bridal Makeup, Hair Styling, Skincare",8AM to 9PM,9210891050
852,Glow Studio 852,Karve Nagar,4.4,120,High,"Bridal Makeup, Hair Styling, Skincare",9AM to 8PM,9316430002
853,Luxury Studio 853,Sinhagad Road,4.5,230,Low,"Haircut, Beard Trim, Cleanup",10AM to 8PM,9209700486
854,Style Lounge 854,Koregaon Park,3.9,178,High,"Hair Coloring, Highlights, Hair Spa",8AM to 10PM,9753941024
855,Luxury Lounge 855,Shivaji Nagar,4.3,1048,Medium,"Facial, Cleanup, Waxing, Threading",8AM to 10PM,9727547248
856,Urban Makeover 856,Magarpatta,4.2,1307,High,"Facial, Cleanup, Waxing, Threading",9AM to 8PM,9358842942
857,Royal Lounge 857,Kothrud,3.9,1317,Low,"Bridal Makeup, Hair Styling, Skincare",8AM to 10PM,9568792614
858,Elite Studio 858,FC Road,4.7,406,High,"Facial, Cleanup, Waxing, Threading",10AM to 11PM,9399308078
859,Trendy Makeover 859,Baner,4.8,880,Medium,"Haircut, Beard Trim, Cleanup",8AM to 11PM,9564791972
860,Style Salon 860,Shivaji Nagar,3.8,1254,High,"Haircut, Styling, Facial, Manicure, Pedicure",8AM to 9PM,9773039558
861,Trendy Makeover 861,Koregaon Park,3.8,133,Medium,"Bridal Makeup, Hair Styling, Skincare",10AM to 9PM,9284457513
862,Luxury Lounge 862,Aundh,4.7,26,High,"Bridal Makeup, Hair Styling, Skincare",10AM to 8PM,9169963439
863,Elite Lounge 863,Aundh,3.8,964,High,"Haircut, Styling, Facial, Manicure, Pedicure",10AM to 10PM,9380999180
864,Luxury Makeover 864,Magarpatta,3.5,678,Medium,"Bridal Makeup, Hair Styling, Skincare",10AM to 9PM,9722739187
865,Glow Studio 865,Pimple Saudagar,4.1,776,High,"Facial, Cleanup, Waxing, Threading",11AM to 8PM,9821894595
866,Urban Studio 866,Shivaji Nagar,3.9,1027,Medium,"Bridal Makeup, Hair Styling, Skincare",9AM to 10PM,9112250507
867,Aura Lounge 867,Sinhagad Road,4.1,868,Low,"Facial, Cleanup, Waxing, Threading",9AM to 9PM,9407674340
868,Aura Salon 868,Pimple Saudagar,5,1147,High,"Haircut, Styling, Facial, Manicure, Pedicure",10AM to 11PM,9908499419
869,Trendy Studio 869,Sinhagad Road,3.7,613,Medium,"Bridal Makeup, Hair Styling, Skincare",8AM to 10PM,9269967426
870,Style Makeover 870,Sinhagad Road,4.1,1079,High,"Hair Spa, Coloring, Keratin, Smoothening",11AM to 9PM,9494078887
871,Style Makeover 871,Sinhagad Road,3.8,1053,Medium,"Haircut, Beard Trim, Cleanup",8AM to 10PM,9885406338
872,Urban Salon 872,Shivaji Nagar,4,1117,Low,"Haircut, Beard Trim, Cleanup",10AM to 9PM,9737498658
873,Urban Lounge 873,Baner,3.7,837,Medium,"Haircut, Styling, Facial, Manicure, Pedicure",8AM to 9PM,9557278892
874,Style Salon 874,Kothrud,4.8,719,High,"Haircut, Styling, Facial, Manicure, Pedicure",10AM to 10PM,9622806611
875,Trendy Makeover 875,Hadapsar,4.4,1388,High,"Hair Spa, Coloring, Keratin, Smoothening",8AM to 11PM,9178760791
876,Style Salon 876,Aundh,4.2,331,High,"Bridal Makeup, Hair Styling, Skincare",10AM to 9PM,9822078315
877,Style Studio 877,Shivaji Nagar,4.3,1494,Low,"Hair Spa, Coloring, Keratin, Smoothening",9AM to 11PM,9511295319
878,Elite Makeover 878,Sinhagad Road,4.5,532,Low,"Facial, Cleanup, Waxing, Threading",11AM to 9PM,9667448559
879,Trendy Makeover 879,Aundh,4.9,1276,High,"Facial, Cleanup, Waxing, Threading",9AM to 8PM,9378725039
880,Style Lounge 880,FC Road,4.9,1203,High,"Facial, Cleanup, Waxing, Threading",9AM to 10PM,9983259589
881,Glow Studio 881,Pimple Saudagar,4.6,162,Medium,"Haircut, Beard Trim, Cleanup",11AM to 10PM,9373288674
882,Style Studio 882,Pimple Saudagar,4.7,315,Low,"Haircut, Beard Trim, Cleanup",10AM to 9PM,9265628342
883,Royal Lounge 883,Koregaon Park,3.6,433,Low,"Bridal Makeup, Hair Styling, Skincare",9AM to 10PM,9126193848
884,Elite Makeover 884,Pimple Saudagar,4.1,1494,Low,"Hair Spa, Coloring, Keratin, Smoothening",9AM to 9PM,9442078720
885,Style Studio 885,Camp,4.5,734,Low,"Facial, Cleanup, Waxing, Threading",9AM to 10PM,9210495211
886,Aura Salon 886,Hinjewadi,4.8,195,High,"Hair Spa, Coloring, Keratin, Smoothening",8AM to 8PM,9225960641
887,Royal Salon 887,Viman Nagar,3.9,1012,Medium,"Hair Coloring, Highlights, Hair Spa",11AM to 8PM,9211424460
888,Trendy Salon 888,Hinjewadi,4.1,81,Medium,"Facial, Cleanup, Waxing, Threading",11AM to 8PM,9442320537
889,Aura Studio 889,Magarpatta,4.7,1407,High,"Haircut, Beard Trim, Cleanup",8AM to 11PM,9866706014
890,Urban Lounge 890,Sinhagad Road,3.9,464,Low,"Bridal Makeup, Hair Styling, Skincare",11AM to 9PM,9778027041
891,Royal Studio 891,Kothrud,3.6,226,Low,"Haircut, Styling, Facial, Manicure, Pedicure",9AM to 8PM,9470053945
892,Glow Salon 892,Sinhagad Road,4.7,900,High,"Hair Coloring, Highlights, Hair Spa",11AM to 10PM,9742769138
893,Style Salon 893,Aundh,4.9,523,High,"Hair Coloring, Highlights, Hair Spa",10AM to 11PM,9632206404
894,Luxury Salon 894,Karve Nagar,4.8,748,High,"Haircut, Beard Trim, Cleanup",11AM to 11PM,9373679300
895,Glow Lounge 895,Hadapsar,4.5,512,Low,"Haircut, Styling, Facial, Manicure, Pedicure",11AM to 9PM,9601696089
896,Glow Studio 896,Pimple Saudagar,3.5,701,Medium,"Haircut, Styling, Facial, Manicure, Pedicure",8AM to 9PM,9141083875
897,Royal Lounge 897,Hadapsar,4.4,594,High,"Haircut, Beard Trim, Cleanup",8AM to 8PM,9773830030
898,Luxury Studio 898,Baner,3.6,152,High,"Haircut, Beard Trim, Cleanup",11AM to 8PM,9953073872
899,Aura Makeover 899,Karve Nagar,4.8,161,High,"Hair Coloring, Highlights, Hair Spa",9AM to 11PM,9160927238
900,Glow Lounge 900,Karve Nagar,4.9,1039,High,"Haircut, Styling, Facial, Manicure, Pedicure",8AM to 10PM,9708985055
901,Royal Makeover 901,Kothrud,4.7,1342,High,"Bridal Makeup, Hair Styling, Skincare",8AM to 8PM,9366160806
902,Luxury Makeover 902,Shivaji Nagar,4.6,133,High,"Bridal Makeup, Hair Styling, Skincare",10AM to 11PM,9719445503
903,Luxury Makeover 903,Camp,4.3,1069,High,"Hair Coloring, Highlights, Hair Spa",10AM to 8PM,9301363587
904,Royal Lounge 904,Kothrud,4.8,1092,Medium,"Bridal Makeup, Hair Styling, Skincare",8AM to 10PM,9553290468
905,Glow Lounge 905,Camp,3.6,1125,High,"Facial, Cleanup, Waxing, Threading",8AM to 10PM,9349718230
906,Style Lounge 906,Wakad,3.9,48,Low,"Hair Spa, Coloring, Keratin, Smoothening",11AM to 10PM,9297916721
907,Urban Salon 907,Aundh,4.4,1073,High,"Facial, Cleanup, Waxing, Threading",10AM to 8PM,9348411835
908,Urban Makeover 908,Shivaji Nagar,4.5,896,Medium,"Hair Spa, Coloring, Keratin, Smoothening",8AM to 10PM,9709555165
909,Royal Lounge 909,Kothrud,4.4,1062,High,"Hair Spa, Coloring, Keratin, Smoothening",9AM to 8PM,9735140497
910,Glow Studio 910,Magarpatta,4.1,1308,Medium,"Bridal Makeup, Hair Styling, Skincare",11AM to 11PM,9723048010
911,Luxury Salon 911,Koregaon Park,4.8,683,High,"Hair Spa, Coloring, Keratin, Smoothening",8AM to 8PM,9703341048
912,Glow Salon 912,Wakad,3.7,1045,High,"Hair Spa, Coloring, Keratin, Smoothening",11AM to 11PM,9957768918
913,Royal Lounge 913,Pimple Saudagar,4.6,359,Low,"Haircut, Styling, Facial, Manicure, Pedicure",11AM to 11PM,9459112683
914,Royal Lounge 914,Camp,4.1,596,Medium,"Bridal Makeup, Hair Styling, Skincare",9AM to 8PM,9101323723
915,Luxury Studio 915,Hinjewadi,4.3,1070,Low,"Haircut, Beard Trim, Cleanup",9AM to 10PM,9326790053
916,Royal Lounge 916,Shivaji Nagar,5,356,High,"Hair Spa, Coloring, Keratin, Smoothening",9AM to 8PM,9895296572
917,Elite Salon 917,FC Road,4.4,273,Low,"Haircut, Beard Trim, Cleanup",11AM to 8PM,9201720287
918,Glow Salon 918,Kothrud,4.5,948,Medium,"Haircut, Styling, Facial, Manicure, Pedicure",10AM to 8PM,9605935137
919,Urban Lounge 919,Magarpatta,4.5,279,Medium,"Hair Spa, Coloring, Keratin, Smoothening",10AM to 9PM,9399267421
920,Urban Salon 920,Sinhagad Road,4.2,523,High,"Bridal Makeup, Hair Styling, Skincare",11AM to 9PM,9169067398
921,Aura Makeover 921,Sinhagad Road,4,1191,Low,"Bridal Makeup, Hair Styling, Skincare",11AM to 9PM,9897597298
922,Luxury Studio 922,Camp,4.5,1165,High,"Hair Coloring, Highlights, Hair Spa",8AM to 9PM,9249850825
923,Glow Studio 923,Hadapsar,4.9,853,Low,"Haircut, Styling, Facial, Manicure, Pedicure",8AM to 9PM,9879667682
924,Style Makeover 924,FC Road,4.7,1000,Medium,"Facial, Cleanup, Waxing, Threading",8AM to 10PM,9980907831
925,Luxury Salon 925,Sinhagad Road,4.7,1224,High,"Hair Coloring, Highlights, Hair Spa",9AM to 8PM,9959232004
926,Glow Salon 926,Camp,4.4,264,High,"Hair Coloring, Highlights, Hair Spa",9AM to 8PM,9784502100
927,Royal Makeover 927,Wakad,3.6,178,Medium,"Hair Spa, Coloring, Keratin, Smoothening",11AM to 10PM,9906545161
928,Elite Salon 928,Hinjewadi,4.1,1490,Low,"Haircut, Styling, Facial, Manicure, Pedicure",11AM to 10PM,9766740532
929,Aura Salon 929,Magarpatta,3.9,1327,Low,"Hair Spa, Coloring, Keratin, Smoothening",8AM to 10PM,9600863336
930,Luxury Studio 930,Hinjewadi,4.2,273,Medium,"Hair Spa, Coloring, Keratin, Smoothening",9AM to 11PM,9292957227
931,Trendy Makeover 931,Magarpatta,4.5,33,High,"Bridal Makeup, Hair Styling, Skincare",10AM to 9PM,9350887283
932,Aura Studio 932,Viman Nagar,4.1,1351,High,"Haircut, Beard Trim, Cleanup",10AM to 10PM,9193876012
933,Aura Studio 933,Sinhagad Road,4.4,476,Medium,"Haircut, Beard Trim, Cleanup",10AM to 11PM,9977614278
934,Elite Salon 934,Hadapsar,3.8,980,High,"Hair Coloring, Highlights, Hair Spa",11AM to 11PM,9511165131
935,Elite Lounge 935,Hadapsar,3.5,207,High,"Facial, Cleanup, Waxing, Threading",9AM to 11PM,9568307014
936,Glow Lounge 936,Baner,4.4,1396,Low,"Haircut, Beard Trim, Cleanup",11AM to 8PM,9825871593
937,Luxury Studio 937,Wakad,4.6,448,Low,"Bridal Makeup, Hair Styling, Skincare",10AM to 10PM,9357529531
938,Style Makeover 938,Magarpatta,4.3,360,High,"Facial, Cleanup, Waxing, Threading",8AM to 10PM,9954031960
939,Glow Salon 939,Shivaji Nagar,3.8,961,Medium,"Haircut, Styling, Facial, Manicure, Pedicure",11AM to 8PM,9594422557
940,Luxury Lounge 940,Viman Nagar,3.5,319,Medium,"Bridal Makeup, Hair Styling, Skincare",10AM to 8PM,9539258359
941,Style Salon 941,Koregaon Park,3.7,1210,High,"Haircut, Styling, Facial, Manicure, Pedicure",11AM to 11PM,9227889399
942,Aura Salon 942,Baner,3.6,1046,Medium,"Hair Coloring, Highlights, Hair Spa",9AM to 11PM,9606481071
943,Glow Studio 943,Sinhagad Road,4.6,168,Low,"Hair Coloring, Highlights, Hair Spa",9AM to 8PM,9969818846
944,Elite Studio 944,Viman Nagar,3.6,1431,High,"Bridal Makeup, Hair Styling, Skincare",11AM to 10PM,9673778328
945,Glow Studio 945,Kothrud,4.8,980,High,"Haircut, Styling, Facial, Manicure, Pedicure",10AM to 11PM,9179646703
946,Luxury Makeover 946,Koregaon Park,4.9,974,Low,"Hair Coloring, Highlights, Hair Spa",11AM to 9PM,9651218776
947,Trendy Lounge 947,Shivaji Nagar,4.1,381,High,"Bridal Makeup, Hair Styling, Skincare",10AM to 8PM,9362523482
948,Trendy Lounge 948,Hinjewadi,4.5,140,Medium,"Hair Coloring, Highlights, Hair Spa",8AM to 9PM,9506419602
949,Urban Lounge 949,FC Road,4.7,835,High,"Haircut, Styling, Facial, Manicure, Pedicure",8AM to 11PM,9440354355
950,Aura Makeover 950,Kothrud,4,545,Low,"Haircut, Beard Trim, Cleanup",10AM to 8PM,9800394055
951,Aura Salon 951,Hadapsar,4,746,High,"Hair Spa, Coloring, Keratin, Smoothening",10AM to 10PM,9893116832
952,Glow Studio 952,Pimple Saudagar,4.8,511,Low,"Haircut, Beard Trim, Cleanup",10AM to 8PM,9501903242
953,Trendy Lounge 953,Viman Nagar,4.6,1419,Low,"Hair Coloring, Highlights, Hair Spa",11AM to 9PM,9821351337
954,Elite Makeover 954,Viman Nagar,3.7,251,Medium,"Haircut, Styling, Facial, Manicure, Pedicure",9AM to 9PM,9345363634
955,Urban Studio 955,Pimple Saudagar,4.3,1054,Medium,"Bridal Makeup, Hair Styling, Skincare",9AM to 9PM,9559530780
956,Trendy Makeover 956,Shivaji Nagar,3.7,1293,Low,"Haircut, Styling, Facial, Manicure, Pedicure",10AM to 11PM,9388264877
957,Aura Salon 957,Karve Nagar,4.5,713,Low,"Facial, Cleanup, Waxing, Threading",9AM to 9PM,9586411141
958,Style Studio 958,Hadapsar,4.7,1411,Low,"Hair Coloring, Highlights, Hair Spa",9AM to 9PM,9400995401
959,Style Studio 959,Magarpatta,4,564,Medium,"Haircut, Beard Trim, Cleanup",10AM to 11PM,9128594342
960,Aura Salon 960,Viman Nagar,4.4,376,High,"Haircut, Beard Trim, Cleanup",10AM to 9PM,9127684156
961,Glow Makeover 961,Hadapsar,3.8,385,Medium,"Haircut, Styling, Facial, Manicure, Pedicure",11AM to 9PM,9919770177
962,Royal Makeover 962,Sinhagad Road,4.5,1011,High,"Bridal Makeup, Hair Styling, Skincare",10AM to 11PM,9657496446
963,Style Lounge 963,Sinhagad Road,3.6,1224,Medium,"Bridal Makeup, Hair Styling, Skincare",8AM to 11PM,9727173222
964,Aura Salon 964,Wakad,4,1097,High,"Hair Spa, Coloring, Keratin, Smoothening",10AM to 8PM,9382685313
965,Glow Studio 965,Karve Nagar,4.7,142,High,"Haircut, Styling, Facial, Manicure, Pedicure",11AM to 11PM,9487098296
966,Style Studio 966,Pimple Saudagar,3.6,1257,Low,"Hair Coloring, Highlights, Hair Spa",11AM to 8PM,9193364581
967,Aura Studio 967,Baner,4.6,788,Medium,"Hair Coloring, Highlights, Hair Spa",10AM to 10PM,9388196530
968,Glow Makeover 968,Pimple Saudagar,4.3,1226,High,"Haircut, Beard Trim, Cleanup",11AM to 10PM,9516152258
969,Aura Studio 969,FC Road,4.7,1318,Medium,"Facial, Cleanup, Waxing, Threading",9AM to 8PM,9607374562
970,Aura Lounge 970,Pimple Saudagar,4.9,508,Medium,"Hair Coloring, Highlights, Hair Spa",11AM to 8PM,9262159351
971,Trendy Lounge 971,Viman Nagar,4.3,355,Medium,"Haircut, Styling, Facial, Manicure, Pedicure",8AM to 8PM,9837151957
972,Royal Makeover 972,Wakad,4.7,97,Medium,"Facial, Cleanup, Waxing, Threading",8AM to 10PM,9971502194
973,Luxury Studio 973,FC Road,4,481,Low,"Facial, Cleanup, Waxing, Threading",9AM to 10PM,9200463116
974,Style Lounge 974,Aundh,4.5,358,Medium,"Haircut, Styling, Facial, Manicure, Pedicure",10AM to 9PM,9189424060
975,Trendy Makeover 975,Kothrud,3.6,1099,High,"Haircut, Styling, Facial, Manicure, Pedicure",10AM to 10PM,9207239843
976,Royal Lounge 976,Camp,5,340,Medium,"Hair Coloring, Highlights, Hair Spa",9AM to 11PM,9411979136
977,Style Salon 977,Hinjewadi,3.5,398,High,"Haircut, Beard Trim, Cleanup",11AM to 8PM,9663453785
978,Royal Studio 978,Wakad,4,45,Medium,"Hair Coloring, Highlights, Hair Spa",11AM to 9PM,9363614395
979,Luxury Lounge 979,Camp,4.9,1278,Medium,"Haircut, Beard Trim, Cleanup",10AM to 9PM,9980237188
980,Urban Studio 980,Wakad,3.9,578,High,"Facial, Cleanup, Waxing, Threading",8AM to 8PM,9422803868
981,Luxury Salon 981,Koregaon Park,4.7,642,Low,"Hair Coloring, Highlights, Hair Spa",8AM to 8PM,9590970841
982,Glow Salon 982,Sinhagad Road,4,676,Low,"Hair Spa, Coloring, Keratin, Smoothening",10AM to 9PM,9587902869
983,Trendy Makeover 983,Hadapsar,3.8,363,Medium,"Haircut, Beard Trim, Cleanup",9AM to 9PM,9406368688
984,Luxury Salon 984,Wakad,4.9,817,High,"Facial, Cleanup, Waxing, Threading",10AM to 9PM,9654593971
985,Glow Lounge 985,Shivaji Nagar,3.9,810,High,"Hair Coloring, Highlights, Hair Spa",11AM to 11PM,9630242443
986,Urban Makeover 986,Baner,3.5,967,High,"Hair Coloring, Highlights, Hair Spa",8AM to 9PM,9799389207
987,Style Salon 987,Aundh,4.3,1343,Medium,"Facial, Cleanup, Waxing, Threading",11AM to 8PM,9515665279
988,Urban Salon 988,Sinhagad Road,4.2,1061,High,"Haircut, Styling, Facial, Manicure, Pedicure",9AM to 11PM,9246898327
989,Elite Lounge 989,Magarpatta,4.9,1211,Low,"Hair Coloring, Highlights, Hair Spa",9AM to 10PM,9293850246
990,Luxury Makeover 990,Shivaji Nagar,4.1,676,Low,"Hair Spa, Coloring, Keratin, Smoothening",11AM to 9PM,9914067171
991,Elite Salon 991,Camp,4.6,760,High,"Haircut, Styling, Facial, Manicure, Pedicure",8AM to 8PM,9386583309
992,Trendy Studio 992,Camp,3.5,1123,Medium,"Haircut, Beard Trim, Cleanup",11AM to 10PM,9208589058
993,Aura Salon 993,Hinjewadi,3.6,43,Low,"Haircut, Beard Trim, Cleanup",11AM to 8PM,9591157609
994,Royal Lounge 994,Baner,4.4,420,Low,"Facial, Cleanup, Waxing, Threading",11AM to 11PM,9620891155
995,Urban Salon 995,Wakad,4.3,159,Low,"Hair Coloring, Highlights, Hair Spa",10AM to 8PM,9719181207
996,Elite Makeover 996,Hadapsar,4.5,968,High,"Bridal Makeup, Hair Styling, Skincare",10AM to 8PM,9795222687
997,Luxury Makeover 997,Camp,3.6,1027,Low,"Haircut, Beard Trim, Cleanup",11AM to 11PM,9238173571
998,Elite Makeover 998,Shivaji Nagar,4.3,811,Low,"Haircut, Styling, Facial, Manicure, Pedicure",11AM to 10PM,9651491744
999,Luxury Studio 999,Koregaon Park,4.8,312,Medium,"Hair Coloring, Highlights, Hair Spa",10AM to 8PM,9685477906
1000,Luxury Studio 1000,Koregaon Park,4.2,1317,High,"Hair Spa, Coloring, Keratin, Smoothening",11AM to 10PM,9583695180
1001,Aura Makeover 1001,Hadapsar,4.6,1182,Medium,"Haircut, Styling, Facial, Manicure, Pedicure",8AM to 11PM,7319562555
1002,Aura Salon 1002,Baner,3.4,1271,Low,"Hair Coloring, Highlights, Hair Spa",8AM to 11PM,8071405973
1003,Urban Salon 1003,Shivaji Nagar,3.3,1830,High,"Haircut, Styling, Facial, Manicure, Pedicure",11AM to 11PM,9400162931
1004,Trendy Studio 1004,Baner,4.6,246,Low,"Facial, Cleanup, Waxing, Threading",9AM to 10PM,7128528238
1005,Elite Studio 1005,Koregaon Park,3.5,563,High,"Bridal Makeup, Hair Styling, Skincare",10AM to 11PM,7290343545
1006,Urban Makeover 1006,FC Road,4.1,857,Medium,"Bridal Makeup, Hair Styling, Skincare",11AM to 10PM,8704458546
1007,Luxury Makeover 1007,Baner,4.7,1396,High,"Hair Coloring, Highlights, Hair Spa",10AM to 8PM,7093722017
1008,Royal Lounge 1008,Shivaji Nagar,3.7,144,Low,"Hair Coloring, Highlights, Hair Spa",9AM to 8PM,8044100239
1009,Luxury Lounge 1009,Shivaji Nagar,4.8,1828,Medium,"Hair Coloring, Highlights, Hair Spa",8AM to 9PM,9685181769
1010,Luxury Studio 1010,Koregaon Park,4.2,1684,Low,"Haircut, Beard Trim, Cleanup",9AM to 10PM,8279749321
1011,Elite Studio 1011,Magarpatta,4.5,1205,Low,"Haircut, Styling, Facial, Manicure, Pedicure",10AM to 11PM,8384830679
1012,Trendy Studio 1012,Hinjewadi,4.9,1259,Low,"Haircut, Beard Trim, Cleanup",11AM to 11PM,7947701365
1013,Luxury Studio 1013,Aundh,3.4,1766,Low,"Bridal Makeup, Hair Styling, Skincare",9AM to 10PM,9180874282
1014,Trendy Lounge 1014,Shivaji Nagar,4.5,99,Low,"Hair Spa, Coloring, Keratin, Smoothening",10AM to 9PM,7126852999
1015,Style Lounge 1015,Camp,4.1,1443,High,"Haircut, Styling, Facial, Manicure, Pedicure",9AM to 10PM,8639129269
1016,Royal Studio 1016,Viman Nagar,4.1,1959,Low,"Hair Coloring, Highlights, Hair Spa",8AM to 8PM,9502694087
1017,Luxury Lounge 1017,Pimple Saudagar,3.1,549,Low,"Hair Spa, Coloring, Keratin, Smoothening",9AM to 8PM,7955671570
1018,Elite Salon 1018,Aundh,3.4,1275,Low,"Hair Coloring, Highlights, Hair Spa",9AM to 9PM,9799614726
1019,Royal Salon 1019,Karve Nagar,4.4,842,Medium,"Facial, Cleanup, Waxing, Threading",9AM to 10PM,8622326207
1020,Urban Studio 1020,Kothrud,3.9,1308,Medium,"Hair Spa, Coloring, Keratin, Smoothening",11AM to 8PM,7013752775
1021,Glow Lounge 1021,Shivaji Nagar,4.6,1698,Medium,"Hair Coloring, Highlights, Hair Spa",11AM to 11PM,7523551190
1022,Royal Salon 1022,Magarpatta,4.9,1954,High,"Haircut, Styling, Facial, Manicure, Pedicure",9AM to 9PM,7907206396
1023,Aura Makeover 1023,Pimple Saudagar,3.9,1706,Medium,"Facial, Cleanup, Waxing, Threading",10AM to 9PM,8524942109
1024,Royal Salon 1024,Magarpatta,4.6,25,High,"Haircut, Styling, Facial, Manicure, Pedicure",9AM to 11PM,7457498177
1025,Style Makeover 1025,Hinjewadi,4.3,1534,Low,"Haircut, Beard Trim, Cleanup",10AM to 11PM,7634319265
1026,Trendy Studio 1026,Koregaon Park,3.6,1550,High,"Hair Spa, Coloring, Keratin, Smoothening",8AM to 10PM,7840879431
1027,Urban Lounge 1027,Sinhagad Road,4.1,1014,Medium,"Hair Spa, Coloring, Keratin, Smoothening",9AM to 8PM,8942805270
1028,Royal Studio 1028,Hinjewadi,4.2,551,High,"Hair Coloring, Highlights, Hair Spa",8AM to 9PM,8439388697
1029,Urban Lounge 1029,Koregaon Park,3.5,659,Low,"Haircut, Beard Trim, Cleanup",11AM to 11PM,9499762663
1030,Luxury Lounge 1030,Shivaji Nagar,3.1,1625,Medium,"Haircut, Styling, Facial, Manicure, Pedicure",10AM to 9PM,8172327177
1031,Luxury Lounge 1031,Magarpatta,4.5,514,Medium,"Haircut, Beard Trim, Cleanup",10AM to 8PM,8883523139
1032,Royal Studio 1032,Wakad,4.5,948,Medium,"Facial, Cleanup, Waxing, Threading",9AM to 11PM,9709701987
1033,Aura Salon 1033,Sinhagad Road,4.8,1509,High,"Haircut, Beard Trim, Cleanup",8AM to 11PM,9620472212
1034,Elite Salon 1034,Magarpatta,4,1845,High,"Bridal Makeup, Hair Styling, Skincare",11AM to 9PM,7264432330
1035,Royal Studio 1035,Pimple Saudagar,4,1839,High,"Bridal Makeup, Hair Styling, Skincare",10AM to 10PM,7251239040
1036,Glow Lounge 1036,Karve Nagar,3.2,1129,High,"Haircut, Styling, Facial, Manicure, Pedicure",10AM to 9PM,7835649378
1037,Luxury Salon 1037,Pimple Saudagar,3.9,1441,Low,"Hair Coloring, Highlights, Hair Spa",10AM to 9PM,9126588108
1038,Elite Studio 1038,Wakad,4.6,1718,High,"Bridal Makeup, Hair Styling, Skincare",10AM to 9PM,9357810464
1039,Trendy Makeover 1039,Kothrud,3.1,389,High,"Facial, Cleanup, Waxing, Threading",11AM to 8PM,8358196587
1040,Aura Lounge 1040,FC Road,3.6,1046,Low,"Haircut, Beard Trim, Cleanup",8AM to 11PM,9568582226
1041,Glow Studio 1041,Kothrud,4.8,476,Low,"Bridal Makeup, Hair Styling, Skincare",11AM to 8PM,8850166769
1042,Trendy Salon 1042,Magarpatta,3.1,1078,High,"Hair Spa, Coloring, Keratin, Smoothening",10AM to 9PM,9719299868
1043,Royal Lounge 1043,Magarpatta,3.1,923,High,"Facial, Cleanup, Waxing, Threading",8AM to 8PM,8958375832
1044,Trendy Lounge 1044,Hinjewadi,3.8,511,High,"Hair Spa, Coloring, Keratin, Smoothening",10AM to 9PM,9455623789
1045,Royal Salon 1045,Wakad,4.5,526,Low,"Facial, Cleanup, Waxing, Threading",10AM to 10PM,8786935237
1046,Elite Lounge 1046,Pimple Saudagar,3.5,398,Low,"Hair Coloring, Highlights, Hair Spa",8AM to 9PM,9863454834
1047,Luxury Makeover 1047,Hadapsar,3.4,807,Low,"Bridal Makeup, Hair Styling, Skincare",9AM to 11PM,7483181093
1048,Urban Studio 1048,Shivaji Nagar,3.6,1938,Low,"Facial, Cleanup, Waxing, Threading",10AM to 9PM,8489124606
1049,Urban Studio 1049,Pimple Saudagar,4.1,401,Medium,"Hair Spa, Coloring, Keratin, Smoothening",8AM to 8PM,8475052487
1050,Elite Makeover 1050,Camp,4.1,537,Medium,"Facial, Cleanup, Waxing, Threading",11AM to 8PM,9889570733
1051,Urban Salon 1051,Koregaon Park,3.4,1338,High,"Facial, Cleanup, Waxing, Threading",11AM to 11PM,8265096493
1052,Luxury Studio 1052,Viman Nagar,3.4,1625,High,"Hair Coloring, Highlights, Hair Spa",10AM to 11PM,8699110872
1053,Aura Makeover 1053,Hinjewadi,4.4,824,High,"Facial, Cleanup, Waxing, Threading",10AM to 8PM,7917350857
1054,Glow Salon 1054,Pimple Saudagar,3.4,1637,High,"Haircut, Styling, Facial, Manicure, Pedicure",9AM to 10PM,7908285676
1055,Luxury Studio 1055,Sinhagad Road,4.6,130,High,"Hair Coloring, Highlights, Hair Spa",10AM to 8PM,7624333150
1056,Glow Studio 1056,Hinjewadi,4.2,176,Medium,"Haircut, Beard Trim, Cleanup",9AM to 8PM,8209682280
1057,Elite Salon 1057,Camp,3.1,909,Low,"Hair Spa, Coloring, Keratin, Smoothening",8AM to 11PM,9699831977
1058,Glow Makeover 1058,Pimple Saudagar,3.2,1271,Low,"Bridal Makeup, Hair Styling, Skincare",11AM to 8PM,8556616476
1059,Trendy Lounge 1059,Aundh,4.5,1326,Medium,"Haircut, Styling, Facial, Manicure, Pedicure",9AM to 8PM,9293901502
1060,Trendy Studio 1060,Viman Nagar,3.4,942,High,"Haircut, Beard Trim, Cleanup",9AM to 8PM,7720645051
1061,Luxury Salon 1061,Viman Nagar,4.7,1196,Low,"Bridal Makeup, Hair Styling, Skincare",11AM to 11PM,8633502952
1062,Luxury Salon 1062,Viman Nagar,4.3,457,Low,"Bridal Makeup, Hair Styling, Skincare",11AM to 11PM,7783724703
1063,Aura Salon 1063,Koregaon Park,4.5,281,Low,"Haircut, Beard Trim, Cleanup",11AM to 9PM,9130613855
1064,Style Salon 1064,Hinjewadi,4.2,590,High,"Haircut, Beard Trim, Cleanup",8AM to 10PM,8399504135
1065,Urban Salon 1065,Pimple Saudagar,3.5,1273,High,"Hair Spa, Coloring, Keratin, Smoothening",11AM to 9PM,8697695970
1066,Aura Makeover 1066,Sinhagad Road,4.8,1443,High,"Facial, Cleanup, Waxing, Threading",8AM to 9PM,8501644498
1067,Trendy Lounge 1067,Pimple Saudagar,4.1,1689,High,"Hair Coloring, Highlights, Hair Spa",8AM to 8PM,9741644098
1068,Luxury Salon 1068,Shivaji Nagar,4.7,1428,Medium,"Haircut, Styling, Facial, Manicure, Pedicure",8AM to 11PM,8060063382
1069,Royal Makeover 1069,Kothrud,4.8,1727,Medium,"Hair Coloring, Highlights, Hair Spa",11AM to 9PM,8028042871
1070,Aura Salon 1070,Hadapsar,4.3,76,Medium,"Hair Spa, Coloring, Keratin, Smoothening",8AM to 10PM,7410091044
1071,Royal Salon 1071,Camp,4.3,159,Low,"Facial, Cleanup, Waxing, Threading",8AM to 9PM,7763823058
1072,Elite Makeover 1072,Pimple Saudagar,3.4,61,High,"Haircut, Styling, Facial, Manicure, Pedicure",8AM to 10PM,8037807164
1073,Royal Makeover 1073,Pimple Saudagar,3.9,165,Low,"Hair Coloring, Highlights, Hair Spa",10AM to 8PM,7865688496
1074,Trendy Lounge 1074,Kothrud,3.6,1779,Medium,"Hair Spa, Coloring, Keratin, Smoothening",10AM to 8PM,8896818012
1075,Elite Lounge 1075,Kothrud,3.9,1815,Low,"Bridal Makeup, Hair Styling, Skincare",9AM to 8PM,9539451235
1076,Aura Studio 1076,Camp,5,1599,Low,"Hair Spa, Coloring, Keratin, Smoothening",11AM to 8PM,7668635262
1077,Elite Lounge 1077,Hadapsar,4.6,426,Low,"Facial, Cleanup, Waxing, Threading",9AM to 10PM,8575420164
1078,Style Makeover 1078,Viman Nagar,4.8,1166,High,"Haircut, Beard Trim, Cleanup",8AM to 9PM,8980482612
1079,Urban Salon 1079,Kothrud,4,1887,Low,"Haircut, Beard Trim, Cleanup",10AM to 11PM,9774682463
1080,Aura Lounge 1080,Viman Nagar,4.8,653,Low,"Haircut, Styling, Facial, Manicure, Pedicure",10AM to 8PM,7581057171
1081,Aura Lounge 1081,Hadapsar,3.2,778,High,"Bridal Makeup, Hair Styling, Skincare",8AM to 11PM,8897848660
1082,Urban Salon 1082,Karve Nagar,4,874,High,"Haircut, Styling, Facial, Manicure, Pedicure",10AM to 8PM,9769506818
1083,Urban Salon 1083,Magarpatta,4.4,1942,High,"Hair Spa, Coloring, Keratin, Smoothening",9AM to 11PM,9993938073
1084,Royal Salon 1084,Aundh,4.3,1128,Low,"Facial, Cleanup, Waxing, Threading",11AM to 11PM,7627815195
1085,Luxury Makeover 1085,Viman Nagar,4.7,1368,High,"Haircut, Styling, Facial, Manicure, Pedicure",10AM to 10PM,8653507103
1086,Luxury Makeover 1086,Camp,3.9,591,High,"Hair Coloring, Highlights, Hair Spa",9AM to 10PM,8646875711
1087,Style Makeover 1087,Sinhagad Road,4.1,1731,High,"Hair Spa, Coloring, Keratin, Smoothening",11AM to 11PM,9123222041
1088,Trendy Makeover 1088,FC Road,3.9,992,Low,"Hair Coloring, Highlights, Hair Spa",9AM to 11PM,7686552082
1089,Urban Makeover 1089,Magarpatta,3.1,1423,Medium,"Facial, Cleanup, Waxing, Threading",9AM to 10PM,9537138309
1090,Elite Studio 1090,Aundh,4.2,973,Medium,"Haircut, Styling, Facial, Manicure, Pedicure",10AM to 8PM,9857814579
1091,Aura Makeover 1091,Wakad,4.6,1411,High,"Haircut, Styling, Facial, Manicure, Pedicure",8AM to 10PM,8745530258
1092,Elite Salon 1092,Magarpatta,3.7,455,Medium,"Haircut, Beard Trim, Cleanup",9AM to 9PM,8293527758
1093,Elite Lounge 1093,Baner,3.7,1717,Low,"Haircut, Styling, Facial, Manicure, Pedicure",10AM to 11PM,7562743582
1094,Trendy Makeover 1094,Karve Nagar,3.5,187,Medium,"Facial, Cleanup, Waxing, Threading",11AM to 9PM,9824630631
1095,Royal Lounge 1095,Shivaji Nagar,4.5,1555,Medium,"Bridal Makeup, Hair Styling, Skincare",9AM to 10PM,8653834209
1096,Style Studio 1096,Sinhagad Road,3.4,909,High,"Facial, Cleanup, Waxing, Threading",9AM to 11PM,9820204951
1097,Elite Lounge 1097,Magarpatta,4.9,406,High,"Facial, Cleanup, Waxing, Threading",9AM to 11PM,7533768768
1098,Elite Makeover 1098,FC Road,4.8,1643,Low,"Haircut, Beard Trim, Cleanup",8AM to 10PM,8861703173
1099,Glow Lounge 1099,Wakad,4.7,50,High,"Haircut, Beard Trim, Cleanup",8AM to 8PM,9864259351
1100,Glow Makeover 1100,Magarpatta,4,427,Low,"Hair Spa, Coloring, Keratin, Smoothening",10AM to 9PM,9204849711
1101,Urban Makeover 1101,FC Road,3.7,1637,Medium,"Bridal Makeup, Hair Styling, Skincare",9AM to 10PM,7425983540
1102,Urban Makeover 1102,Camp,4.5,1280,Low,"Bridal Makeup, Hair Styling, Skincare",10AM to 8PM,8427759390
1103,Elite Studio 1103,Baner,4.2,1062,Medium,"Bridal Makeup, Hair Styling, Skincare",11AM to 8PM,7730761140
1104,Style Salon 1104,Viman Nagar,4.4,709,Medium,"Haircut, Styling, Facial, Manicure, Pedicure",11AM to 10PM,9976690924
1105,Style Salon 1105,FC Road,5,1829,Low,"Hair Spa, Coloring, Keratin, Smoothening",8AM to 11PM,7267741032
1106,Aura Lounge 1106,Magarpatta,4.2,685,High,"Haircut, Styling, Facial, Manicure, Pedicure",11AM to 8PM,7486677378
1107,Style Lounge 1107,Pimple Saudagar,3.9,1063,High,"Haircut, Beard Trim, Cleanup",8AM to 10PM,8930303954
1108,Luxury Makeover 1108,Pimple Saudagar,3.3,1589,High,"Facial, Cleanup, Waxing, Threading",10AM to 9PM,8678462589
1109,Luxury Makeover 1109,Wakad,3.2,1830,Low,"Haircut, Beard Trim, Cleanup",10AM to 9PM,9239174128
1110,Luxury Makeover 1110,FC Road,3.5,642,High,"Bridal Makeup, Hair Styling, Skincare",11AM to 8PM,8506778223
1111,Glow Makeover 1111,Pimple Saudagar,3.4,1630,Medium,"Haircut, Beard Trim, Cleanup",8AM to 9PM,9703680963
1112,Aura Makeover 1112,Magarpatta,4.5,965,Medium,"Hair Coloring, Highlights, Hair Spa",8AM to 10PM,9215906629
1113,Luxury Lounge 1113,Wakad,3.6,591,High,"Facial, Cleanup, Waxing, Threading",10AM to 8PM,8670597978
1114,Luxury Makeover 1114,Hinjewadi,3.5,1931,High,"Facial, Cleanup, Waxing, Threading",10AM to 11PM,9433674533
1115,Trendy Salon 1115,FC Road,3.1,1513,Low,"Bridal Makeup, Hair Styling, Skincare",8AM to 11PM,8114202502
1116,Royal Makeover 1116,Kothrud,4,697,Medium,"Hair Spa, Coloring, Keratin, Smoothening",10AM to 8PM,8128297586
1117,Style Salon 1117,Wakad,4.8,267,High,"Hair Coloring, Highlights, Hair Spa",11AM to 11PM,8544073085
1118,Elite Salon 1118,Baner,3.6,944,Medium,"Hair Coloring, Highlights, Hair Spa",8AM to 8PM,9507738928
1119,Urban Salon 1119,Baner,4.1,1895,Low,"Hair Spa, Coloring, Keratin, Smoothening",8AM to 10PM,7410323363
1120,Urban Makeover 1120,Magarpatta,4,824,High,"Facial, Cleanup, Waxing, Threading",10AM to 11PM,9855168613
1121,Style Salon 1121,FC Road,3.4,475,Medium,"Hair Spa, Coloring, Keratin, Smoothening",8AM to 10PM,9753249492
1122,Royal Lounge 1122,Koregaon Park,4.2,1775,Medium,"Hair Coloring, Highlights, Hair Spa",9AM to 9PM,8543915369
1123,Glow Makeover 1123,Sinhagad Road,4.2,601,Medium,"Hair Spa, Coloring, Keratin, Smoothening",8AM to 11PM,7435364603
1124,Luxury Salon 1124,Aundh,4.4,1419,High,"Hair Coloring, Highlights, Hair Spa",11AM to 11PM,7423329685
1125,Luxury Studio 1125,Karve Nagar,4.6,1524,High,"Bridal Makeup, Hair Styling, Skincare",11AM to 11PM,8208515622
1126,Royal Makeover 1126,Shivaji Nagar,3.8,104,High,"Hair Coloring, Highlights, Hair Spa",11AM to 11PM,8130206452
1127,Aura Makeover 1127,Pimple Saudagar,3.1,268,Low,"Haircut, Styling, Facial, Manicure, Pedicure",9AM to 11PM,8285460842
1128,Luxury Salon 1128,Sinhagad Road,4.8,1681,Medium,"Haircut, Styling, Facial, Manicure, Pedicure",10AM to 9PM,8355312723
1129,Aura Makeover 1129,Hinjewadi,3.9,841,High,"Haircut, Beard Trim, Cleanup",8AM to 11PM,7025821372
1130,Trendy Makeover 1130,Pimple Saudagar,4.1,804,Medium,"Facial, Cleanup, Waxing, Threading",11AM to 10PM,7619210156
1131,Luxury Studio 1131,Karve Nagar,3.8,515,Low,"Haircut, Styling, Facial, Manicure, Pedicure",11AM to 10PM,7475317247
1132,Aura Lounge 1132,Hadapsar,4,1080,Low,"Haircut, Styling, Facial, Manicure, Pedicure",11AM to 10PM,9585473818
1133,Style Salon 1133,Baner,3,940,Medium,"Haircut, Beard Trim, Cleanup",10AM to 8PM,9208395358
1134,Urban Studio 1134,Sinhagad Road,4,1827,Low,"Bridal Makeup, Hair Styling, Skincare",8AM to 10PM,8234034619
1135,Trendy Makeover 1135,Aundh,4.8,751,Medium,"Bridal Makeup, Hair Styling, Skincare",8AM to 10PM,9520736005
1136,Elite Lounge 1136,Magarpatta,4.7,707,Low,"Hair Coloring, Highlights, Hair Spa",8AM to 11PM,7766053782
1137,Royal Lounge 1137,Hinjewadi,3.9,247,High,"Haircut, Beard Trim, Cleanup",9AM to 8PM,7467185523
1138,Glow Lounge 1138,Koregaon Park,4.9,1484,Medium,"Facial, Cleanup, Waxing, Threading",9AM to 11PM,9513198495
1139,Aura Makeover 1139,Viman Nagar,4.1,1018,Medium,"Haircut, Styling, Facial, Manicure, Pedicure",9AM to 11PM,8197925594
1140,Luxury Makeover 1140,Camp,5,87,Medium,"Facial, Cleanup, Waxing, Threading",10AM to 9PM,7323779749
1141,Elite Makeover 1141,Koregaon Park,3.4,183,Medium,"Hair Spa, Coloring, Keratin, Smoothening",8AM to 11PM,8301027885
1142,Style Salon 1142,Hadapsar,5,1216,High,"Haircut, Beard Trim, Cleanup",11AM to 11PM,8072021243
1143,Aura Lounge 1143,Koregaon Park,3.2,1872,High,"Hair Spa, Coloring, Keratin, Smoothening",9AM to 9PM,8238932902
1144,Trendy Lounge 1144,Wakad,3.3,1017,High,"Hair Coloring, Highlights, Hair Spa",10AM to 8PM,9468425439
1145,Elite Salon 1145,Camp,3.4,931,Low,"Bridal Makeup, Hair Styling, Skincare",11AM to 9PM,9023242929
1146,Urban Salon 1146,Magarpatta,4.8,801,High,"Facial, Cleanup, Waxing, Threading",8AM to 8PM,9893903571
1147,Trendy Lounge 1147,Karve Nagar,3.2,793,High,"Bridal Makeup, Hair Styling, Skincare",9AM to 10PM,8687816529
1148,Style Studio 1148,Magarpatta,3.1,861,High,"Hair Coloring, Highlights, Hair Spa",11AM to 11PM,9624273099
1149,Elite Lounge 1149,Aundh,4.6,1224,High,"Bridal Makeup, Hair Styling, Skincare",11AM to 9PM,7818500429
1150,Urban Makeover 1150,Karve Nagar,4.2,1224,High,"Haircut, Beard Trim, Cleanup",9AM to 10PM,8742259027
1151,Royal Salon 1151,Aundh,4.5,938,Low,"Haircut, Styling, Facial, Manicure, Pedicure",10AM to 10PM,8610866682
1152,Glow Studio 1152,Baner,3.3,584,Low,"Hair Spa, Coloring, Keratin, Smoothening",11AM to 11PM,7512409647
1153,Elite Makeover 1153,Hadapsar,3.8,838,Low,"Bridal Makeup, Hair Styling, Skincare",9AM to 10PM,8680229679
1154,Glow Lounge 1154,Aundh,4.3,1799,Low,"Haircut, Beard Trim, Cleanup",11AM to 11PM,9666396814
1155,Trendy Salon 1155,Hadapsar,4.9,1758,Medium,"Hair Coloring, Highlights, Hair Spa",11AM to 9PM,8777140569
1156,Glow Studio 1156,Sinhagad Road,5,297,Medium,"Haircut, Styling, Facial, Manicure, Pedicure",8AM to 10PM,7576475597
1157,Aura Salon 1157,Kothrud,3,945,Low,"Hair Spa, Coloring, Keratin, Smoothening",8AM to 8PM,9719746775
1158,Style Lounge 1158,Aundh,4.5,991,High,"Hair Coloring, Highlights, Hair Spa",10AM to 9PM,9315989025
1159,Luxury Studio 1159,Wakad,4.9,197,High,"Facial, Cleanup, Waxing, Threading",11AM to 11PM,9186486056
1160,Luxury Makeover 1160,Shivaji Nagar,4.6,670,Low,"Hair Spa, Coloring, Keratin, Smoothening",11AM to 10PM,8782989141
1161,Luxury Makeover 1161,Wakad,4.3,1172,Medium,"Haircut, Styling, Facial, Manicure, Pedicure",11AM to 11PM,8437225294
1162,Royal Lounge 1162,Viman Nagar,3.9,1723,High,"Haircut, Styling, Facial, Manicure, Pedicure",10AM to 8PM,8231420492
1163,Elite Studio 1163,Aundh,3.2,1436,Medium,"Haircut, Styling, Facial, Manicure, Pedicure",10AM to 8PM,9576635573
1164,Trendy Lounge 1164,Sinhagad Road,3.8,1113,High,"Facial, Cleanup, Waxing, Threading",10AM to 9PM,9844017320
1165,Elite Lounge 1165,Pimple Saudagar,4.6,1285,Medium,"Hair Coloring, Highlights, Hair Spa",10AM to 9PM,8912713283
1166,Elite Studio 1166,FC Road,3.7,749,Medium,"Haircut, Beard Trim, Cleanup",8AM to 8PM,8764827089
1167,Elite Studio 1167,Wakad,4.9,1079,High,"Hair Coloring, Highlights, Hair Spa",9AM to 11PM,9924014575
1168,Luxury Lounge 1168,Hadapsar,3.6,1842,High,"Haircut, Beard Trim, Cleanup",10AM to 10PM,8594589469
1169,Luxury Salon 1169,Aundh,3.9,733,Low,"Hair Coloring, Highlights, Hair Spa",10AM to 11PM,8881356530
1170,Aura Salon 1170,Camp,4.5,572,Medium,"Facial, Cleanup, Waxing, Threading",11AM to 8PM,7722777383
1171,Elite Lounge 1171,Koregaon Park,3.2,1470,Medium,"Haircut, Styling, Facial, Manicure, Pedicure",11AM to 8PM,7608253802
1172,Aura Studio 1172,Viman Nagar,4.1,1251,Medium,"Facial, Cleanup, Waxing, Threading",11AM to 10PM,7860392346
1173,Elite Lounge 1173,Hadapsar,4.5,17,Medium,"Haircut, Styling, Facial, Manicure, Pedicure",11AM to 11PM,7999038538
1174,Trendy Lounge 1174,Magarpatta,4.5,946,Low,"Hair Spa, Coloring, Keratin, Smoothening",11AM to 9PM,9939328989
1175,Trendy Lounge 1175,FC Road,3.2,1539,Low,"Haircut, Styling, Facial, Manicure, Pedicure",11AM to 11PM,8472201153
1176,Style Lounge 1176,Pimple Saudagar,3.4,891,Low,"Haircut, Styling, Facial, Manicure, Pedicure",8AM to 10PM,8440952314
1177,Aura Makeover 1177,Camp,4.6,1284,High,"Hair Coloring, Highlights, Hair Spa",8AM to 11PM,9107560005
1178,Style Lounge 1178,Magarpatta,3.6,707,Medium,"Haircut, Beard Trim, Cleanup",10AM to 8PM,9517052309
1179,Style Studio 1179,Shivaji Nagar,4.2,330,High,"Facial, Cleanup, Waxing, Threading",9AM to 8PM,8766729625
1180,Aura Lounge 1180,Baner,3.5,1675,High,"Haircut, Beard Trim, Cleanup",9AM to 11PM,9219576408
1181,Royal Studio 1181,Sinhagad Road,3.4,1670,High,"Bridal Makeup, Hair Styling, Skincare",10AM to 9PM,8894886990
1182,Style Lounge 1182,Wakad,3.8,379,Medium,"Hair Spa, Coloring, Keratin, Smoothening",11AM to 11PM,7761755621
1183,Urban Makeover 1183,Shivaji Nagar,4.2,1390,Low,"Bridal Makeup, Hair Styling, Skincare",8AM to 8PM,9942185296
1184,Luxury Studio 1184,Hinjewadi,3.9,745,Low,"Bridal Makeup, Hair Styling, Skincare",10AM to 11PM,9033329221
1185,Style Salon 1185,Sinhagad Road,4.4,975,Medium,"Haircut, Styling, Facial, Manicure, Pedicure",8AM to 11PM,9974317289
1186,Elite Makeover 1186,Hinjewadi,3.7,1249,High,"Hair Spa, Coloring, Keratin, Smoothening",8AM to 8PM,9736581880
1187,Aura Salon 1187,Hinjewadi,3.1,144,Low,"Hair Coloring, Highlights, Hair Spa",11AM to 11PM,9498529871
1188,Trendy Makeover 1188,Wakad,3.8,1715,Low,"Facial, Cleanup, Waxing, Threading",8AM to 10PM,7320800459
1189,Style Salon 1189,Hadapsar,4.4,717,Low,"Hair Spa, Coloring, Keratin, Smoothening",9AM to 11PM,7622971637
1190,Elite Salon 1190,Wakad,4.5,483,Medium,"Hair Spa, Coloring, Keratin, Smoothening",10AM to 8PM,7290509421
1191,Glow Makeover 1191,Aundh,4.3,708,High,"Bridal Makeup, Hair Styling, Skincare",11AM to 8PM,9320729127
1192,Trendy Makeover 1192,Viman Nagar,3.9,1710,Medium,"Facial, Cleanup, Waxing, Threading",10AM to 10PM,9436434167
1193,Trendy Studio 1193,Baner,3.7,638,High,"Hair Coloring, Highlights, Hair Spa",9AM to 11PM,9814847857
1194,Style Makeover 1194,Kothrud,3.6,545,Low,"Bridal Makeup, Hair Styling, Skincare",10AM to 11PM,7858118760
1195,Glow Lounge 1195,Hinjewadi,3.2,1293,High,"Haircut, Styling, Facial, Manicure, Pedicure",8AM to 9PM,7461758626
1196,Trendy Lounge 1196,Koregaon Park,3,1550,Low,"Hair Coloring, Highlights, Hair Spa",11AM to 9PM,8736843164
1197,Trendy Lounge 1197,Pimple Saudagar,3.8,1649,Low,"Hair Spa, Coloring, Keratin, Smoothening",9AM to 11PM,8752893028
1198,Style Makeover 1198,Wakad,5,1953,Low,"Facial, Cleanup, Waxing, Threading",11AM to 9PM,9699446498
1199,Trendy Studio 1199,Karve Nagar,3.4,1354,Medium,"Facial, Cleanup, Waxing, Threading",8AM to 8PM,9156904265
1200,Royal Salon 1200,Viman Nagar,4.8,1916,Low,"Hair Spa, Coloring, Keratin, Smoothening",11AM to 8PM,7647238649
1201,Urban Makeover 1201,Aundh,4.3,1411,Medium,"Facial, Cleanup, Waxing, Threading",8AM to 10PM,7103341598
1202,Aura Makeover 1202,Camp,3.1,1262,Medium,"Bridal Makeup, Hair Styling, Skincare",11AM to 11PM,7031680474
1203,Style Makeover 1203,FC Road,4.7,1966,High,"Bridal Makeup, Hair Styling, Skincare",8AM to 10PM,8262964664
1204,Luxury Studio 1204,Hadapsar,3.3,1590,Low,"Bridal Makeup, Hair Styling, Skincare",10AM to 11PM,8968818423
1205,Glow Salon 1205,Kothrud,4.2,1843,Low,"Hair Spa, Coloring, Keratin, Smoothening",11AM to 8PM,8725963066
1206,Royal Salon 1206,Aundh,3.3,812,Low,"Haircut, Styling, Facial, Manicure, Pedicure",10AM to 11PM,8079604239
1207,Urban Salon 1207,Viman Nagar,3.4,1328,Medium,"Hair Spa, Coloring, Keratin, Smoothening",10AM to 8PM,9755265542
1208,Aura Studio 1208,Aundh,3.9,527,Low,"Hair Coloring, Highlights, Hair Spa",8AM to 8PM,8708289874
1209,Urban Makeover 1209,Hinjewadi,4.3,466,Low,"Haircut, Styling, Facial, Manicure, Pedicure",8AM to 9PM,8918754433
1210,Trendy Studio 1210,Camp,3.6,189,Low,"Bridal Makeup, Hair Styling, Skincare",9AM to 8PM,8644686000
1211,Elite Studio 1211,Kothrud,4.7,393,Low,"Facial, Cleanup, Waxing, Threading",9AM to 11PM,7011211808
1212,Glow Lounge 1212,Wakad,5,1065,Medium,"Haircut, Beard Trim, Cleanup",10AM to 11PM,8113777318
1213,Elite Studio 1213,Kothrud,4.6,771,Medium,"Hair Coloring, Highlights, Hair Spa",10AM to 10PM,9113931243
1214,Luxury Salon 1214,Camp,4.2,454,High,"Hair Coloring, Highlights, Hair Spa",10AM to 8PM,9486534184
1215,Trendy Lounge 1215,Kothrud,3.6,1283,High,"Facial, Cleanup, Waxing, Threading",10AM to 10PM,7107375274
1216,Style Lounge 1216,Baner,3.9,1487,Medium,"Haircut, Styling, Facial, Manicure, Pedicure",11AM to 10PM,9056813119
1217,Trendy Makeover 1217,Camp,4.8,275,High,"Hair Spa, Coloring, Keratin, Smoothening",9AM to 8PM,7819668006
1218,Glow Salon 1218,Hinjewadi,4.2,878,Low,"Facial, Cleanup, Waxing, Threading",11AM to 10PM,8333125792
1219,Style Salon 1219,Aundh,4.5,774,Low,"Haircut, Beard Trim, Cleanup",8AM to 8PM,9548867295
1220,Aura Studio 1220,Viman Nagar,4.7,662,Medium,"Facial, Cleanup, Waxing, Threading",11AM to 8PM,7270797630
1221,Aura Studio 1221,Koregaon Park,4.8,1447,Low,"Hair Spa, Coloring, Keratin, Smoothening",9AM to 9PM,9888722689
1222,Elite Studio 1222,Baner,4.1,1731,High,"Haircut, Styling, Facial, Manicure, Pedicure",10AM to 9PM,7050231746
1223,Trendy Studio 1223,Sinhagad Road,3.7,711,Low,"Haircut, Styling, Facial, Manicure, Pedicure",9AM to 11PM,9003781035
1224,Trendy Lounge 1224,Sinhagad Road,4.1,528,Medium,"Hair Spa, Coloring, Keratin, Smoothening",9AM to 11PM,8408972061
1225,Elite Salon 1225,Kothrud,4.2,52,High,"Hair Coloring, Highlights, Hair Spa",8AM to 10PM,7816738791
1226,Aura Salon 1226,Sinhagad Road,4.5,639,Low,"Haircut, Beard Trim, Cleanup",8AM to 8PM,7261917734
1227,Elite Studio 1227,Wakad,4.9,35,Medium,"Hair Spa, Coloring, Keratin, Smoothening",11AM to 9PM,7351801001
1228,Aura Makeover 1228,Magarpatta,3,722,High,"Haircut, Styling, Facial, Manicure, Pedicure",9AM to 9PM,9079233421
1229,Royal Salon 1229,FC Road,4.6,1933,Low,"Bridal Makeup, Hair Styling, Skincare",10AM to 9PM,7227569976
1230,Aura Makeover 1230,Magarpatta,3.5,769,High,"Hair Spa, Coloring, Keratin, Smoothening",9AM to 10PM,7762548563
1231,Glow Studio 1231,Hinjewadi,3.9,213,Medium,"Hair Spa, Coloring, Keratin, Smoothening",8AM to 10PM,9127610706
1232,Luxury Salon 1232,Hinjewadi,4.5,713,Low,"Bridal Makeup, Hair Styling, Skincare",8AM to 9PM,7461156948
1233,Elite Makeover 1233,Karve Nagar,4.4,28,Medium,"Hair Coloring, Highlights, Hair Spa",9AM to 10PM,8519908979
1234,Trendy Salon 1234,Karve Nagar,3.5,1749,High,"Hair Coloring, Highlights, Hair Spa",10AM to 9PM,8321350443
1235,Elite Studio 1235,Shivaji Nagar,3.6,892,Medium,"Hair Spa, Coloring, Keratin, Smoothening",9AM to 10PM,7201217679
1236,Trendy Salon 1236,Pimple Saudagar,4.4,264,High,"Bridal Makeup, Hair Styling, Skincare",11AM to 10PM,9470335172
1237,Glow Lounge 1237,Viman Nagar,4.8,358,Low,"Facial, Cleanup, Waxing, Threading",8AM to 10PM,7074639677
1238,Luxury Studio 1238,Kothrud,4.9,1162,Low,"Hair Spa, Coloring, Keratin, Smoothening",9AM to 10PM,7952702807
1239,Aura Studio 1239,Kothrud,4.4,678,Medium,"Hair Coloring, Highlights, Hair Spa",8AM to 8PM,7681928676
1240,Style Studio 1240,Koregaon Park,3.9,1386,High,"Bridal Makeup, Hair Styling, Skincare",8AM to 11PM,8984903214
1241,Elite Makeover 1241,Hadapsar,3.4,1298,Low,"Hair Coloring, Highlights, Hair Spa",11AM to 10PM,8572358419
1242,Aura Makeover 1242,Karve Nagar,3.3,182,High,"Haircut, Styling, Facial, Manicure, Pedicure",8AM to 10PM,7045248642
1243,Royal Studio 1243,Magarpatta,4.5,411,High,"Haircut, Styling, Facial, Manicure, Pedicure",10AM to 10PM,9911766687
1244,Trendy Lounge 1244,Koregaon Park,5,270,Medium,"Hair Coloring, Highlights, Hair Spa",10AM to 9PM,9260852336
1245,Trendy Studio 1245,FC Road,4.6,602,Low,"Haircut, Beard Trim, Cleanup",11AM to 8PM,9211664276
1246,Glow Lounge 1246,Koregaon Park,4.9,1972,High,"Hair Coloring, Highlights, Hair Spa",10AM to 10PM,9696046486
1247,Trendy Makeover 1247,Sinhagad Road,3.5,872,High,"Haircut, Beard Trim, Cleanup",9AM to 11PM,8747128864
1248,Luxury Studio 1248,Baner,4.2,1735,Medium,"Haircut, Styling, Facial, Manicure, Pedicure",11AM to 11PM,7078749009
1249,Style Studio 1249,Magarpatta,5,583,Medium,"Haircut, Beard Trim, Cleanup",8AM to 11PM,9123763496
1250,Aura Makeover 1250,Hinjewadi,3.1,1136,High,"Hair Spa, Coloring, Keratin, Smoothening",10AM to 9PM,7902575131
1251,Glow Studio 1251,Karve Nagar,3.1,369,High,"Haircut, Styling, Facial, Manicure, Pedicure",9AM to 9PM,7736405097
1252,Urban Makeover 1252,Baner,3.4,50,Low,"Haircut, Styling, Facial, Manicure, Pedicure",10AM to 10PM,9498749572
1253,Urban Lounge 1253,Pimple Saudagar,4.7,45,Low,"Hair Coloring, Highlights, Hair Spa",10AM to 8PM,7352081370
1254,Urban Makeover 1254,Shivaji Nagar,3.8,941,High,"Haircut, Beard Trim, Cleanup",9AM to 11PM,7866429900
1255,Trendy Salon 1255,Camp,4,474,Low,"Facial, Cleanup, Waxing, Threading",10AM to 10PM,7338192348
1256,Urban Salon 1256,Magarpatta,3.8,1853,Low,"Haircut, Styling, Facial, Manicure, Pedicure",9AM to 11PM,7907776711
1257,Trendy Studio 1257,Aundh,4.8,1083,Low,"Haircut, Beard Trim, Cleanup",11AM to 10PM,8965483997
1258,Urban Salon 1258,Pimple Saudagar,3.2,187,High,"Haircut, Beard Trim, Cleanup",8AM to 10PM,9284383342
1259,Luxury Makeover 1259,Wakad,4.1,323,Low,"Haircut, Beard Trim, Cleanup",10AM to 11PM,7626828159
1260,Style Lounge 1260,Aundh,4.1,808,Low,"Bridal Makeup, Hair Styling, Skincare",8AM to 10PM,9102166348
1261,Trendy Salon 1261,Magarpatta,3.4,101,Medium,"Haircut, Beard Trim, Cleanup",10AM to 11PM,7925730657
1262,Glow Studio 1262,Koregaon Park,4.8,263,Low,"Facial, Cleanup, Waxing, Threading",11AM to 10PM,9192203604
1263,Glow Lounge 1263,Viman Nagar,4.1,457,Low,"Bridal Makeup, Hair Styling, Skincare",9AM to 10PM,7867438680
1264,Elite Lounge 1264,Aundh,3.9,1899,High,"Bridal Makeup, Hair Styling, Skincare",11AM to 10PM,8179496702
1265,Trendy Salon 1265,Magarpatta,4.6,660,High,"Haircut, Beard Trim, Cleanup",11AM to 8PM,9149979997
1266,Royal Makeover 1266,Viman Nagar,4.5,1275,Low,"Haircut, Styling, Facial, Manicure, Pedicure",8AM to 8PM,7740385947
1267,Luxury Lounge 1267,Baner,4.6,1202,High,"Haircut, Styling, Facial, Manicure, Pedicure",10AM to 11PM,7309014311
1268,Glow Salon 1268,Koregaon Park,3.9,996,Low,"Hair Coloring, Highlights, Hair Spa",9AM to 8PM,9913207488
1269,Luxury Lounge 1269,Camp,4.9,1921,Low,"Haircut, Styling, Facial, Manicure, Pedicure",11AM to 9PM,8899701778
1270,Glow Salon 1270,Karve Nagar,3.2,1583,Low,"Hair Coloring, Highlights, Hair Spa",8AM to 10PM,9980455352
1271,Glow Makeover 1271,Aundh,3.3,588,Low,"Hair Spa, Coloring, Keratin, Smoothening",9AM to 8PM,7967214659
1272,Aura Lounge 1272,Pimple Saudagar,4.3,1614,Low,"Hair Coloring, Highlights, Hair Spa",10AM to 11PM,8214589051
1273,Luxury Makeover 1273,Magarpatta,4.8,865,Medium,"Hair Spa, Coloring, Keratin, Smoothening",8AM to 11PM,7062926198
1274,Glow Studio 1274,Wakad,4.5,380,Low,"Haircut, Styling, Facial, Manicure, Pedicure",11AM to 11PM,9501092160
1275,Luxury Lounge 1275,Aundh,3.2,494,High,"Haircut, Beard Trim, Cleanup",10AM to 8PM,7275067616
1276,Royal Salon 1276,Baner,4.8,1115,Medium,"Hair Coloring, Highlights, Hair Spa",9AM to 11PM,7202336035
1277,Aura Makeover 1277,Koregaon Park,4.2,1046,High,"Haircut, Styling, Facial, Manicure, Pedicure",11AM to 8PM,8921806102
1278,Urban Lounge 1278,Baner,3.6,42,Low,"Hair Spa, Coloring, Keratin, Smoothening",11AM to 11PM,7222701773
1279,Elite Makeover 1279,Wakad,3.5,547,High,"Haircut, Styling, Facial, Manicure, Pedicure",8AM to 9PM,7411099988
1280,Elite Lounge 1280,Camp,3.2,631,Low,"Haircut, Styling, Facial, Manicure, Pedicure",8AM to 9PM,7881182325
1281,Glow Makeover 1281,Kothrud,3.1,1816,Low,"Haircut, Styling, Facial, Manicure, Pedicure",10AM to 10PM,9230519357
1282,Style Lounge 1282,Pimple Saudagar,4.3,825,High,"Hair Spa, Coloring, Keratin, Smoothening",11AM to 8PM,9736758285
1283,Urban Studio 1283,FC Road,3.6,1764,Medium,"Hair Coloring, Highlights, Hair Spa",10AM to 8PM,9669116796
1284,Elite Makeover 1284,Viman Nagar,3.8,1367,Low,"Hair Spa, Coloring, Keratin, Smoothening",10AM to 9PM,9525614282
1285,Urban Studio 1285,Hinjewadi,3.1,221,High,"Bridal Makeup, Hair Styling, Skincare",10AM to 10PM,9780253095
1286,Luxury Makeover 1286,Camp,3.3,354,Medium,"Bridal Makeup, Hair Styling, Skincare",11AM to 9PM,8642906832
1287,Style Makeover 1287,Hinjewadi,4.7,326,High,"Facial, Cleanup, Waxing, Threading",10AM to 11PM,9982817029
1288,Glow Makeover 1288,Koregaon Park,4.6,660,High,"Facial, Cleanup, Waxing, Threading",11AM to 11PM,8044241662
1289,Glow Salon 1289,Hinjewadi,4.1,1940,High,"Hair Coloring, Highlights, Hair Spa",9AM to 11PM,9799030155
1290,Urban Studio 1290,Baner,4,423,Low,"Haircut, Beard Trim, Cleanup",9AM to 8PM,7627300118
1291,Royal Lounge 1291,Magarpatta,4.2,85,Low,"Bridal Makeup, Hair Styling, Skincare",9AM to 11PM,7455152371
1292,Aura Salon 1292,Karve Nagar,3.7,742,Medium,"Facial, Cleanup, Waxing, Threading",8AM to 11PM,9927249062
1293,Elite Makeover 1293,Aundh,4.5,486,High,"Facial, Cleanup, Waxing, Threading",8AM to 10PM,8840967543
1294,Trendy Makeover 1294,Hadapsar,3.4,1908,High,"Bridal Makeup, Hair Styling, Skincare",10AM to 8PM,9466965754
1295,Style Salon 1295,Baner,4.1,1707,Low,"Hair Coloring, Highlights, Hair Spa",8AM to 9PM,7781286092
1296,Urban Salon 1296,Karve Nagar,4.2,1146,Medium,"Haircut, Styling, Facial, Manicure, Pedicure",11AM to 8PM,9092761399
1297,Style Salon 1297,Sinhagad Road,4.7,1095,High,"Facial, Cleanup, Waxing, Threading",9AM to 8PM,7690425814
1298,Trendy Lounge 1298,Viman Nagar,4.8,89,Medium,"Haircut, Styling, Facial, Manicure, Pedicure",9AM to 8PM,8686743788
1299,Elite Salon 1299,Karve Nagar,4.9,444,High,"Facial, Cleanup, Waxing, Threading",8AM to 8PM,9904287049
1300,Royal Salon 1300,Hinjewadi,3,1788,High,"Haircut, Styling, Facial, Manicure, Pedicure",8AM to 11PM,8802012285
1301,Luxury Studio 1301,Wakad,3.3,1621,Low,"Haircut, Beard Trim, Cleanup",10AM to 9PM,7057763344
1302,Elite Lounge 1302,Sinhagad Road,4.5,123,High,"Bridal Makeup, Hair Styling, Skincare",8AM to 9PM,9269213822
1303,Trendy Makeover 1303,Baner,3.9,122,High,"Hair Coloring, Highlights, Hair Spa",8AM to 8PM,7556083114
1304,Aura Makeover 1304,Hadapsar,3.1,982,Low,"Haircut, Styling, Facial, Manicure, Pedicure",9AM to 11PM,7407221960
1305,Trendy Salon 1305,Camp,3.4,691,Medium,"Haircut, Beard Trim, Cleanup",11AM to 8PM,7918624568
1306,Urban Lounge 1306,Shivaji Nagar,4.7,1308,Low,"Haircut, Beard Trim, Cleanup",11AM to 8PM,9458733238
1307,Glow Salon 1307,Pimple Saudagar,3.3,292,High,"Bridal Makeup, Hair Styling, Skincare",8AM to 9PM,8494498860
1308,Urban Studio 1308,Magarpatta,4.8,1573,High,"Haircut, Styling, Facial, Manicure, Pedicure",10AM to 8PM,8222334428
1309,Style Lounge 1309,Pimple Saudagar,4.3,745,Medium,"Haircut, Styling, Facial, Manicure, Pedicure",11AM to 8PM,7621431562
1310,Royal Lounge 1310,Sinhagad Road,3.2,366,Low,"Hair Spa, Coloring, Keratin, Smoothening",8AM to 11PM,7518999087
1311,Style Studio 1311,Baner,3.7,998,Medium,"Hair Coloring, Highlights, Hair Spa",9AM to 10PM,7187084203
1312,Glow Lounge 1312,Pimple Saudagar,3.9,1703,Low,"Haircut, Styling, Facial, Manicure, Pedicure",11AM to 11PM,9230314051
1313,Trendy Salon 1313,Karve Nagar,4.7,473,Medium,"Hair Spa, Coloring, Keratin, Smoothening",9AM to 8PM,8378867652
1314,Elite Makeover 1314,Aundh,4.8,595,High,"Hair Spa, Coloring, Keratin, Smoothening",8AM to 9PM,9220328171
1315,Luxury Salon 1315,Pimple Saudagar,4.4,802,Low,"Hair Spa, Coloring, Keratin, Smoothening",8AM to 9PM,8017966297
1316,Trendy Makeover 1316,Karve Nagar,3.5,412,High,"Facial, Cleanup, Waxing, Threading",11AM to 10PM,9104939728
1317,Trendy Lounge 1317,Viman Nagar,4.6,80,High,"Haircut, Styling, Facial, Manicure, Pedicure",8AM to 10PM,7440886778
1318,Trendy Salon 1318,Hadapsar,4.4,1933,Low,"Bridal Makeup, Hair Styling, Skincare",9AM to 8PM,9083562470
1319,Urban Lounge 1319,Magarpatta,3.2,906,High,"Bridal Makeup, Hair Styling, Skincare",9AM to 8PM,9279759656
1320,Royal Salon 1320,Magarpatta,3.4,752,Medium,"Haircut, Styling, Facial, Manicure, Pedicure",11AM to 9PM,8061144249
1321,Style Salon 1321,Aundh,4.9,159,Low,"Bridal Makeup, Hair Styling, Skincare",8AM to 9PM,7003323491
1322,Elite Lounge 1322,Karve Nagar,3.5,712,Medium,"Facial, Cleanup, Waxing, Threading",9AM to 9PM,8722605029
1323,Luxury Makeover 1323,FC Road,4.3,1666,High,"Haircut, Styling, Facial, Manicure, Pedicure",8AM to 9PM,9916459452
1324,Style Salon 1324,Kothrud,4.4,744,Low,"Haircut, Styling, Facial, Manicure, Pedicure",9AM to 8PM,9212941904
1325,Elite Salon 1325,Wakad,3.9,41,High,"Hair Spa, Coloring, Keratin, Smoothening",9AM to 9PM,9483686668
1326,Luxury Studio 1326,Karve Nagar,4.2,526,Medium,"Haircut, Styling, Facial, Manicure, Pedicure",8AM to 9PM,9354765073
1327,Aura Salon 1327,Shivaji Nagar,4.3,1095,Medium,"Hair Coloring, Highlights, Hair Spa",8AM to 11PM,9335828523
1328,Elite Lounge 1328,Koregaon Park,3.7,397,Low,"Hair Spa, Coloring, Keratin, Smoothening",8AM to 11PM,7662842406
1329,Aura Makeover 1329,Magarpatta,3.5,1147,High,"Hair Coloring, Highlights, Hair Spa",8AM to 10PM,8777279454
1330,Style Makeover 1330,Hinjewadi,4.4,290,Low,"Haircut, Styling, Facial, Manicure, Pedicure",11AM to 10PM,7539857651
1331,Style Studio 1331,Karve Nagar,3.4,542,Low,"Bridal Makeup, Hair Styling, Skincare",11AM to 8PM,9806834978
1332,Luxury Makeover 1332,Viman Nagar,3,1270,Low,"Haircut, Beard Trim, Cleanup",10AM to 8PM,7905941771
1333,Trendy Lounge 1333,Magarpatta,3.6,353,Medium,"Bridal Makeup, Hair Styling, Skincare",11AM to 9PM,8548728516
1334,Royal Makeover 1334,Kothrud,3.2,1261,Medium,"Haircut, Beard Trim, Cleanup",10AM to 9PM,8663870328
1335,Luxury Studio 1335,FC Road,4.5,1536,Medium,"Haircut, Beard Trim, Cleanup",11AM to 8PM,7132809696
1336,Elite Salon 1336,Wakad,3.3,222,Medium,"Haircut, Beard Trim, Cleanup",10AM to 11PM,9769629252
1337,Trendy Studio 1337,Karve Nagar,4,579,Low,"Hair Spa, Coloring, Keratin, Smoothening",10AM to 9PM,9338069151
1338,Glow Salon 1338,Hadapsar,4.5,1489,Low,"Hair Spa, Coloring, Keratin, Smoothening",11AM to 10PM,7768334673
1339,Style Makeover 1339,Aundh,4.5,1857,Low,"Haircut, Beard Trim, Cleanup",11AM to 8PM,9597767914
1340,Aura Salon 1340,Hinjewadi,5,1125,Medium,"Hair Spa, Coloring, Keratin, Smoothening",11AM to 11PM,9653365435
1341,Elite Lounge 1341,Viman Nagar,3.4,1554,Medium,"Haircut, Beard Trim, Cleanup",11AM to 10PM,9372768840
1342,Luxury Salon 1342,Hinjewadi,4.2,395,Medium,"Hair Coloring, Highlights, Hair Spa",9AM to 11PM,9266762298
1343,Glow Makeover 1343,Kothrud,4,1051,High,"Hair Coloring, Highlights, Hair Spa",11AM to 9PM,8646586615
1344,Royal Salon 1344,Shivaji Nagar,4.1,1023,Low,"Haircut, Beard Trim, Cleanup",9AM to 11PM,7772516044
1345,Royal Makeover 1345,Sinhagad Road,4.3,1363,Medium,"Haircut, Beard Trim, Cleanup",11AM to 8PM,7868380163
1346,Elite Salon 1346,Pimple Saudagar,3.3,1967,Low,"Haircut, Beard Trim, Cleanup",10AM to 10PM,7667725288
1347,Aura Salon 1347,Hinjewadi,4.6,1121,High,"Haircut, Styling, Facial, Manicure, Pedicure",10AM to 11PM,9321241569
1348,Elite Lounge 1348,Karve Nagar,4.7,1388,High,"Haircut, Styling, Facial, Manicure, Pedicure",11AM to 11PM,9105494723
1349,Style Salon 1349,Wakad,3.3,177,High,"Haircut, Beard Trim, Cleanup",11AM to 9PM,8547232223
1350,Royal Studio 1350,Sinhagad Road,3.6,1763,Low,"Hair Coloring, Highlights, Hair Spa",8AM to 8PM,7686936079
1351,Luxury Lounge 1351,FC Road,3.5,726,High,"Facial, Cleanup, Waxing, Threading",8AM to 11PM,7829339489
1352,Urban Lounge 1352,Pimple Saudagar,4.7,338,Medium,"Hair Spa, Coloring, Keratin, Smoothening",11AM to 9PM,9450233522
1353,Royal Lounge 1353,Karve Nagar,3.1,1597,High,"Hair Spa, Coloring, Keratin, Smoothening",8AM to 10PM,9386959219
1354,Royal Makeover 1354,Viman Nagar,4.2,382,Medium,"Haircut, Beard Trim, Cleanup",8AM to 11PM,8577169354
1355,Glow Makeover 1355,Hinjewadi,3.9,1396,High,"Hair Spa, Coloring, Keratin, Smoothening",11AM to 11PM,8507977728
1356,Luxury Salon 1356,Wakad,3.6,263,Low,"Facial, Cleanup, Waxing, Threading",9AM to 8PM,7514385794
1357,Royal Makeover 1357,Camp,4.7,870,High,"Hair Spa, Coloring, Keratin, Smoothening",11AM to 11PM,8990905585
1358,Trendy Studio 1358,FC Road,4.2,1398,Medium,"Haircut, Beard Trim, Cleanup",9AM to 8PM,7018991633
1359,Aura Lounge 1359,Koregaon Park,3.4,868,Medium,"Hair Spa, Coloring, Keratin, Smoothening",8AM to 8PM,9003058537
1360,Style Studio 1360,Magarpatta,3.8,1349,Low,"Hair Coloring, Highlights, Hair Spa",11AM to 10PM,7918819938
1361,Luxury Makeover 1361,Viman Nagar,4.3,957,High,"Haircut, Styling, Facial, Manicure, Pedicure",8AM to 10PM,8496497521
1362,Royal Lounge 1362,Viman Nagar,3.3,840,Medium,"Haircut, Styling, Facial, Manicure, Pedicure",9AM to 9PM,8556948519
1363,Royal Makeover 1363,Wakad,4.5,1256,Medium,"Facial, Cleanup, Waxing, Threading",11AM to 10PM,9608372587
1364,Luxury Studio 1364,Pimple Saudagar,4.9,1886,Medium,"Bridal Makeup, Hair Styling, Skincare",8AM to 11PM,9300362638
1365,Style Lounge 1365,Hadapsar,3.8,599,Medium,"Hair Spa, Coloring, Keratin, Smoothening",8AM to 11PM,9335942228
1366,Elite Salon 1366,Karve Nagar,4.9,1473,Medium,"Haircut, Styling, Facial, Manicure, Pedicure",9AM to 11PM,7398380783
1367,Style Studio 1367,Wakad,4,879,High,"Haircut, Styling, Facial, Manicure, Pedicure",9AM to 11PM,7733166052
1368,Style Lounge 1368,Magarpatta,4.6,474,Low,"Bridal Makeup, Hair Styling, Skincare",10AM to 9PM,7624123071
1369,Trendy Makeover 1369,Wakad,3.6,1392,High,"Haircut, Styling, Facial, Manicure, Pedicure",11AM to 11PM,9632901790
1370,Glow Studio 1370,Magarpatta,3.7,706,High,"Haircut, Beard Trim, Cleanup",10AM to 11PM,9696823737
1371,Aura Studio 1371,Shivaji Nagar,4.6,1066,Medium,"Hair Coloring, Highlights, Hair Spa",8AM to 8PM,7636944820
1372,Elite Salon 1372,FC Road,4.6,356,Low,"Hair Spa, Coloring, Keratin, Smoothening",8AM to 11PM,7354364807
1373,Glow Lounge 1373,Kothrud,3.5,1166,Medium,"Facial, Cleanup, Waxing, Threading",9AM to 9PM,7181160707
1374,Aura Salon 1374,Koregaon Park,3.3,1363,Medium,"Facial, Cleanup, Waxing, Threading",8AM to 9PM,9706001694
1375,Luxury Salon 1375,Hadapsar,4.5,864,Low,"Haircut, Styling, Facial, Manicure, Pedicure",9AM to 10PM,7954175189
1376,Trendy Salon 1376,Baner,3.4,1615,Low,"Hair Spa, Coloring, Keratin, Smoothening",11AM to 9PM,8119690733
1377,Urban Salon 1377,Karve Nagar,4,1773,High,"Hair Spa, Coloring, Keratin, Smoothening",8AM to 9PM,7361266501
1378,Style Salon 1378,Kothrud,4.1,458,High,"Haircut, Beard Trim, Cleanup",9AM to 8PM,9701843001
1379,Elite Salon 1379,Wakad,3.7,473,High,"Bridal Makeup, Hair Styling, Skincare",8AM to 8PM,9440535100
1380,Trendy Salon 1380,Kothrud,3.1,613,High,"Facial, Cleanup, Waxing, Threading",8AM to 10PM,8173610109
1381,Trendy Studio 1381,Baner,3.1,1550,Medium,"Hair Coloring, Highlights, Hair Spa",8AM to 9PM,8475889422
1382,Glow Lounge 1382,Shivaji Nagar,3.2,1743,Medium,"Haircut, Beard Trim, Cleanup",11AM to 8PM,7350839511
1383,Royal Lounge 1383,Kothrud,4.3,1173,Medium,"Hair Spa, Coloring, Keratin, Smoothening",8AM to 9PM,8032398229
1384,Royal Lounge 1384,Aundh,3.2,810,High,"Facial, Cleanup, Waxing, Threading",9AM to 10PM,9513578632
1385,Aura Salon 1385,Pimple Saudagar,3,627,Low,"Haircut, Styling, Facial, Manicure, Pedicure",8AM to 9PM,9067505455
1386,Elite Studio 1386,Magarpatta,3.8,683,Medium,"Facial, Cleanup, Waxing, Threading",11AM to 9PM,7297663761
1387,Elite Makeover 1387,Viman Nagar,3.4,375,High,"Hair Spa, Coloring, Keratin, Smoothening",9AM to 11PM,9302936833
1388,Style Makeover 1388,Koregaon Park,3,1828,High,"Hair Coloring, Highlights, Hair Spa",8AM to 11PM,7936492791
1389,Luxury Lounge 1389,Baner,5,1161,Medium,"Haircut, Styling, Facial, Manicure, Pedicure",9AM to 11PM,8446709651
1390,Trendy Makeover 1390,Koregaon Park,3.7,1462,Medium,"Hair Coloring, Highlights, Hair Spa",10AM to 8PM,7554440454
1391,Urban Makeover 1391,Shivaji Nagar,3.7,482,Low,"Hair Coloring, Highlights, Hair Spa",10AM to 11PM,7391121697
1392,Luxury Salon 1392,Koregaon Park,4.2,1552,High,"Bridal Makeup, Hair Styling, Skincare",10AM to 8PM,9667138332
1393,Royal Lounge 1393,Wakad,4.7,1076,Medium,"Bridal Makeup, Hair Styling, Skincare",11AM to 11PM,9119280832
1394,Luxury Studio 1394,Viman Nagar,4.4,60,Low,"Hair Spa, Coloring, Keratin, Smoothening",11AM to 11PM,8450209713
1395,Aura Makeover 1395,Magarpatta,3.2,1796,High,"Hair Coloring, Highlights, Hair Spa",9AM to 10PM,8377672276
1396,Glow Salon 1396,Karve Nagar,3.6,1275,Medium,"Hair Spa, Coloring, Keratin, Smoothening",8AM to 10PM,8755191204
1397,Urban Makeover 1397,Koregaon Park,3.5,1731,Low,"Facial, Cleanup, Waxing, Threading",11AM to 9PM,8799335741
1398,Urban Studio 1398,Aundh,4.6,1765,Medium,"Hair Coloring, Highlights, Hair Spa",8AM to 9PM,7975196559
1399,Luxury Lounge 1399,Aundh,3,1212,High,"Bridal Makeup, Hair Styling, Skincare",9AM to 10PM,9846983168
1400,Urban Studio 1400,Hadapsar,3.3,243,Low,"Haircut, Beard Trim, Cleanup",8AM to 10PM,8787514106
1401,Style Salon 1401,FC Road,3.7,422,High,"Haircut, Styling, Facial, Manicure, Pedicure",8AM to 10PM,7010752646
1402,Royal Studio 1402,Baner,3.7,1899,High,"Hair Coloring, Highlights, Hair Spa",10AM to 8PM,8142793335
1403,Style Salon 1403,Baner,4.6,1581,High,"Hair Coloring, Highlights, Hair Spa",11AM to 9PM,9431917117
1404,Style Makeover 1404,Hinjewadi,3.7,1910,High,"Haircut, Beard Trim, Cleanup",11AM to 8PM,8939398034
1405,Glow Makeover 1405,Hinjewadi,4.6,178,High,"Facial, Cleanup, Waxing, Threading",10AM to 11PM,7937309532
1406,Urban Makeover 1406,Hadapsar,4.5,317,Medium,"Hair Coloring, Highlights, Hair Spa",10AM to 8PM,8827085693
1407,Luxury Studio 1407,Aundh,3.8,126,Low,"Hair Coloring, Highlights, Hair Spa",11AM to 8PM,9090349597
1408,Aura Salon 1408,Shivaji Nagar,4.8,1467,High,"Haircut, Styling, Facial, Manicure, Pedicure",11AM to 11PM,8133228132
1409,Trendy Studio 1409,Camp,4.8,249,Low,"Haircut, Styling, Facial, Manicure, Pedicure",11AM to 9PM,9812558438
1410,Glow Lounge 1410,FC Road,3.6,537,Low,"Haircut, Beard Trim, Cleanup",11AM to 10PM,9083718836
1411,Elite Salon 1411,Hinjewadi,3.6,1498,Low,"Haircut, Beard Trim, Cleanup",10AM to 11PM,8720748819
1412,Urban Salon 1412,Baner,3.6,1184,Low,"Hair Spa, Coloring, Keratin, Smoothening",9AM to 8PM,7284936553
1413,Glow Salon 1413,Koregaon Park,3.8,427,High,"Facial, Cleanup, Waxing, Threading",8AM to 11PM,8636448119
1414,Style Makeover 1414,Sinhagad Road,4.3,453,Low,"Hair Coloring, Highlights, Hair Spa",8AM to 9PM,8015735822
1415,Aura Salon 1415,Sinhagad Road,3.4,627,High,"Hair Coloring, Highlights, Hair Spa",9AM to 10PM,9036757469
1416,Elite Lounge 1416,Hadapsar,3.5,512,Medium,"Bridal Makeup, Hair Styling, Skincare",8AM to 8PM,9502027491
1417,Elite Lounge 1417,Sinhagad Road,5,588,Low,"Hair Coloring, Highlights, Hair Spa",10AM to 10PM,7001374990
1418,Elite Makeover 1418,Sinhagad Road,3.5,1546,High,"Hair Spa, Coloring, Keratin, Smoothening",9AM to 11PM,9404377406
1419,Elite Makeover 1419,Aundh,3.1,16,Low,"Haircut, Styling, Facial, Manicure, Pedicure",9AM to 11PM,7708789138
1420,Aura Lounge 1420,Magarpatta,3,556,Medium,"Haircut, Beard Trim, Cleanup",11AM to 8PM,7926483630
1421,Glow Makeover 1421,Shivaji Nagar,4.1,1531,Medium,"Hair Coloring, Highlights, Hair Spa",8AM to 10PM,7768255035
1422,Glow Lounge 1422,Viman Nagar,4,678,High,"Facial, Cleanup, Waxing, Threading",8AM to 10PM,9589221571
1423,Elite Salon 1423,Baner,3,942,Low,"Haircut, Styling, Facial, Manicure, Pedicure",9AM to 10PM,7022020095
1424,Urban Lounge 1424,Kothrud,4.5,1129,Medium,"Hair Coloring, Highlights, Hair Spa",11AM to 10PM,8339268892
1425,Urban Makeover 1425,FC Road,4,185,Low,"Hair Coloring, Highlights, Hair Spa",10AM to 11PM,8321037216
1426,Glow Makeover 1426,Koregaon Park,3.9,367,High,"Bridal Makeup, Hair Styling, Skincare",11AM to 11PM,9294419581
1427,Royal Lounge 1427,FC Road,4.9,1079,High,"Bridal Makeup, Hair Styling, Skincare",11AM to 9PM,9092167510
1428,Glow Studio 1428,Aundh,4.5,919,Low,"Haircut, Beard Trim, Cleanup",8AM to 11PM,7686070390
1429,Aura Salon 1429,Viman Nagar,4.4,233,High,"Bridal Makeup, Hair Styling, Skincare",8AM to 10PM,7676111162
1430,Aura Lounge 1430,Viman Nagar,4.1,1513,High,"Hair Coloring, Highlights, Hair Spa",11AM to 10PM,9573975369
1431,Urban Makeover 1431,Shivaji Nagar,3.9,1696,Medium,"Haircut, Styling, Facial, Manicure, Pedicure",11AM to 11PM,8406423995
1432,Style Studio 1432,Karve Nagar,4.7,1622,Low,"Haircut, Beard Trim, Cleanup",9AM to 8PM,9345299810
1433,Glow Lounge 1433,Camp,4.8,366,Medium,"Facial, Cleanup, Waxing, Threading",11AM to 9PM,9278044739
1434,Royal Lounge 1434,Aundh,3.3,206,High,"Hair Coloring, Highlights, Hair Spa",11AM to 9PM,8786803609
1435,Trendy Makeover 1435,Sinhagad Road,3.6,1325,Low,"Haircut, Styling, Facial, Manicure, Pedicure",9AM to 8PM,8981956172
1436,Trendy Makeover 1436,Viman Nagar,4.4,1939,Low,"Bridal Makeup, Hair Styling, Skincare",10AM to 9PM,8915232387
1437,Glow Studio 1437,Shivaji Nagar,3.8,380,Medium,"Facial, Cleanup, Waxing, Threading",10AM to 10PM,8023467309
1438,Elite Salon 1438,Pimple Saudagar,3.4,875,Medium,"Hair Spa, Coloring, Keratin, Smoothening",11AM to 11PM,9975207546
1439,Elite Salon 1439,FC Road,4.8,556,Medium,"Haircut, Beard Trim, Cleanup",8AM to 11PM,8597231223
1440,Trendy Makeover 1440,FC Road,4.9,129,High,"Haircut, Beard Trim, Cleanup",9AM to 11PM,9068272460
1441,Glow Lounge 1441,Koregaon Park,3.7,1325,Medium,"Bridal Makeup, Hair Styling, Skincare",8AM to 9PM,7761778664
1442,Aura Studio 1442,Karve Nagar,4.3,948,Medium,"Hair Coloring, Highlights, Hair Spa",8AM to 8PM,8864331834
1443,Urban Salon 1443,Wakad,4.4,1910,High,"Hair Spa, Coloring, Keratin, Smoothening",8AM to 10PM,8733202444
1444,Royal Salon 1444,Camp,4.4,1624,Medium,"Hair Spa, Coloring, Keratin, Smoothening",11AM to 8PM,8967210594
1445,Aura Lounge 1445,Wakad,3.1,252,Medium,"Hair Spa, Coloring, Keratin, Smoothening",8AM to 11PM,7950362060
1446,Style Makeover 1446,Pimple Saudagar,4.4,893,Low,"Hair Coloring, Highlights, Hair Spa",11AM to 11PM,8236167735
1447,Trendy Salon 1447,Magarpatta,4.2,145,High,"Haircut, Styling, Facial, Manicure, Pedicure",8AM to 10PM,9615304462
1448,Style Makeover 1448,Sinhagad Road,3.5,931,High,"Bridal Makeup, Hair Styling, Skincare",10AM to 10PM,8013303045
1449,Royal Lounge 1449,Viman Nagar,4.7,552,Medium,"Hair Coloring, Highlights, Hair Spa",10AM to 10PM,8170454821
1450,Elite Studio 1450,Baner,3.4,1789,High,"Haircut, Beard Trim, Cleanup",10AM to 11PM,9346222149
1451,Style Salon 1451,Hadapsar,4.2,1338,Medium,"Hair Spa, Coloring, Keratin, Smoothening",9AM to 11PM,7527710978
1452,Urban Lounge 1452,Wakad,3.7,423,Medium,"Bridal Makeup, Hair Styling, Skincare",9AM to 11PM,8148299607
1453,Urban Salon 1453,Hadapsar,4.2,875,High,"Haircut, Styling, Facial, Manicure, Pedicure",11AM to 9PM,9289080590
1454,Urban Salon 1454,Hinjewadi,4.7,1797,Medium,"Bridal Makeup, Hair Styling, Skincare",8AM to 8PM,7652545845
1455,Royal Salon 1455,Shivaji Nagar,3.9,882,Medium,"Hair Coloring, Highlights, Hair Spa",9AM to 9PM,8764582560
1456,Elite Lounge 1456,Camp,4.6,1713,High,"Hair Spa, Coloring, Keratin, Smoothening",9AM to 8PM,7066237763
1457,Glow Makeover 1457,Aundh,4.5,785,High,"Facial, Cleanup, Waxing, Threading",9AM to 9PM,9384579861
1458,Style Studio 1458,Koregaon Park,3.9,1056,High,"Hair Spa, Coloring, Keratin, Smoothening",10AM to 8PM,7975148517
1459,Trendy Studio 1459,Baner,4.9,792,High,"Hair Coloring, Highlights, Hair Spa",9AM to 10PM,7211327159
1460,Urban Salon 1460,Camp,4.9,927,Low,"Haircut, Beard Trim, Cleanup",11AM to 10PM,7171921714
1461,Trendy Makeover 1461,Koregaon Park,4.2,357,Medium,"Facial, Cleanup, Waxing, Threading",9AM to 11PM,7935982353
1462,Trendy Lounge 1462,Koregaon Park,3.4,1309,Medium,"Hair Coloring, Highlights, Hair Spa",8AM to 8PM,9946624899
1463,Royal Studio 1463,Koregaon Park,4.6,147,High,"Hair Spa, Coloring, Keratin, Smoothening",11AM to 10PM,8103072561
1464,Trendy Salon 1464,Hadapsar,3.9,1433,High,"Haircut, Styling, Facial, Manicure, Pedicure",8AM to 10PM,8906850933
1465,Trendy Studio 1465,Pimple Saudagar,4.9,339,Low,"Bridal Makeup, Hair Styling, Skincare",8AM to 8PM,8603139171
1466,Royal Salon 1466,Shivaji Nagar,3.4,176,Low,"Hair Spa, Coloring, Keratin, Smoothening",9AM to 8PM,8972108523
1467,Trendy Makeover 1467,Sinhagad Road,3.6,458,Medium,"Haircut, Beard Trim, Cleanup",10AM to 8PM,9374687879
1468,Aura Makeover 1468,Shivaji Nagar,3.1,665,Medium,"Facial, Cleanup, Waxing, Threading",8AM to 9PM,8934214185
1469,Elite Makeover 1469,Pimple Saudagar,3.3,461,High,"Haircut, Beard Trim, Cleanup",11AM to 9PM,8294826471
1470,Glow Studio 1470,Magarpatta,4.5,392,High,"Bridal Makeup, Hair Styling, Skincare",10AM to 11PM,7839471192
1471,Aura Studio 1471,Sinhagad Road,3.6,776,High,"Haircut, Beard Trim, Cleanup",11AM to 10PM,7224703452
1472,Luxury Salon 1472,Karve Nagar,3.4,865,Low,"Bridal Makeup, Hair Styling, Skincare",8AM to 10PM,8220431810
1473,Urban Studio 1473,Karve Nagar,4.4,262,High,"Hair Coloring, Highlights, Hair Spa",8AM to 11PM,8705071439
1474,Elite Salon 1474,Wakad,3.5,103,High,"Facial, Cleanup, Waxing, Threading",11AM to 10PM,7976715368
1475,Urban Salon 1475,Hadapsar,3.7,1377,Medium,"Hair Coloring, Highlights, Hair Spa",11AM to 8PM,9229871054
1476,Royal Studio 1476,Camp,4.2,1939,High,"Bridal Makeup, Hair Styling, Skincare",9AM to 10PM,8298305491
1477,Glow Makeover 1477,Pimple Saudagar,5,610,Low,"Haircut, Beard Trim, Cleanup",11AM to 11PM,8575970087
1478,Glow Lounge 1478,Karve Nagar,3.5,409,Low,"Haircut, Styling, Facial, Manicure, Pedicure",8AM to 9PM,9176235424
1479,Royal Studio 1479,Shivaji Nagar,3.3,292,High,"Facial, Cleanup, Waxing, Threading",8AM to 9PM,8059515585
1480,Glow Salon 1480,Magarpatta,4.7,950,Low,"Bridal Makeup, Hair Styling, Skincare",11AM to 9PM,7021382288
1481,Trendy Lounge 1481,Sinhagad Road,4.5,892,High,"Bridal Makeup, Hair Styling, Skincare",9AM to 10PM,9265054300
1482,Luxury Studio 1482,Hinjewadi,3.5,89,Low,"Facial, Cleanup, Waxing, Threading",11AM to 9PM,8665880226
1483,Style Makeover 1483,Shivaji Nagar,3.8,1908,Medium,"Hair Spa, Coloring, Keratin, Smoothening",10AM to 9PM,7854874006
1484,Urban Makeover 1484,Viman Nagar,3.5,1871,Low,"Haircut, Styling, Facial, Manicure, Pedicure",11AM to 11PM,9425562870
1485,Trendy Makeover 1485,Sinhagad Road,4.2,490,Medium,"Hair Coloring, Highlights, Hair Spa",10AM to 8PM,8685673336
1486,Glow Makeover 1486,Hinjewadi,3.9,1191,Medium,"Bridal Makeup, Hair Styling, Skincare",11AM to 9PM,7171273218
1487,Trendy Studio 1487,Kothrud,4.3,613,High,"Hair Spa, Coloring, Keratin, Smoothening",8AM to 11PM,9551574018
1488,Luxury Salon 1488,FC Road,4.7,1339,Low,"Bridal Makeup, Hair Styling, Skincare",9AM to 8PM,7975913131
1489,Luxury Salon 1489,Aundh,3.9,1494,Low,"Haircut, Beard Trim, Cleanup",9AM to 11PM,9192003252
1490,Style Salon 1490,Shivaji Nagar,4,1991,Medium,"Hair Coloring, Highlights, Hair Spa",9AM to 9PM,7083334554
1491,Style Makeover 1491,Pimple Saudagar,4.3,20,Low,"Hair Spa, Coloring, Keratin, Smoothening",8AM to 9PM,7820641725
1492,Style Lounge 1492,FC Road,4.8,1777,High,"Facial, Cleanup, Waxing, Threading",9AM to 9PM,8146737245
1493,Glow Salon 1493,Wakad,3.2,383,Low,"Haircut, Styling, Facial, Manicure, Pedicure",9AM to 11PM,8568376477
1494,Luxury Studio 1494,Karve Nagar,4.7,1544,High,"Hair Spa, Coloring, Keratin, Smoothening",9AM to 11PM,7616832496
1495,Elite Studio 1495,Viman Nagar,4.1,1905,Low,"Bridal Makeup, Hair Styling, Skincare",11AM to 8PM,8185813353
1496,Elite Lounge 1496,Hinjewadi,3.3,664,Low,"Haircut, Styling, Facial, Manicure, Pedicure",11AM to 10PM,9782869138
1497,Glow Studio 1497,Shivaji Nagar,3.8,1767,Medium,"Haircut, Styling, Facial, Manicure, Pedicure",8AM to 8PM,7509277767
1498,Glow Lounge 1498,Karve Nagar,5,1787,Low,"Bridal Makeup, Hair Styling, Skincare",9AM to 10PM,9169750430
1499,Elite Salon 1499,Camp,3.9,1840,High,"Haircut, Beard Trim, Cleanup",9AM to 10PM,9354521866
1500,Style Lounge 1500,Hadapsar,3.2,1122,Medium,"Bridal Makeup, Hair Styling, Skincare",8AM to 8PM,8047382901
1501,Trendy Lounge 1501,FC Road,4.3,1143,Medium,"Bridal Makeup, Hair Styling, Skincare",11AM to 9PM,9781135260
1502,Aura Makeover 1502,Karve Nagar,3.5,1066,Low,"Haircut, Styling, Facial, Manicure, Pedicure",10AM to 11PM,7021962054
1503,Luxury Salon 1503,Koregaon Park,3.6,1706,High,"Haircut, Styling, Facial, Manicure, Pedicure",8AM to 10PM,8309536996
1504,Urban Studio 1504,Camp,3.7,462,High,"Hair Coloring, Highlights, Hair Spa",10AM to 9PM,9512012240
1505,Trendy Studio 1505,Karve Nagar,4,1062,Low,"Haircut, Beard Trim, Cleanup",9AM to 8PM,7532148247
1506,Urban Makeover 1506,Karve Nagar,3.5,654,Low,"Bridal Makeup, Hair Styling, Skincare",8AM to 9PM,8463290157
1507,Aura Studio 1507,Pimple Saudagar,4.7,1908,Medium,"Hair Spa, Coloring, Keratin, Smoothening",8AM to 10PM,8401506619
1508,Trendy Salon 1508,Shivaji Nagar,4.6,663,Medium,"Haircut, Styling, Facial, Manicure, Pedicure",8AM to 10PM,7348350674
1509,Glow Studio 1509,Camp,4.1,1329,Medium,"Hair Spa, Coloring, Keratin, Smoothening",10AM to 8PM,8073773008
1510,Royal Makeover 1510,FC Road,5,19,Low,"Hair Coloring, Highlights, Hair Spa",9AM to 8PM,8666873751
1511,Royal Studio 1511,Hinjewadi,5,380,Low,"Bridal Makeup, Hair Styling, Skincare",11AM to 10PM,9805557674
1512,Urban Salon 1512,FC Road,4.4,1790,High,"Facial, Cleanup, Waxing, Threading",8AM to 8PM,7577613466
1513,Glow Makeover 1513,Hinjewadi,3.4,816,High,"Hair Spa, Coloring, Keratin, Smoothening",11AM to 9PM,9176450646
1514,Royal Studio 1514,FC Road,3.4,978,High,"Facial, Cleanup, Waxing, Threading",11AM to 11PM,9552498322
1515,Royal Makeover 1515,Viman Nagar,4.4,85,High,"Facial, Cleanup, Waxing, Threading",9AM to 10PM,8065391808
1516,Luxury Makeover 1516,Aundh,3.8,1383,Medium,"Haircut, Styling, Facial, Manicure, Pedicure",11AM to 10PM,7187321828
1517,Elite Lounge 1517,Karve Nagar,4.6,98,Low,"Hair Spa, Coloring, Keratin, Smoothening",9AM to 10PM,7665802354
1518,Urban Studio 1518,Magarpatta,3.6,1194,Low,"Facial, Cleanup, Waxing, Threading",11AM to 8PM,8757616364
1519,Royal Studio 1519,Camp,4,1306,High,"Bridal Makeup, Hair Styling, Skincare",11AM to 8PM,7177840993
1520,Urban Makeover 1520,FC Road,3.3,1039,Medium,"Facial, Cleanup, Waxing, Threading",9AM to 9PM,8095073517
1521,Style Makeover 1521,Magarpatta,3.2,104,High,"Bridal Makeup, Hair Styling, Skincare",11AM to 8PM,7973426961
1522,Style Salon 1522,Kothrud,3.2,401,Low,"Bridal Makeup, Hair Styling, Skincare",9AM to 11PM,8911171797
1523,Royal Makeover 1523,FC Road,3.5,978,Medium,"Hair Coloring, Highlights, Hair Spa",10AM to 8PM,8861535572
1524,Luxury Makeover 1524,Baner,4.7,836,High,"Facial, Cleanup, Waxing, Threading",9AM to 9PM,8059056553
1525,Aura Salon 1525,Sinhagad Road,3.4,609,Medium,"Hair Coloring, Highlights, Hair Spa",8AM to 8PM,9191783119
1526,Royal Lounge 1526,FC Road,4.6,1996,Low,"Hair Spa, Coloring, Keratin, Smoothening",8AM to 8PM,7259105179
1527,Urban Salon 1527,Wakad,4.3,919,Medium,"Hair Spa, Coloring, Keratin, Smoothening",8AM to 9PM,8256611128
1528,Style Lounge 1528,Sinhagad Road,3.6,1648,Low,"Hair Spa, Coloring, Keratin, Smoothening",11AM to 8PM,9755948404
1529,Aura Makeover 1529,Hinjewadi,3,1389,Low,"Facial, Cleanup, Waxing, Threading",8AM to 10PM,8141604062
1530,Luxury Lounge 1530,Pimple Saudagar,3.6,18,Medium,"Hair Spa, Coloring, Keratin, Smoothening",8AM to 11PM,9527306073
1531,Luxury Lounge 1531,Shivaji Nagar,4.5,1087,Medium,"Haircut, Beard Trim, Cleanup",10AM to 10PM,8295238216
1532,Urban Studio 1532,Baner,4.3,1226,Low,"Hair Spa, Coloring, Keratin, Smoothening",8AM to 8PM,9072008405
1533,Style Lounge 1533,Pimple Saudagar,3.5,1543,Medium,"Hair Spa, Coloring, Keratin, Smoothening",10AM to 8PM,9347929302
1534,Aura Salon 1534,Baner,4.4,928,High,"Facial, Cleanup, Waxing, Threading",8AM to 10PM,9420114203
1535,Aura Studio 1535,FC Road,3.3,1673,High,"Hair Spa, Coloring, Keratin, Smoothening",11AM to 8PM,9879738676
1536,Aura Studio 1536,Koregaon Park,4.1,865,Low,"Haircut, Styling, Facial, Manicure, Pedicure",9AM to 11PM,8939342132
1537,Glow Studio 1537,Karve Nagar,4.5,1615,Low,"Bridal Makeup, Hair Styling, Skincare",9AM to 11PM,8557402689
1538,Luxury Studio 1538,Aundh,3.5,133,Medium,"Facial, Cleanup, Waxing, Threading",8AM to 11PM,9052811892
1539,Luxury Studio 1539,Shivaji Nagar,4.1,215,High,"Haircut, Styling, Facial, Manicure, Pedicure",10AM to 9PM,7820833936
1540,Trendy Makeover 1540,Koregaon Park,4.6,1216,Medium,"Bridal Makeup, Hair Styling, Skincare",8AM to 8PM,9948185806
1541,Luxury Studio 1541,Kothrud,4.9,175,Medium,"Bridal Makeup, Hair Styling, Skincare",11AM to 8PM,7878402864
1542,Luxury Studio 1542,Kothrud,4.7,1068,High,"Bridal Makeup, Hair Styling, Skincare",10AM to 8PM,8923593113
1543,Aura Salon 1543,Viman Nagar,3.5,690,Low,"Hair Coloring, Highlights, Hair Spa",11AM to 10PM,7830038839
1544,Urban Makeover 1544,Baner,4.7,1717,Medium,"Haircut, Beard Trim, Cleanup",11AM to 10PM,9034604928
1545,Trendy Lounge 1545,Karve Nagar,4.5,1417,High,"Haircut, Styling, Facial, Manicure, Pedicure",9AM to 9PM,8573926239
1546,Glow Lounge 1546,FC Road,3.4,475,Low,"Facial, Cleanup, Waxing, Threading",11AM to 9PM,7990673130
1547,Luxury Studio 1547,Sinhagad Road,3,723,High,"Hair Spa, Coloring, Keratin, Smoothening",11AM to 10PM,8730924460
1548,Style Makeover 1548,Kothrud,3.8,942,Low,"Haircut, Beard Trim, Cleanup",8AM to 10PM,8944284941
1549,Urban Lounge 1549,Koregaon Park,4.1,43,Low,"Facial, Cleanup, Waxing, Threading",10AM to 10PM,7326838264
1550,Royal Studio 1550,Sinhagad Road,4.8,147,Low,"Facial, Cleanup, Waxing, Threading",11AM to 9PM,7365941513
1551,Glow Makeover 1551,FC Road,4.7,1966,High,"Hair Spa, Coloring, Keratin, Smoothening",8AM to 8PM,7955746507
1552,Urban Lounge 1552,Karve Nagar,4.1,1255,Medium,"Hair Spa, Coloring, Keratin, Smoothening",10AM to 10PM,8299422743
1553,Aura Makeover 1553,Koregaon Park,3.1,1148,High,"Haircut, Beard Trim, Cleanup",8AM to 9PM,7547931344
1554,Urban Studio 1554,Magarpatta,3.3,1799,Low,"Facial, Cleanup, Waxing, Threading",8AM to 8PM,7983664733
1555,Luxury Studio 1555,Viman Nagar,3.2,1361,High,"Facial, Cleanup, Waxing, Threading",9AM to 9PM,8395417957
1556,Trendy Studio 1556,Camp,3.3,1300,Low,"Haircut, Beard Trim, Cleanup",10AM to 10PM,9038134668
1557,Aura Lounge 1557,Camp,4.1,889,High,"Hair Coloring, Highlights, Hair Spa",9AM to 10PM,8621195277
1558,Glow Studio 1558,Shivaji Nagar,3,456,High,"Hair Coloring, Highlights, Hair Spa",8AM to 10PM,8320637541
1559,Royal Makeover 1559,Kothrud,3.8,54,High,"Haircut, Beard Trim, Cleanup",8AM to 9PM,8914086017
1560,Elite Salon 1560,Camp,4.7,782,High,"Hair Coloring, Highlights, Hair Spa",8AM to 9PM,8316081026
1561,Urban Makeover 1561,Kothrud,4,1037,High,"Haircut, Beard Trim, Cleanup",11AM to 9PM,8784091776
1562,Luxury Lounge 1562,Koregaon Park,3.4,419,Medium,"Facial, Cleanup, Waxing, Threading",9AM to 10PM,7187729206
1563,Luxury Studio 1563,FC Road,3.9,1848,Medium,"Bridal Makeup, Hair Styling, Skincare",8AM to 11PM,7344092892
1564,Elite Lounge 1564,Sinhagad Road,3.6,1966,High,"Hair Coloring, Highlights, Hair Spa",9AM to 10PM,7614793384
1565,Luxury Makeover 1565,Hinjewadi,3.1,550,Medium,"Haircut, Beard Trim, Cleanup",9AM to 10PM,9427329775
1566,Elite Lounge 1566,Aundh,4.5,1785,High,"Hair Coloring, Highlights, Hair Spa",11AM to 11PM,7139267897
1567,Elite Makeover 1567,Kothrud,4.2,148,Low,"Facial, Cleanup, Waxing, Threading",9AM to 8PM,8409142122
1568,Trendy Lounge 1568,Hinjewadi,4.1,1204,High,"Facial, Cleanup, Waxing, Threading",9AM to 11PM,9410169528
1569,Style Studio 1569,Shivaji Nagar,4,1571,High,"Haircut, Styling, Facial, Manicure, Pedicure",9AM to 10PM,8561419016
1570,Aura Salon 1570,FC Road,3.5,452,Low,"Hair Spa, Coloring, Keratin, Smoothening",11AM to 9PM,7829640523
1571,Trendy Salon 1571,Kothrud,3.9,267,Medium,"Bridal Makeup, Hair Styling, Skincare",9AM to 9PM,7228337408
1572,Royal Studio 1572,Koregaon Park,4.2,124,High,"Hair Coloring, Highlights, Hair Spa",11AM to 10PM,9754858486
1573,Elite Salon 1573,Kothrud,3.3,1879,High,"Hair Coloring, Highlights, Hair Spa",9AM to 9PM,8993489222
1574,Glow Lounge 1574,Pimple Saudagar,4.5,1547,Low,"Facial, Cleanup, Waxing, Threading",11AM to 11PM,7324737441
1575,Glow Salon 1575,Viman Nagar,3,1143,Medium,"Facial, Cleanup, Waxing, Threading",8AM to 9PM,9316437636
1576,Glow Salon 1576,Shivaji Nagar,3.3,861,High,"Haircut, Beard Trim, Cleanup",11AM to 8PM,9771899817
1577,Royal Studio 1577,Wakad,3,881,Low,"Haircut, Styling, Facial, Manicure, Pedicure",11AM to 11PM,9440308220
1578,Trendy Lounge 1578,Koregaon Park,4.3,365,Low,"Hair Coloring, Highlights, Hair Spa",11AM to 11PM,7243978238
1579,Royal Salon 1579,Aundh,4.4,617,Low,"Hair Spa, Coloring, Keratin, Smoothening",8AM to 10PM,9042585154
1580,Glow Salon 1580,Viman Nagar,4.5,1983,High,"Hair Coloring, Highlights, Hair Spa",11AM to 11PM,7030721351
1581,Trendy Salon 1581,Sinhagad Road,4.4,1756,Medium,"Bridal Makeup, Hair Styling, Skincare",10AM to 8PM,8834404010
1582,Aura Lounge 1582,Aundh,4.8,1532,Low,"Hair Spa, Coloring, Keratin, Smoothening",11AM to 11PM,7117900311
1583,Glow Studio 1583,Viman Nagar,4.7,33,Medium,"Facial, Cleanup, Waxing, Threading",8AM to 9PM,8532604335
1584,Luxury Lounge 1584,Hinjewadi,3.5,1234,High,"Bridal Makeup, Hair Styling, Skincare",9AM to 10PM,8185649297
1585,Elite Salon 1585,Camp,3.1,785,High,"Haircut, Styling, Facial, Manicure, Pedicure",9AM to 8PM,9089272245
1586,Royal Makeover 1586,Karve Nagar,4.9,1437,High,"Bridal Makeup, Hair Styling, Skincare",8AM to 11PM,7840697060
1587,Royal Salon 1587,Sinhagad Road,4.8,861,Medium,"Facial, Cleanup, Waxing, Threading",9AM to 8PM,7757432411
1588,Royal Makeover 1588,Hinjewadi,5,550,Medium,"Hair Spa, Coloring, Keratin, Smoothening",11AM to 11PM,9662588965
1589,Urban Makeover 1589,Aundh,4.8,694,High,"Facial, Cleanup, Waxing, Threading",8AM to 9PM,7535778091
1590,Royal Studio 1590,Magarpatta,3.3,784,High,"Haircut, Beard Trim, Cleanup",8AM to 10PM,7309339235
1591,Aura Salon 1591,Karve Nagar,3.3,1282,Low,"Haircut, Styling, Facial, Manicure, Pedicure",10AM to 11PM,9786555313
1592,Trendy Studio 1592,FC Road,4.7,849,Low,"Haircut, Beard Trim, Cleanup",8AM to 8PM,7326240933
1593,Glow Lounge 1593,Pimple Saudagar,3.1,1077,Low,"Facial, Cleanup, Waxing, Threading",11AM to 9PM,8507817605
1594,Elite Salon 1594,Karve Nagar,3.3,1083,High,"Facial, Cleanup, Waxing, Threading",8AM to 11PM,8924291937
1595,Aura Lounge 1595,Magarpatta,3.3,1036,Medium,"Hair Spa, Coloring, Keratin, Smoothening",11AM to 9PM,7302762519
1596,Luxury Makeover 1596,Camp,4.1,1579,Medium,"Facial, Cleanup, Waxing, Threading",11AM to 8PM,9922766332
1597,Royal Studio 1597,Koregaon Park,4.4,952,High,"Hair Coloring, Highlights, Hair Spa",9AM to 9PM,8007373773
1598,Luxury Salon 1598,Hadapsar,3.3,1561,High,"Haircut, Beard Trim, Cleanup",10AM to 11PM,7371712221
1599,Style Lounge 1599,Aundh,4.7,201,Medium,"Bridal Makeup, Hair Styling, Skincare",11AM to 11PM,7247068244
1600,Luxury Lounge 1600,Koregaon Park,3.8,513,High,"Haircut, Styling, Facial, Manicure, Pedicure",10AM to 9PM,7262339582
1601,Aura Salon 1601,Wakad,4.5,512,Medium,"Hair Coloring, Highlights, Hair Spa",9AM to 8PM,8987479706
1602,Trendy Studio 1602,Shivaji Nagar,3.5,1541,Medium,"Haircut, Styling, Facial, Manicure, Pedicure",9AM to 9PM,9773101403
1603,Elite Studio 1603,Wakad,3.6,947,Medium,"Haircut, Beard Trim, Cleanup",11AM to 8PM,7747631855
1604,Urban Lounge 1604,Karve Nagar,4,200,Medium,"Haircut, Styling, Facial, Manicure, Pedicure",10AM to 11PM,8153002791
1605,Luxury Studio 1605,Hinjewadi,4.6,40,High,"Haircut, Beard Trim, Cleanup",10AM to 8PM,9497844063
1606,Style Lounge 1606,Sinhagad Road,3.4,1583,High,"Hair Spa, Coloring, Keratin, Smoothening",9AM to 11PM,9394385172
1607,Urban Makeover 1607,Aundh,3.1,74,Medium,"Bridal Makeup, Hair Styling, Skincare",9AM to 10PM,8037634633
1608,Style Makeover 1608,Baner,4.3,1176,High,"Hair Coloring, Highlights, Hair Spa",8AM to 10PM,7334964070
1609,Style Lounge 1609,Karve Nagar,4.1,1696,Medium,"Bridal Makeup, Hair Styling, Skincare",10AM to 9PM,7407726163
1610,Elite Lounge 1610,Aundh,3.7,250,Medium,"Hair Spa, Coloring, Keratin, Smoothening",11AM to 11PM,7408282025
1611,Glow Makeover 1611,Aundh,3.4,565,Low,"Haircut, Beard Trim, Cleanup",9AM to 10PM,7656182575
1612,Urban Lounge 1612,Hinjewadi,3.4,127,Medium,"Hair Spa, Coloring, Keratin, Smoothening",9AM to 8PM,9947164761
1613,Elite Salon 1613,Kothrud,4.7,1608,Medium,"Hair Spa, Coloring, Keratin, Smoothening",11AM to 8PM,8523498136
1614,Trendy Salon 1614,Baner,3.8,522,Low,"Haircut, Beard Trim, Cleanup",10AM to 10PM,8478985844
1615,Elite Salon 1615,Pimple Saudagar,4.8,899,Low,"Facial, Cleanup, Waxing, Threading",9AM to 10PM,7380203446
1616,Aura Salon 1616,Viman Nagar,3.8,1075,Medium,"Bridal Makeup, Hair Styling, Skincare",10AM to 11PM,9779657058
1617,Luxury Studio 1617,Karve Nagar,4.5,1962,Medium,"Hair Spa, Coloring, Keratin, Smoothening",10AM to 9PM,9696074671
1618,Glow Salon 1618,Camp,4.3,753,Medium,"Hair Coloring, Highlights, Hair Spa",11AM to 11PM,9118200715
1619,Luxury Salon 1619,Koregaon Park,4.5,1756,Low,"Facial, Cleanup, Waxing, Threading",11AM to 11PM,8793800798
1620,Urban Studio 1620,Koregaon Park,4.4,1326,Medium,"Haircut, Styling, Facial, Manicure, Pedicure",9AM to 11PM,7507913855
1621,Style Lounge 1621,Hinjewadi,3.3,447,High,"Bridal Makeup, Hair Styling, Skincare",8AM to 11PM,9084513501
1622,Luxury Studio 1622,Sinhagad Road,3.9,924,Medium,"Hair Spa, Coloring, Keratin, Smoothening",10AM to 11PM,8253564604
1623,Luxury Makeover 1623,FC Road,4.9,1526,Medium,"Facial, Cleanup, Waxing, Threading",8AM to 8PM,9228400493
1624,Glow Salon 1624,Sinhagad Road,4.3,1154,High,"Facial, Cleanup, Waxing, Threading",11AM to 9PM,7192258496
1625,Urban Makeover 1625,Baner,3.3,1032,Medium,"Haircut, Beard Trim, Cleanup",9AM to 10PM,9167839265
1626,Royal Makeover 1626,Hinjewadi,3.1,1415,Low,"Haircut, Beard Trim, Cleanup",8AM to 9PM,8608969655
1627,Elite Studio 1627,Pimple Saudagar,4.5,1197,High,"Haircut, Styling, Facial, Manicure, Pedicure",11AM to 9PM,9320354648
1628,Trendy Lounge 1628,Camp,3.6,1551,Low,"Hair Spa, Coloring, Keratin, Smoothening",9AM to 8PM,8199163806
1629,Elite Lounge 1629,FC Road,3.8,1934,High,"Facial, Cleanup, Waxing, Threading",11AM to 8PM,8422830410
1630,Urban Salon 1630,Baner,3.8,1572,Low,"Facial, Cleanup, Waxing, Threading",11AM to 8PM,7254786062
1631,Urban Makeover 1631,Camp,4.9,1928,High,"Facial, Cleanup, Waxing, Threading",9AM to 11PM,7188698797
1632,Luxury Salon 1632,FC Road,3.4,665,Low,"Facial, Cleanup, Waxing, Threading",10AM to 8PM,8098746037
1633,Glow Salon 1633,Wakad,5,584,Low,"Facial, Cleanup, Waxing, Threading",8AM to 9PM,7772996313
1634,Aura Lounge 1634,Viman Nagar,3.7,589,Low,"Hair Spa, Coloring, Keratin, Smoothening",8AM to 10PM,8551264341
1635,Urban Salon 1635,Wakad,5,1827,Medium,"Facial, Cleanup, Waxing, Threading",10AM to 9PM,8516391602
1636,Aura Makeover 1636,Hinjewadi,3.9,1973,Low,"Facial, Cleanup, Waxing, Threading",10AM to 8PM,7365525647
1637,Trendy Salon 1637,Baner,3.9,1486,Medium,"Bridal Makeup, Hair Styling, Skincare",8AM to 9PM,8281318391
1638,Elite Studio 1638,Viman Nagar,3.6,186,Low,"Bridal Makeup, Hair Styling, Skincare",11AM to 10PM,8731841461
1639,Style Makeover 1639,Wakad,4.7,677,Medium,"Bridal Makeup, Hair Styling, Skincare",9AM to 8PM,9558771493
1640,Urban Makeover 1640,Viman Nagar,4.9,1932,High,"Hair Coloring, Highlights, Hair Spa",8AM to 8PM,8603982155
1641,Elite Salon 1641,Hinjewadi,4.8,966,High,"Hair Spa, Coloring, Keratin, Smoothening",11AM to 10PM,8536248713
1642,Urban Salon 1642,Sinhagad Road,3.6,1119,High,"Hair Coloring, Highlights, Hair Spa",10AM to 10PM,8171898131
1643,Urban Salon 1643,Hinjewadi,3.6,1825,High,"Haircut, Styling, Facial, Manicure, Pedicure",8AM to 10PM,8308846434
1644,Luxury Makeover 1644,Aundh,4,1977,Low,"Hair Coloring, Highlights, Hair Spa",9AM to 9PM,7064514175
1645,Urban Studio 1645,Magarpatta,4.2,1634,Medium,"Haircut, Styling, Facial, Manicure, Pedicure",8AM to 11PM,8498976873
1646,Style Makeover 1646,Pimple Saudagar,5,863,Low,"Haircut, Beard Trim, Cleanup",10AM to 8PM,7968514939
1647,Glow Studio 1647,Koregaon Park,3.7,1956,Low,"Bridal Makeup, Hair Styling, Skincare",11AM to 11PM,7554592146
1648,Glow Lounge 1648,Karve Nagar,4.2,458,Medium,"Haircut, Styling, Facial, Manicure, Pedicure",10AM to 9PM,8426319758
1649,Style Studio 1649,Aundh,4.7,1297,High,"Bridal Makeup, Hair Styling, Skincare",10AM to 8PM,8960243528
1650,Aura Makeover 1650,Pimple Saudagar,4.2,1340,Medium,"Bridal Makeup, Hair Styling, Skincare",11AM to 8PM,7949031170
1651,Style Makeover 1651,Viman Nagar,3.3,696,Medium,"Hair Spa, Coloring, Keratin, Smoothening",9AM to 8PM,7086950382
1652,Glow Salon 1652,Wakad,3.5,65,Medium,"Hair Coloring, Highlights, Hair Spa",10AM to 10PM,7372057645
1653,Royal Makeover 1653,Magarpatta,4,423,Low,"Bridal Makeup, Hair Styling, Skincare",9AM to 10PM,7224848004
1654,Style Salon 1654,Hinjewadi,4.3,1808,Low,"Haircut, Beard Trim, Cleanup",8AM to 8PM,8433443013
1655,Urban Studio 1655,Camp,3.4,99,Low,"Bridal Makeup, Hair Styling, Skincare",9AM to 11PM,7543465311
1656,Luxury Salon 1656,Kothrud,3.5,1102,Medium,"Haircut, Beard Trim, Cleanup",11AM to 11PM,9007544846
1657,Trendy Makeover 1657,Pimple Saudagar,3.1,1789,Medium,"Facial, Cleanup, Waxing, Threading",10AM to 11PM,8646929070
1658,Luxury Lounge 1658,Karve Nagar,3.9,1302,High,"Hair Coloring, Highlights, Hair Spa",8AM to 8PM,7580271422
1659,Luxury Studio 1659,Hadapsar,3.5,497,High,"Hair Coloring, Highlights, Hair Spa",8AM to 11PM,7614704365
1660,Luxury Salon 1660,Karve Nagar,3.8,1182,Low,"Facial, Cleanup, Waxing, Threading",11AM to 11PM,8433297341
1661,Royal Makeover 1661,Pimple Saudagar,4.3,941,Low,"Hair Coloring, Highlights, Hair Spa",8AM to 11PM,7729646112
1662,Glow Makeover 1662,Magarpatta,4.1,977,Medium,"Bridal Makeup, Hair Styling, Skincare",8AM to 9PM,7843724261
1663,Style Salon 1663,Pimple Saudagar,4,1655,Low,"Hair Spa, Coloring, Keratin, Smoothening",8AM to 9PM,7768399947
1664,Urban Lounge 1664,Wakad,3.3,644,Low,"Hair Coloring, Highlights, Hair Spa",10AM to 8PM,7146030378
1665,Aura Salon 1665,Aundh,4.3,1829,Medium,"Facial, Cleanup, Waxing, Threading",9AM to 11PM,9036673666
1666,Trendy Salon 1666,Magarpatta,3.4,1566,Medium,"Bridal Makeup, Hair Styling, Skincare",11AM to 9PM,9710724748
1667,Style Makeover 1667,Karve Nagar,4.6,551,Medium,"Hair Spa, Coloring, Keratin, Smoothening",11AM to 10PM,7462176370
1668,Luxury Salon 1668,Camp,3.5,982,Medium,"Haircut, Beard Trim, Cleanup",10AM to 11PM,9304562049
1669,Glow Makeover 1669,Sinhagad Road,3.2,646,High,"Hair Coloring, Highlights, Hair Spa",8AM to 8PM,8544987705
1670,Trendy Salon 1670,Viman Nagar,3.6,1003,Medium,"Hair Spa, Coloring, Keratin, Smoothening",10AM to 11PM,8047713961
1671,Luxury Lounge 1671,FC Road,3.2,1225,High,"Haircut, Beard Trim, Cleanup",8AM to 10PM,7516421746
1672,Glow Lounge 1672,Magarpatta,3.8,812,Medium,"Bridal Makeup, Hair Styling, Skincare",11AM to 10PM,9123715669
1673,Elite Studio 1673,FC Road,4.9,126,High,"Haircut, Beard Trim, Cleanup",8AM to 11PM,9420334541
1674,Luxury Makeover 1674,FC Road,3.1,1134,Medium,"Hair Spa, Coloring, Keratin, Smoothening",10AM to 10PM,9709615182
1675,Trendy Makeover 1675,Sinhagad Road,4.3,1784,Medium,"Hair Spa, Coloring, Keratin, Smoothening",9AM to 9PM,9352712962
1676,Urban Makeover 1676,Koregaon Park,3.7,954,High,"Hair Coloring, Highlights, Hair Spa",9AM to 11PM,9712202412
1677,Style Makeover 1677,Magarpatta,4,1170,High,"Hair Spa, Coloring, Keratin, Smoothening",11AM to 11PM,7374403783
1678,Royal Salon 1678,Viman Nagar,4.1,1572,Medium,"Haircut, Styling, Facial, Manicure, Pedicure",9AM to 8PM,9759939120
1679,Luxury Salon 1679,Pimple Saudagar,3.9,1541,Low,"Bridal Makeup, Hair Styling, Skincare",10AM to 10PM,9691186933
1680,Style Makeover 1680,FC Road,4,1296,Medium,"Hair Spa, Coloring, Keratin, Smoothening",11AM to 9PM,9318201060
1681,Glow Salon 1681,Koregaon Park,4.5,693,Low,"Bridal Makeup, Hair Styling, Skincare",8AM to 10PM,7607244275
1682,Aura Makeover 1682,Sinhagad Road,3.6,1073,Low,"Haircut, Beard Trim, Cleanup",11AM to 9PM,9483576726
1683,Style Makeover 1683,Wakad,3.7,1957,Low,"Haircut, Beard Trim, Cleanup",11AM to 8PM,8663896781
1684,Luxury Makeover 1684,Kothrud,3.6,1490,Medium,"Haircut, Beard Trim, Cleanup",10AM to 10PM,9554990282
1685,Urban Salon 1685,Viman Nagar,4.3,2000,Low,"Haircut, Styling, Facial, Manicure, Pedicure",8AM to 10PM,8445800983
1686,Aura Makeover 1686,Shivaji Nagar,4.4,1205,Medium,"Facial, Cleanup, Waxing, Threading",8AM to 10PM,9361487964
1687,Elite Makeover 1687,Camp,3,135,Low,"Facial, Cleanup, Waxing, Threading",10AM to 10PM,7917612503
1688,Aura Studio 1688,Shivaji Nagar,3.4,1502,Medium,"Facial, Cleanup, Waxing, Threading",10AM to 8PM,8226009623
1689,Glow Makeover 1689,Hadapsar,3.9,1092,Medium,"Haircut, Styling, Facial, Manicure, Pedicure",8AM to 10PM,8788173941
1690,Style Studio 1690,Camp,3.4,785,Medium,"Facial, Cleanup, Waxing, Threading",11AM to 9PM,9946564440
1691,Trendy Salon 1691,Viman Nagar,5,929,Medium,"Bridal Makeup, Hair Styling, Skincare",8AM to 10PM,9436538347
1692,Style Salon 1692,Hadapsar,4.8,1769,High,"Hair Coloring, Highlights, Hair Spa",8AM to 8PM,9647366385
1693,Urban Studio 1693,Shivaji Nagar,3.8,31,Medium,"Haircut, Beard Trim, Cleanup",8AM to 10PM,7212919096
1694,Luxury Studio 1694,Shivaji Nagar,4.1,1366,High,"Hair Coloring, Highlights, Hair Spa",9AM to 10PM,9660201964
1695,Trendy Studio 1695,Koregaon Park,4.1,1246,Medium,"Hair Spa, Coloring, Keratin, Smoothening",10AM to 9PM,7052702156
1696,Style Salon 1696,Hinjewadi,3,1269,Low,"Haircut, Styling, Facial, Manicure, Pedicure",10AM to 11PM,9274821349
1697,Glow Lounge 1697,Pimple Saudagar,4.3,1693,High,"Bridal Makeup, Hair Styling, Skincare",11AM to 11PM,7793194158
1698,Luxury Salon 1698,Baner,4.9,1477,High,"Bridal Makeup, Hair Styling, Skincare",9AM to 10PM,9927157816
1699,Glow Salon 1699,Magarpatta,3.7,1270,Low,"Hair Spa, Coloring, Keratin, Smoothening",10AM to 11PM,8799724853
1700,Glow Lounge 1700,Shivaji Nagar,4.5,1170,High,"Hair Spa, Coloring, Keratin, Smoothening",9AM to 11PM,9340332981
1701,Aura Makeover 1701,Pimple Saudagar,3.1,1241,Medium,"Facial, Cleanup, Waxing, Threading",10AM to 10PM,9479876451
1702,Style Lounge 1702,Hinjewadi,3.4,597,Medium,"Haircut, Styling, Facial, Manicure, Pedicure",11AM to 11PM,8732785530
1703,Urban Salon 1703,Hinjewadi,5,1239,Medium,"Hair Spa, Coloring, Keratin, Smoothening",8AM to 10PM,9274515083
1704,Glow Salon 1704,Hinjewadi,4.9,348,Low,"Hair Spa, Coloring, Keratin, Smoothening",10AM to 8PM,9581560125
1705,Style Makeover 1705,Sinhagad Road,3.5,141,Medium,"Bridal Makeup, Hair Styling, Skincare",9AM to 9PM,9355598422
1706,Urban Makeover 1706,Sinhagad Road,3.5,1520,Medium,"Haircut, Styling, Facial, Manicure, Pedicure",11AM to 8PM,8241136287
1707,Style Salon 1707,Wakad,3.6,1966,High,"Bridal Makeup, Hair Styling, Skincare",9AM to 8PM,7924835412
1708,Style Makeover 1708,Karve Nagar,3.3,1359,High,"Bridal Makeup, Hair Styling, Skincare",10AM to 11PM,8509653920
1709,Royal Salon 1709,Camp,4.9,841,Low,"Bridal Makeup, Hair Styling, Skincare",10AM to 8PM,9604930483
1710,Glow Makeover 1710,FC Road,4.1,1753,High,"Hair Spa, Coloring, Keratin, Smoothening",8AM to 9PM,7500617298
1711,Royal Makeover 1711,FC Road,4.1,376,Medium,"Hair Spa, Coloring, Keratin, Smoothening",8AM to 10PM,8213965840
1712,Style Makeover 1712,Sinhagad Road,4.6,1119,High,"Facial, Cleanup, Waxing, Threading",10AM to 10PM,9190908510
1713,Style Salon 1713,Camp,4.3,167,High,"Hair Spa, Coloring, Keratin, Smoothening",10AM to 11PM,7795603577
1714,Trendy Lounge 1714,Hadapsar,3.5,893,Low,"Bridal Makeup, Hair Styling, Skincare",11AM to 8PM,8110807745
1715,Style Salon 1715,Magarpatta,3.1,108,Medium,"Haircut, Styling, Facial, Manicure, Pedicure",9AM to 9PM,9598092631
1716,Glow Makeover 1716,Viman Nagar,3.4,1309,Medium,"Haircut, Beard Trim, Cleanup",8AM to 8PM,9370779627
1717,Urban Salon 1717,Pimple Saudagar,4.5,1768,Low,"Haircut, Beard Trim, Cleanup",11AM to 8PM,7644971121
1718,Luxury Studio 1718,Shivaji Nagar,3.2,1375,Low,"Facial, Cleanup, Waxing, Threading",8AM to 11PM,8809078980
1719,Style Salon 1719,Magarpatta,3.8,1234,High,"Bridal Makeup, Hair Styling, Skincare",8AM to 10PM,8696230942
1720,Royal Makeover 1720,Pimple Saudagar,4.1,1262,Low,"Haircut, Styling, Facial, Manicure, Pedicure",10AM to 10PM,9106448655
1721,Style Makeover 1721,Shivaji Nagar,3,1939,Medium,"Haircut, Beard Trim, Cleanup",9AM to 9PM,9513426354
1722,Royal Salon 1722,Shivaji Nagar,4.6,1854,Low,"Haircut, Styling, Facial, Manicure, Pedicure",11AM to 8PM,9760831491
1723,Royal Makeover 1723,Hadapsar,4.8,533,High,"Haircut, Beard Trim, Cleanup",9AM to 11PM,9293661058
1724,Royal Studio 1724,Magarpatta,4.2,1021,High,"Facial, Cleanup, Waxing, Threading",9AM to 9PM,9072794270
1725,Glow Studio 1725,Hinjewadi,4.2,167,Low,"Hair Coloring, Highlights, Hair Spa",8AM to 11PM,7710256757
1726,Style Studio 1726,Kothrud,3.8,1134,Low,"Bridal Makeup, Hair Styling, Skincare",8AM to 10PM,7666934419
1727,Urban Studio 1727,Magarpatta,4.7,1386,Low,"Haircut, Styling, Facial, Manicure, Pedicure",8AM to 8PM,7735804769
1728,Trendy Salon 1728,Magarpatta,3.7,657,Medium,"Hair Spa, Coloring, Keratin, Smoothening",11AM to 9PM,8009175213
1729,Trendy Salon 1729,Aundh,4,893,High,"Hair Coloring, Highlights, Hair Spa",10AM to 10PM,7669442997
1730,Urban Salon 1730,Kothrud,4.9,259,Low,"Haircut, Beard Trim, Cleanup",10AM to 10PM,7822056535
1731,Aura Studio 1731,Karve Nagar,4.1,1751,Medium,"Hair Coloring, Highlights, Hair Spa",11AM to 11PM,8930122914
1732,Glow Lounge 1732,Koregaon Park,3.1,69,Low,"Facial, Cleanup, Waxing, Threading",9AM to 11PM,7057075621
1733,Elite Lounge 1733,Baner,3.8,800,Low,"Haircut, Styling, Facial, Manicure, Pedicure",10AM to 11PM,8162958714
1734,Elite Makeover 1734,Hadapsar,3.2,949,Low,"Bridal Makeup, Hair Styling, Skincare",10AM to 11PM,9504080186
1735,Glow Studio 1735,Koregaon Park,4,629,High,"Haircut, Beard Trim, Cleanup",10AM to 9PM,8823844302
1736,Trendy Lounge 1736,Viman Nagar,3.4,1824,High,"Haircut, Styling, Facial, Manicure, Pedicure",8AM to 10PM,8094641697
1737,Aura Lounge 1737,Aundh,4.4,1158,Medium,"Facial, Cleanup, Waxing, Threading",11AM to 8PM,9784378076
1738,Urban Lounge 1738,Camp,4.7,1639,High,"Haircut, Beard Trim, Cleanup",11AM to 10PM,9363815657
1739,Luxury Lounge 1739,Aundh,3.1,14,Medium,"Haircut, Styling, Facial, Manicure, Pedicure",9AM to 11PM,8177077049
1740,Luxury Makeover 1740,Shivaji Nagar,3.9,191,Medium,"Hair Coloring, Highlights, Hair Spa",10AM to 10PM,9785937187
1741,Glow Studio 1741,Magarpatta,3.6,209,High,"Bridal Makeup, Hair Styling, Skincare",8AM to 11PM,9924340089
1742,Trendy Salon 1742,Karve Nagar,3.3,402,Medium,"Hair Spa, Coloring, Keratin, Smoothening",9AM to 9PM,7902490945
1743,Elite Studio 1743,Baner,4.8,282,High,"Haircut, Styling, Facial, Manicure, Pedicure",8AM to 10PM,8870635262
1744,Elite Studio 1744,Pimple Saudagar,4.6,1349,Medium,"Hair Coloring, Highlights, Hair Spa",10AM to 10PM,9887580317
1745,Urban Studio 1745,Camp,4.5,263,Low,"Haircut, Beard Trim, Cleanup",10AM to 11PM,7824324360
1746,Glow Studio 1746,Camp,4,578,Low,"Haircut, Styling, Facial, Manicure, Pedicure",10AM to 8PM,9243722091
1747,Luxury Lounge 1747,Kothrud,4,1270,Low,"Haircut, Beard Trim, Cleanup",9AM to 11PM,8521052668
1748,Elite Studio 1748,Koregaon Park,3.4,1795,High,"Hair Spa, Coloring, Keratin, Smoothening",11AM to 9PM,9901244150
1749,Luxury Lounge 1749,FC Road,4.4,1602,Medium,"Haircut, Styling, Facial, Manicure, Pedicure",8AM to 9PM,9848372085
1750,Royal Makeover 1750,FC Road,4.3,1155,Low,"Haircut, Styling, Facial, Manicure, Pedicure",11AM to 9PM,7148537210
1751,Aura Lounge 1751,Baner,3.4,1412,Low,"Haircut, Styling, Facial, Manicure, Pedicure",10AM to 10PM,8875997836
1752,Urban Salon 1752,Kothrud,3.8,811,Low,"Hair Spa, Coloring, Keratin, Smoothening",9AM to 10PM,7401246343
1753,Aura Studio 1753,Kothrud,4.5,1159,High,"Bridal Makeup, Hair Styling, Skincare",11AM to 10PM,8312009671
1754,Royal Lounge 1754,Camp,3,13,Medium,"Hair Spa, Coloring, Keratin, Smoothening",11AM to 11PM,8866963164
1755,Glow Lounge 1755,Shivaji Nagar,4.9,758,High,"Haircut, Styling, Facial, Manicure, Pedicure",9AM to 11PM,8739789169
1756,Luxury Makeover 1756,FC Road,3,1518,Low,"Haircut, Styling, Facial, Manicure, Pedicure",10AM to 8PM,8132582453
1757,Style Studio 1757,Karve Nagar,3.3,146,Medium,"Bridal Makeup, Hair Styling, Skincare",8AM to 11PM,8320937486
1758,Elite Lounge 1758,Aundh,3.5,1848,Low,"Hair Spa, Coloring, Keratin, Smoothening",8AM to 9PM,7824886738
1759,Style Studio 1759,Karve Nagar,3,391,Medium,"Hair Coloring, Highlights, Hair Spa",11AM to 11PM,8774143766
1760,Luxury Studio 1760,Sinhagad Road,4.5,1218,Medium,"Haircut, Beard Trim, Cleanup",8AM to 10PM,7883897901
1761,Style Lounge 1761,Aundh,3.2,825,High,"Facial, Cleanup, Waxing, Threading",11AM to 9PM,8619303621
1762,Aura Salon 1762,Camp,4.1,162,Low,"Haircut, Beard Trim, Cleanup",10AM to 9PM,9410162337
1763,Royal Studio 1763,Wakad,5,619,High,"Hair Coloring, Highlights, Hair Spa",11AM to 10PM,8100909823
1764,Urban Salon 1764,Wakad,5,599,High,"Facial, Cleanup, Waxing, Threading",11AM to 9PM,8403173516
1765,Urban Makeover 1765,Pimple Saudagar,3.4,1706,Medium,"Bridal Makeup, Hair Styling, Skincare",10AM to 8PM,7783693632
1766,Glow Salon 1766,Kothrud,3.9,1129,Medium,"Bridal Makeup, Hair Styling, Skincare",11AM to 11PM,7226189391
1767,Elite Makeover 1767,Sinhagad Road,4.4,629,Medium,"Haircut, Beard Trim, Cleanup",8AM to 10PM,8571913716
1768,Royal Lounge 1768,Shivaji Nagar,3.2,1527,High,"Haircut, Styling, Facial, Manicure, Pedicure",11AM to 11PM,7427700520
1769,Trendy Makeover 1769,Karve Nagar,4,170,High,"Bridal Makeup, Hair Styling, Skincare",9AM to 10PM,7183022062
1770,Royal Makeover 1770,Viman Nagar,3.1,1804,High,"Facial, Cleanup, Waxing, Threading",9AM to 9PM,7963093679
1771,Luxury Studio 1771,Camp,4.3,216,High,"Hair Coloring, Highlights, Hair Spa",11AM to 11PM,7610432057
1772,Royal Makeover 1772,Hadapsar,3.5,406,Low,"Hair Spa, Coloring, Keratin, Smoothening",9AM to 9PM,9447637621
1773,Urban Salon 1773,Wakad,4.3,1335,Medium,"Facial, Cleanup, Waxing, Threading",11AM to 11PM,9459685618
1774,Style Makeover 1774,FC Road,4.2,25,Medium,"Haircut, Beard Trim, Cleanup",10AM to 9PM,8803974040
1775,Elite Salon 1775,Wakad,4.2,1017,Low,"Hair Spa, Coloring, Keratin, Smoothening",9AM to 9PM,9203473807
1776,Aura Studio 1776,Sinhagad Road,4.8,1700,Medium,"Haircut, Styling, Facial, Manicure, Pedicure",11AM to 10PM,9451003925
1777,Style Salon 1777,Magarpatta,5,909,High,"Haircut, Beard Trim, Cleanup",10AM to 10PM,7551044146
1778,Trendy Salon 1778,Camp,3.7,1140,Medium,"Bridal Makeup, Hair Styling, Skincare",10AM to 9PM,8991915522
1779,Urban Makeover 1779,Camp,4.1,668,Low,"Facial, Cleanup, Waxing, Threading",11AM to 8PM,9947106058
1780,Aura Makeover 1780,FC Road,3.3,944,Low,"Bridal Makeup, Hair Styling, Skincare",9AM to 10PM,9207243635
1781,Urban Salon 1781,Kothrud,4.4,1467,High,"Bridal Makeup, Hair Styling, Skincare",8AM to 8PM,9984386571
1782,Elite Makeover 1782,Baner,3.6,1626,Low,"Hair Spa, Coloring, Keratin, Smoothening",10AM to 9PM,9207162501
1783,Trendy Makeover 1783,FC Road,3.1,1834,Low,"Facial, Cleanup, Waxing, Threading",10AM to 10PM,9941994742
1784,Urban Makeover 1784,Koregaon Park,4.9,1284,Medium,"Haircut, Beard Trim, Cleanup",10AM to 9PM,8397724427
1785,Luxury Lounge 1785,Wakad,3.3,1379,High,"Facial, Cleanup, Waxing, Threading",9AM to 11PM,8738295999
1786,Trendy Lounge 1786,Kothrud,3.5,1188,Medium,"Bridal Makeup, Hair Styling, Skincare",8AM to 8PM,9831014934
1787,Luxury Studio 1787,Sinhagad Road,3.1,407,High,"Haircut, Beard Trim, Cleanup",10AM to 8PM,9613766915
1788,Aura Makeover 1788,Koregaon Park,4.5,422,High,"Hair Spa, Coloring, Keratin, Smoothening",11AM to 11PM,7221698931
1789,Style Makeover 1789,Kothrud,3.1,59,High,"Bridal Makeup, Hair Styling, Skincare",9AM to 10PM,9985769568
1790,Trendy Lounge 1790,Karve Nagar,3.1,1979,High,"Facial, Cleanup, Waxing, Threading",11AM to 8PM,9810012854
1791,Luxury Studio 1791,Magarpatta,3.4,802,Low,"Haircut, Styling, Facial, Manicure, Pedicure",9AM to 9PM,8349101514
1792,Luxury Makeover 1792,Hinjewadi,4.2,1220,Medium,"Bridal Makeup, Hair Styling, Skincare",10AM to 10PM,9678478403
1793,Royal Makeover 1793,Shivaji Nagar,3.3,1442,Low,"Bridal Makeup, Hair Styling, Skincare",8AM to 10PM,8676361277
1794,Trendy Makeover 1794,Sinhagad Road,4.6,1506,Low,"Bridal Makeup, Hair Styling, Skincare",10AM to 10PM,9128410830
1795,Urban Lounge 1795,Kothrud,4.6,904,Low,"Facial, Cleanup, Waxing, Threading",11AM to 9PM,7524400717
1796,Aura Makeover 1796,Wakad,4.5,647,Medium,"Haircut, Styling, Facial, Manicure, Pedicure",10AM to 8PM,9882584861
1797,Glow Lounge 1797,Hinjewadi,3.7,1492,Medium,"Facial, Cleanup, Waxing, Threading",10AM to 9PM,9895251761
1798,Trendy Studio 1798,Koregaon Park,3.3,883,Medium,"Bridal Makeup, Hair Styling, Skincare",11AM to 8PM,8193103930
1799,Elite Studio 1799,Aundh,3,723,High,"Haircut, Styling, Facial, Manicure, Pedicure",10AM to 9PM,9933438199
1800,Style Lounge 1800,Koregaon Park,3,1989,Low,"Facial, Cleanup, Waxing, Threading",10AM to 8PM,9795442572
1801,Glow Lounge 1801,Kothrud,3.3,1122,Medium,"Haircut, Styling, Facial, Manicure, Pedicure",9AM to 9PM,9305045531
1802,Style Makeover 1802,Aundh,3.6,712,Low,"Bridal Makeup, Hair Styling, Skincare",8AM to 8PM,7908541017
1803,Style Makeover 1803,Sinhagad Road,3.2,596,High,"Bridal Makeup, Hair Styling, Skincare",10AM to 9PM,8810020885
1804,Style Salon 1804,Aundh,3.9,626,Low,"Hair Spa, Coloring, Keratin, Smoothening",11AM to 10PM,8082519039
1805,Elite Studio 1805,Kothrud,3.7,136,Low,"Haircut, Beard Trim, Cleanup",8AM to 11PM,8292377000
1806,Urban Salon 1806,Hinjewadi,4.2,705,Low,"Facial, Cleanup, Waxing, Threading",9AM to 9PM,8005814659
1807,Royal Salon 1807,Wakad,3.8,1464,Medium,"Hair Coloring, Highlights, Hair Spa",10AM to 11PM,9552427422
1808,Luxury Lounge 1808,Baner,4.5,138,Medium,"Haircut, Beard Trim, Cleanup",9AM to 8PM,9409678114
1809,Urban Lounge 1809,Hadapsar,4.5,1842,Low,"Hair Spa, Coloring, Keratin, Smoothening",10AM to 8PM,8348463912
1810,Elite Makeover 1810,Kothrud,4.6,227,Medium,"Bridal Makeup, Hair Styling, Skincare",8AM to 11PM,8608168895
1811,Style Lounge 1811,Pimple Saudagar,4,923,Medium,"Bridal Makeup, Hair Styling, Skincare",9AM to 9PM,9833460994
1812,Elite Salon 1812,Hinjewadi,4,1851,Medium,"Hair Coloring, Highlights, Hair Spa",10AM to 8PM,7615159022
1813,Royal Studio 1813,Hinjewadi,3.9,1379,Medium,"Haircut, Styling, Facial, Manicure, Pedicure",11AM to 9PM,8464323198
1814,Elite Lounge 1814,Wakad,3.1,1028,Medium,"Haircut, Beard Trim, Cleanup",10AM to 10PM,8992702591
1815,Glow Salon 1815,Koregaon Park,3.4,157,High,"Haircut, Beard Trim, Cleanup",8AM to 11PM,7276915219
1816,Elite Salon 1816,FC Road,4.5,1786,High,"Facial, Cleanup, Waxing, Threading",11AM to 10PM,7476556887
1817,Elite Makeover 1817,Aundh,4.6,1344,Low,"Facial, Cleanup, Waxing, Threading",11AM to 11PM,8647321622
1818,Luxury Lounge 1818,Sinhagad Road,4.4,1017,High,"Bridal Makeup, Hair Styling, Skincare",9AM to 10PM,9950491785
1819,Elite Salon 1819,Camp,3.4,974,High,"Haircut, Beard Trim, Cleanup",11AM to 8PM,9508690641
1820,Glow Salon 1820,Karve Nagar,3.5,907,Low,"Hair Spa, Coloring, Keratin, Smoothening",8AM to 11PM,8471274471
1821,Elite Studio 1821,Wakad,4.9,1895,High,"Haircut, Beard Trim, Cleanup",10AM to 11PM,9383228131
1822,Style Makeover 1822,Baner,4.2,1590,High,"Haircut, Styling, Facial, Manicure, Pedicure",10AM to 9PM,8908793265
1823,Royal Makeover 1823,Wakad,4.7,1700,Low,"Hair Coloring, Highlights, Hair Spa",9AM to 8PM,7520507525
1824,Glow Salon 1824,Hinjewadi,3.4,1675,Low,"Bridal Makeup, Hair Styling, Skincare",10AM to 10PM,8941602378
1825,Luxury Salon 1825,Aundh,3.3,1718,Low,"Facial, Cleanup, Waxing, Threading",8AM to 9PM,9930496323
1826,Trendy Makeover 1826,Sinhagad Road,4.7,1945,Medium,"Facial, Cleanup, Waxing, Threading",9AM to 8PM,7938083116
1827,Aura Lounge 1827,Pimple Saudagar,3.1,1597,Low,"Bridal Makeup, Hair Styling, Skincare",10AM to 9PM,7516540885
1828,Glow Salon 1828,Hadapsar,3.4,1500,Low,"Hair Coloring, Highlights, Hair Spa",9AM to 8PM,9079029197
1829,Trendy Makeover 1829,Aundh,3.1,1461,High,"Hair Coloring, Highlights, Hair Spa",10AM to 10PM,7142476366
1830,Elite Lounge 1830,Hinjewadi,3.6,1895,Low,"Haircut, Beard Trim, Cleanup",11AM to 11PM,9017272280
1831,Royal Salon 1831,Hadapsar,3.3,1761,Low,"Hair Coloring, Highlights, Hair Spa",10AM to 9PM,7953286839
1832,Luxury Makeover 1832,Pimple Saudagar,3.7,599,High,"Haircut, Styling, Facial, Manicure, Pedicure",10AM to 10PM,9775260826
1833,Trendy Studio 1833,Magarpatta,4.2,1686,Low,"Bridal Makeup, Hair Styling, Skincare",10AM to 10PM,7776859251
1834,Glow Makeover 1834,Koregaon Park,3.2,586,Low,"Facial, Cleanup, Waxing, Threading",10AM to 8PM,9132990122
1835,Luxury Salon 1835,Karve Nagar,3.1,106,High,"Facial, Cleanup, Waxing, Threading",9AM to 9PM,7280709072
1836,Royal Lounge 1836,Hinjewadi,3.5,613,Low,"Bridal Makeup, Hair Styling, Skincare",11AM to 8PM,7232920790
1837,Aura Salon 1837,Magarpatta,4.5,1264,Medium,"Facial, Cleanup, Waxing, Threading",8AM to 10PM,9691937648
1838,Glow Studio 1838,FC Road,4.3,669,Low,"Haircut, Beard Trim, Cleanup",8AM to 9PM,7869601015
1839,Royal Studio 1839,Kothrud,4.8,1705,High,"Bridal Makeup, Hair Styling, Skincare",8AM to 10PM,8217959035
1840,Glow Lounge 1840,Hadapsar,3,287,Medium,"Haircut, Beard Trim, Cleanup",10AM to 9PM,8584531352
1841,Elite Salon 1841,Sinhagad Road,3.9,1149,Medium,"Haircut, Beard Trim, Cleanup",8AM to 8PM,9699103557
1842,Royal Makeover 1842,Viman Nagar,4.1,147,Medium,"Haircut, Beard Trim, Cleanup",11AM to 8PM,7108346952
1843,Urban Studio 1843,Baner,3.9,1190,High,"Haircut, Styling, Facial, Manicure, Pedicure",9AM to 10PM,9808833371
1844,Aura Studio 1844,Camp,3.3,423,Low,"Haircut, Beard Trim, Cleanup",9AM to 11PM,9660521396
1845,Elite Salon 1845,FC Road,3.4,149,Low,"Hair Spa, Coloring, Keratin, Smoothening",10AM to 9PM,8301031377
1846,Glow Studio 1846,Sinhagad Road,4.3,353,High,"Haircut, Beard Trim, Cleanup",8AM to 10PM,9000902675
1847,Trendy Studio 1847,Sinhagad Road,4.9,1447,High,"Hair Coloring, Highlights, Hair Spa",10AM to 9PM,9660912431
1848,Urban Makeover 1848,Hadapsar,3.4,235,High,"Haircut, Styling, Facial, Manicure, Pedicure",11AM to 10PM,7809707217
1849,Style Salon 1849,Pimple Saudagar,3,573,Medium,"Haircut, Styling, Facial, Manicure, Pedicure",9AM to 9PM,7718361487
1850,Aura Makeover 1850,Hadapsar,3.3,553,Medium,"Facial, Cleanup, Waxing, Threading",9AM to 8PM,9055519413
1851,Aura Lounge 1851,Kothrud,3.6,110,High,"Haircut, Styling, Facial, Manicure, Pedicure",8AM to 11PM,7400956433
1852,Style Makeover 1852,Camp,4.8,891,Low,"Hair Spa, Coloring, Keratin, Smoothening",8AM to 9PM,8369160089
1853,Style Studio 1853,Wakad,3.2,136,Low,"Hair Spa, Coloring, Keratin, Smoothening",11AM to 10PM,9074057624
1854,Luxury Lounge 1854,Koregaon Park,4.6,915,High,"Hair Spa, Coloring, Keratin, Smoothening",11AM to 11PM,9536789533
1855,Style Salon 1855,Karve Nagar,4,1156,Medium,"Haircut, Styling, Facial, Manicure, Pedicure",10AM to 9PM,8846532168
1856,Luxury Lounge 1856,Magarpatta,4.8,1094,Low,"Haircut, Beard Trim, Cleanup",9AM to 8PM,8755967775
1857,Royal Lounge 1857,Hadapsar,3.4,1327,Low,"Hair Spa, Coloring, Keratin, Smoothening",9AM to 10PM,7193906358
1858,Luxury Makeover 1858,Viman Nagar,4.2,56,High,"Haircut, Styling, Facial, Manicure, Pedicure",9AM to 11PM,9241903199
1859,Trendy Studio 1859,Hadapsar,3.4,1522,Medium,"Hair Spa, Coloring, Keratin, Smoothening",10AM to 9PM,9385890072
1860,Glow Makeover 1860,Baner,3.4,1001,Medium,"Hair Coloring, Highlights, Hair Spa",8AM to 11PM,7174745577
1861,Royal Salon 1861,Koregaon Park,4.6,825,Low,"Bridal Makeup, Hair Styling, Skincare",11AM to 11PM,8980584725
1862,Style Lounge 1862,Hinjewadi,3.6,1711,Medium,"Facial, Cleanup, Waxing, Threading",11AM to 10PM,9639217042
1863,Urban Salon 1863,Hinjewadi,4.1,1834,High,"Bridal Makeup, Hair Styling, Skincare",8AM to 9PM,7343884405
1864,Royal Salon 1864,Pimple Saudagar,4.8,10,Low,"Bridal Makeup, Hair Styling, Skincare",8AM to 8PM,7094487786
1865,Royal Lounge 1865,Camp,3.6,267,High,"Haircut, Beard Trim, Cleanup",10AM to 9PM,8750239521
1866,Glow Salon 1866,Viman Nagar,3.3,885,Low,"Haircut, Beard Trim, Cleanup",8AM to 9PM,9669890699
1867,Trendy Studio 1867,Baner,3.8,697,Low,"Bridal Makeup, Hair Styling, Skincare",8AM to 9PM,9025004761
1868,Elite Studio 1868,Karve Nagar,4.5,366,Medium,"Hair Coloring, Highlights, Hair Spa",10AM to 11PM,9070055856
1869,Urban Makeover 1869,Karve Nagar,4.7,1823,Medium,"Hair Spa, Coloring, Keratin, Smoothening",8AM to 8PM,7953623295
1870,Trendy Lounge 1870,Wakad,3.3,812,Low,"Hair Spa, Coloring, Keratin, Smoothening",11AM to 10PM,8180023687
1871,Style Salon 1871,Magarpatta,3.2,1999,Medium,"Bridal Makeup, Hair Styling, Skincare",9AM to 8PM,9567480175
1872,Glow Salon 1872,Baner,3.7,1166,Low,"Bridal Makeup, Hair Styling, Skincare",8AM to 8PM,9962696988
1873,Trendy Makeover 1873,Hinjewadi,4.4,1204,Medium,"Bridal Makeup, Hair Styling, Skincare",10AM to 8PM,8362146024
1874,Luxury Salon 1874,Hadapsar,4.1,1071,High,"Hair Spa, Coloring, Keratin, Smoothening",11AM to 9PM,8074671255
1875,Luxury Studio 1875,Koregaon Park,3.1,1875,High,"Facial, Cleanup, Waxing, Threading",9AM to 10PM,7837369080
1876,Aura Salon 1876,Camp,4,646,High,"Hair Coloring, Highlights, Hair Spa",10AM to 10PM,8014898043
1877,Trendy Studio 1877,Pimple Saudagar,4.6,26,High,"Haircut, Beard Trim, Cleanup",9AM to 11PM,9548792243
1878,Style Studio 1878,Hadapsar,4,1390,Medium,"Haircut, Styling, Facial, Manicure, Pedicure",9AM to 9PM,8017219582
1879,Trendy Lounge 1879,Koregaon Park,4.3,504,Low,"Hair Coloring, Highlights, Hair Spa",8AM to 11PM,7766808034
1880,Aura Salon 1880,Aundh,4,757,Medium,"Bridal Makeup, Hair Styling, Skincare",9AM to 11PM,9121068848
1881,Trendy Salon 1881,Kothrud,3.1,963,Low,"Hair Spa, Coloring, Keratin, Smoothening",8AM to 10PM,9684428504
1882,Aura Makeover 1882,Hinjewadi,3.5,1238,High,"Bridal Makeup, Hair Styling, Skincare",11AM to 8PM,9764092720
1883,Glow Studio 1883,Aundh,4.6,1309,High,"Bridal Makeup, Hair Styling, Skincare",8AM to 11PM,8598060087
1884,Style Lounge 1884,Hadapsar,3.4,1436,Low,"Bridal Makeup, Hair Styling, Skincare",10AM to 8PM,8573238020
1885,Luxury Salon 1885,Kothrud,3.6,752,High,"Hair Coloring, Highlights, Hair Spa",11AM to 8PM,8455357328
1886,Luxury Makeover 1886,Koregaon Park,3.9,569,Low,"Bridal Makeup, Hair Styling, Skincare",11AM to 9PM,8460417884
1887,Luxury Studio 1887,Magarpatta,4.6,1740,High,"Bridal Makeup, Hair Styling, Skincare",9AM to 11PM,9504821536
1888,Glow Studio 1888,Viman Nagar,4.1,397,Low,"Bridal Makeup, Hair Styling, Skincare",10AM to 10PM,8312514578
1889,Glow Salon 1889,Aundh,3.7,25,High,"Hair Coloring, Highlights, Hair Spa",9AM to 8PM,8103163471
1890,Style Salon 1890,Aundh,4.4,994,Medium,"Bridal Makeup, Hair Styling, Skincare",8AM to 10PM,7832811369
1891,Urban Salon 1891,Hadapsar,4.2,1856,Low,"Hair Spa, Coloring, Keratin, Smoothening",8AM to 10PM,7864943439
1892,Royal Studio 1892,FC Road,3.4,19,Medium,"Facial, Cleanup, Waxing, Threading",11AM to 8PM,8898013778
1893,Trendy Salon 1893,Hinjewadi,4.1,470,High,"Hair Spa, Coloring, Keratin, Smoothening",8AM to 10PM,7486875163
1894,Trendy Salon 1894,Pimple Saudagar,4.3,320,Medium,"Facial, Cleanup, Waxing, Threading",9AM to 9PM,7739684370
1895,Glow Lounge 1895,Camp,4.3,1662,High,"Hair Coloring, Highlights, Hair Spa",9AM to 11PM,7999684724
1896,Elite Salon 1896,Shivaji Nagar,3.5,508,Low,"Haircut, Styling, Facial, Manicure, Pedicure",10AM to 11PM,9369425448
1897,Trendy Makeover 1897,FC Road,4.2,1312,High,"Haircut, Styling, Facial, Manicure, Pedicure",10AM to 9PM,9615972914
1898,Royal Makeover 1898,Camp,3.6,187,High,"Hair Spa, Coloring, Keratin, Smoothening",9AM to 9PM,7501955493
1899,Trendy Makeover 1899,Pimple Saudagar,3.7,824,Low,"Haircut, Styling, Facial, Manicure, Pedicure",9AM to 9PM,7014704224
1900,Elite Studio 1900,Aundh,3.3,1390,High,"Haircut, Beard Trim, Cleanup",9AM to 11PM,8149278523
1901,Glow Lounge 1901,FC Road,4.9,257,High,"Hair Coloring, Highlights, Hair Spa",10AM to 11PM,9273302370
1902,Style Lounge 1902,Shivaji Nagar,4,1515,Low,"Haircut, Beard Trim, Cleanup",10AM to 10PM,7145811511
1903,Style Lounge 1903,Sinhagad Road,4.5,1244,Low,"Hair Coloring, Highlights, Hair Spa",8AM to 9PM,9291299040
1904,Elite Makeover 1904,Koregaon Park,3.8,647,Low,"Haircut, Beard Trim, Cleanup",10AM to 11PM,8474281671
1905,Glow Lounge 1905,Sinhagad Road,4.4,1858,Medium,"Bridal Makeup, Hair Styling, Skincare",11AM to 9PM,8081042944
1906,Aura Makeover 1906,Pimple Saudagar,3.5,1536,High,"Hair Spa, Coloring, Keratin, Smoothening",10AM to 8PM,9028644619
1907,Elite Makeover 1907,Kothrud,4.6,846,Low,"Haircut, Styling, Facial, Manicure, Pedicure",11AM to 10PM,9531749633
1908,Elite Studio 1908,Kothrud,3.8,1431,Medium,"Haircut, Styling, Facial, Manicure, Pedicure",11AM to 8PM,9127206940
1909,Elite Salon 1909,Shivaji Nagar,3.9,1336,Low,"Bridal Makeup, Hair Styling, Skincare",10AM to 8PM,9336606121
1910,Glow Makeover 1910,Hinjewadi,4.3,1189,Low,"Bridal Makeup, Hair Styling, Skincare",8AM to 8PM,9333658515
1911,Luxury Studio 1911,Sinhagad Road,4.1,1737,Medium,"Bridal Makeup, Hair Styling, Skincare",9AM to 8PM,7552045935
1912,Luxury Salon 1912,Magarpatta,3.2,1842,Medium,"Hair Coloring, Highlights, Hair Spa",9AM to 10PM,7371271579
1913,Luxury Makeover 1913,Karve Nagar,4.2,878,Medium,"Bridal Makeup, Hair Styling, Skincare",11AM to 9PM,7509647487
1914,Urban Makeover 1914,Baner,4.5,854,Medium,"Haircut, Beard Trim, Cleanup",11AM to 8PM,7641237045
1915,Trendy Salon 1915,Pimple Saudagar,3.4,79,Medium,"Hair Coloring, Highlights, Hair Spa",9AM to 9PM,8105631416
1916,Royal Lounge 1916,Hinjewadi,5,1349,Low,"Hair Spa, Coloring, Keratin, Smoothening",11AM to 9PM,9050121005
1917,Luxury Lounge 1917,Pimple Saudagar,3.2,323,High,"Haircut, Styling, Facial, Manicure, Pedicure",10AM to 9PM,9227497121
1918,Royal Lounge 1918,Kothrud,4.1,869,Low,"Hair Coloring, Highlights, Hair Spa",9AM to 10PM,7464472131
1919,Urban Salon 1919,Hinjewadi,3.1,1207,Medium,"Bridal Makeup, Hair Styling, Skincare",9AM to 11PM,7893052853
1920,Glow Makeover 1920,Sinhagad Road,3.2,396,Low,"Haircut, Styling, Facial, Manicure, Pedicure",11AM to 11PM,7865541220
1921,Royal Studio 1921,Kothrud,4,1975,Medium,"Haircut, Beard Trim, Cleanup",11AM to 9PM,8751545607
1922,Luxury Lounge 1922,Camp,4.4,1469,Medium,"Facial, Cleanup, Waxing, Threading",9AM to 9PM,8974286138
1923,Aura Makeover 1923,Wakad,3.1,571,High,"Bridal Makeup, Hair Styling, Skincare",8AM to 8PM,8419712957
1924,Trendy Lounge 1924,Pimple Saudagar,4.5,1083,Low,"Hair Spa, Coloring, Keratin, Smoothening",8AM to 8PM,9880721873
1925,Trendy Salon 1925,Koregaon Park,4.4,1441,High,"Facial, Cleanup, Waxing, Threading",10AM to 9PM,7685169431
1926,Trendy Studio 1926,Wakad,3.1,939,High,"Hair Coloring, Highlights, Hair Spa",10AM to 8PM,7654308598
1927,Trendy Salon 1927,Camp,4.6,661,Medium,"Haircut, Beard Trim, Cleanup",9AM to 11PM,9493352299
1928,Glow Makeover 1928,Viman Nagar,3.2,665,High,"Facial, Cleanup, Waxing, Threading",10AM to 11PM,7357773871
1929,Elite Lounge 1929,Aundh,4.8,112,Medium,"Haircut, Beard Trim, Cleanup",10AM to 10PM,8238665781
1930,Aura Lounge 1930,Koregaon Park,3.6,339,Low,"Bridal Makeup, Hair Styling, Skincare",10AM to 11PM,7664151523
1931,Urban Lounge 1931,Hadapsar,3.3,1419,Medium,"Haircut, Beard Trim, Cleanup",10AM to 8PM,7705653293
1932,Aura Studio 1932,Karve Nagar,4.1,1805,High,"Hair Spa, Coloring, Keratin, Smoothening",11AM to 11PM,7047337952
1933,Elite Salon 1933,Pimple Saudagar,3.5,184,High,"Haircut, Beard Trim, Cleanup",8AM to 10PM,8087503460
1934,Royal Lounge 1934,Wakad,4,221,High,"Hair Coloring, Highlights, Hair Spa",8AM to 11PM,8425213089
1935,Glow Lounge 1935,Kothrud,3.5,289,High,"Facial, Cleanup, Waxing, Threading",11AM to 8PM,8330016015
1936,Trendy Lounge 1936,Sinhagad Road,4.6,110,Medium,"Haircut, Styling, Facial, Manicure, Pedicure",10AM to 11PM,9864212912
1937,Aura Makeover 1937,Camp,4,505,Medium,"Haircut, Styling, Facial, Manicure, Pedicure",10AM to 8PM,8445573319
1938,Glow Makeover 1938,Karve Nagar,4.2,1672,Low,"Bridal Makeup, Hair Styling, Skincare",8AM to 10PM,8369880639
1939,Elite Salon 1939,Camp,4.5,552,High,"Hair Spa, Coloring, Keratin, Smoothening",11AM to 10PM,9892687881
1940,Luxury Makeover 1940,Pimple Saudagar,3.6,1566,Medium,"Facial, Cleanup, Waxing, Threading",9AM to 10PM,7159449466
1941,Elite Lounge 1941,Hinjewadi,3.3,1811,Low,"Bridal Makeup, Hair Styling, Skincare",10AM to 10PM,9065758249
1942,Luxury Lounge 1942,Wakad,4.4,1631,Low,"Hair Coloring, Highlights, Hair Spa",9AM to 8PM,9211083547
1943,Aura Makeover 1943,Viman Nagar,3.9,458,Low,"Facial, Cleanup, Waxing, Threading",9AM to 10PM,8570727474
1944,Style Studio 1944,Baner,4.7,670,High,"Hair Coloring, Highlights, Hair Spa",10AM to 10PM,9906797162
1945,Aura Makeover 1945,Wakad,4.3,1634,High,"Hair Coloring, Highlights, Hair Spa",11AM to 8PM,9173073625
1946,Glow Studio 1946,Baner,3.2,1314,Low,"Hair Coloring, Highlights, Hair Spa",8AM to 10PM,7177693962
1947,Elite Makeover 1947,Shivaji Nagar,4.2,1710,Medium,"Facial, Cleanup, Waxing, Threading",9AM to 10PM,9409910180
1948,Trendy Lounge 1948,Hadapsar,3.2,1231,Medium,"Haircut, Beard Trim, Cleanup",8AM to 10PM,7136034731
1949,Glow Studio 1949,Sinhagad Road,3.3,1135,High,"Haircut, Beard Trim, Cleanup",8AM to 10PM,9376629973
1950,Glow Lounge 1950,Karve Nagar,3.2,400,High,"Haircut, Styling, Facial, Manicure, Pedicure",11AM to 9PM,7480131549
1951,Trendy Salon 1951,Pimple Saudagar,3.3,1644,Low,"Haircut, Beard Trim, Cleanup",8AM to 10PM,8168845053
1952,Aura Lounge 1952,Hadapsar,4.4,984,Medium,"Hair Spa, Coloring, Keratin, Smoothening",10AM to 10PM,9680928277
1953,Glow Studio 1953,Shivaji Nagar,4.1,1872,High,"Haircut, Beard Trim, Cleanup",11AM to 11PM,8716453336
1954,Royal Salon 1954,Magarpatta,4.7,240,Low,"Hair Spa, Coloring, Keratin, Smoothening",8AM to 10PM,8868852416
1955,Glow Studio 1955,Karve Nagar,3,1095,High,"Hair Coloring, Highlights, Hair Spa",9AM to 11PM,8395136304
1956,Elite Lounge 1956,Magarpatta,4.3,1643,Low,"Hair Spa, Coloring, Keratin, Smoothening",8AM to 8PM,7382019804
1957,Trendy Salon 1957,Koregaon Park,3.9,1515,Low,"Haircut, Beard Trim, Cleanup",11AM to 10PM,8079113313
1958,Aura Salon 1958,Shivaji Nagar,4.7,1830,Medium,"Hair Coloring, Highlights, Hair Spa",8AM to 11PM,8511926190
1959,Royal Lounge 1959,Magarpatta,4.8,1968,High,"Hair Coloring, Highlights, Hair Spa",11AM to 8PM,7074086582
1960,Glow Salon 1960,Hinjewadi,4.3,1870,Low,"Bridal Makeup, Hair Styling, Skincare",9AM to 9PM,8588210174
1961,Glow Lounge 1961,Koregaon Park,5,1644,Low,"Bridal Makeup, Hair Styling, Skincare",9AM to 8PM,8595766831
1962,Elite Makeover 1962,Karve Nagar,4.5,82,High,"Facial, Cleanup, Waxing, Threading",9AM to 10PM,7052723145
1963,Trendy Lounge 1963,Kothrud,4.4,1704,Medium,"Hair Spa, Coloring, Keratin, Smoothening",11AM to 11PM,9565235265
1964,Aura Salon 1964,Baner,4.5,878,High,"Hair Spa, Coloring, Keratin, Smoothening",9AM to 8PM,9915695925
1965,Style Salon 1965,Karve Nagar,4.5,30,Medium,"Bridal Makeup, Hair Styling, Skincare",8AM to 11PM,9927075642
1966,Luxury Lounge 1966,Hinjewadi,4.7,708,Medium,"Facial, Cleanup, Waxing, Threading",10AM to 10PM,8673412175
1967,Luxury Lounge 1967,Hadapsar,3.6,1776,Medium,"Hair Spa, Coloring, Keratin, Smoothening",11AM to 10PM,7804148095
1968,Style Salon 1968,Hadapsar,4.9,1172,High,"Hair Spa, Coloring, Keratin, Smoothening",11AM to 10PM,8842053457
1969,Elite Studio 1969,Camp,3.4,703,Low,"Hair Coloring, Highlights, Hair Spa",10AM to 10PM,7895988769
1970,Elite Makeover 1970,FC Road,3.5,1613,Low,"Hair Spa, Coloring, Keratin, Smoothening",10AM to 9PM,9435355536
1971,Elite Lounge 1971,Shivaji Nagar,3.5,1461,Medium,"Bridal Makeup, Hair Styling, Skincare",9AM to 9PM,7641628496
1972,Glow Makeover 1972,Sinhagad Road,4.2,977,Low,"Bridal Makeup, Hair Styling, Skincare",10AM to 10PM,7570574237
1973,Aura Makeover 1973,FC Road,3.6,353,Medium,"Hair Coloring, Highlights, Hair Spa",8AM to 10PM,8273213539
1974,Style Lounge 1974,Wakad,3.3,1179,Low,"Bridal Makeup, Hair Styling, Skincare",8AM to 9PM,7002147674
1975,Glow Makeover 1975,Camp,4.6,1576,Low,"Haircut, Styling, Facial, Manicure, Pedicure",9AM to 9PM,9538809830
1976,Style Makeover 1976,Wakad,3.8,994,High,"Bridal Makeup, Hair Styling, Skincare",8AM to 11PM,7021737649
1977,Glow Lounge 1977,Koregaon Park,3.6,1086,High,"Bridal Makeup, Hair Styling, Skincare",9AM to 11PM,8746100807
1978,Luxury Studio 1978,Karve Nagar,3.5,1401,Medium,"Hair Coloring, Highlights, Hair Spa",11AM to 10PM,7707650483
1979,Urban Makeover 1979,Camp,4.3,165,High,"Haircut, Styling, Facial, Manicure, Pedicure",10AM to 8PM,9425215854
1980,Aura Salon 1980,Viman Nagar,4.3,987,High,"Facial, Cleanup, Waxing, Threading",9AM to 9PM,7197556681
1981,Urban Lounge 1981,Camp,3.8,646,High,"Facial, Cleanup, Waxing, Threading",10AM to 9PM,9986051549
1982,Style Studio 1982,Kothrud,3.3,635,Medium,"Haircut, Styling, Facial, Manicure, Pedicure",9AM to 8PM,8891266081
1983,Royal Makeover 1983,Kothrud,3.7,1743,High,"Haircut, Styling, Facial, Manicure, Pedicure",10AM to 9PM,9326154200
1984,Luxury Studio 1984,Sinhagad Road,5,853,Medium,"Facial, Cleanup, Waxing, Threading",10AM to 11PM,7386045697
1985,Elite Lounge 1985,Hinjewadi,3.4,1467,Medium,"Facial, Cleanup, Waxing, Threading",8AM to 8PM,8736154446
1986,Royal Studio 1986,Shivaji Nagar,3.6,1024,High,"Haircut, Styling, Facial, Manicure, Pedicure",9AM to 10PM,7954260428
1987,Style Salon 1987,Koregaon Park,3.6,1639,High,"Hair Coloring, Highlights, Hair Spa",11AM to 11PM,8130542498
1988,Glow Lounge 1988,Hinjewadi,3.1,185,Low,"Bridal Makeup, Hair Styling, Skincare",9AM to 8PM,9747594969
1989,Aura Salon 1989,Aundh,3.2,479,Medium,"Bridal Makeup, Hair Styling, Skincare",11AM to 9PM,7836907452
1990,Elite Studio 1990,Hinjewadi,3.5,24,High,"Facial, Cleanup, Waxing, Threading",11AM to 9PM,7164692596
1991,Luxury Salon 1991,Karve Nagar,3.2,825,High,"Haircut, Beard Trim, Cleanup",8AM to 8PM,8236206395
1992,Trendy Studio 1992,Karve Nagar,4.8,1527,Medium,"Hair Spa, Coloring, Keratin, Smoothening",9AM to 9PM,7980045723
1993,Elite Lounge 1993,Camp,4.2,343,High,"Facial, Cleanup, Waxing, Threading",11AM to 10PM,9865580287
1994,Urban Lounge 1994,Kothrud,3.4,985,Low,"Hair Spa, Coloring, Keratin, Smoothening",10AM to 8PM,7693015770
1995,Style Salon 1995,Hadapsar,4.2,1222,High,"Hair Spa, Coloring, Keratin, Smoothening",10AM to 11PM,9669471398
1996,Royal Makeover 1996,Baner,4.5,1311,Low,"Haircut, Styling, Facial, Manicure, Pedicure",10AM to 10PM,8108558906
1997,Urban Makeover 1997,Sinhagad Road,3.6,1514,Low,"Haircut, Styling, Facial, Manicure, Pedicure",10AM to 8PM,8965408866
1998,Style Studio 1998,Hinjewadi,4,1621,Medium,"Haircut, Styling, Facial, Manicure, Pedicure",10AM to 8PM,7587804450
1999,Elite Studio 1999,Aundh,4.6,1116,High,"Facial, Cleanup, Waxing, Threading",11AM to 10PM,7654931867
2000,Urban Studio 2000,Baner,4.9,1811,Medium,"Hair Coloring, Highlights, Hair Spa",10AM to 9PM,9432108180
2001,Elite Makeover 2001,Karve Nagar,3.4,1935,Low,"Haircut, Beard Trim, Cleanup",11AM to 9PM,9038622559
2002,Aura Lounge 2002,Camp,4.2,760,Medium,"Hair Spa, Coloring, Keratin, Smoothening",8AM to 8PM,8737677244
2003,Aura Studio 2003,Baner,3.8,499,Low,"Haircut, Styling, Facial, Manicure, Pedicure",9AM to 11PM,9855365057
2004,Trendy Makeover 2004,Camp,4.4,1516,High,"Hair Spa, Coloring, Keratin, Smoothening",9AM to 11PM,9473508007
2005,Trendy Lounge 2005,Aundh,3.9,1594,Low,"Haircut, Styling, Facial, Manicure, Pedicure",10AM to 10PM,7707127872
2006,Aura Studio 2006,Aundh,3.6,1978,High,"Facial, Cleanup, Waxing, Threading",8AM to 11PM,9502194401
2007,Royal Lounge 2007,Hinjewadi,4.3,1624,High,"Bridal Makeup, Hair Styling, Skincare",10AM to 8PM,9782480149
2008,Elite Salon 2008,Hadapsar,3.8,1682,High,"Haircut, Styling, Facial, Manicure, Pedicure",11AM to 10PM,7319398682
2009,Luxury Salon 2009,Kothrud,3.4,1127,High,"Bridal Makeup, Hair Styling, Skincare",8AM to 11PM,8848067840
2010,Style Studio 2010,Camp,3.5,214,Medium,"Hair Coloring, Highlights, Hair Spa",9AM to 11PM,8878112141
2011,Luxury Makeover 2011,Wakad,4,236,Medium,"Haircut, Styling, Facial, Manicure, Pedicure",8AM to 9PM,7617721869
2012,Style Makeover 2012,Wakad,3.5,403,High,"Hair Spa, Coloring, Keratin, Smoothening",10AM to 11PM,7791527801
2013,Trendy Makeover 2013,Wakad,4.2,1592,Medium,"Haircut, Styling, Facial, Manicure, Pedicure",11AM to 8PM,7274545954
2014,Royal Makeover 2014,Kothrud,3.6,427,Low,"Hair Spa, Coloring, Keratin, Smoothening",8AM to 11PM,9765828216
2015,Elite Studio 2015,Camp,3.4,405,Low,"Haircut, Beard Trim, Cleanup",8AM to 9PM,8028706482
2016,Royal Salon 2016,Baner,4.6,1624,Low,"Haircut, Styling, Facial, Manicure, Pedicure",8AM to 11PM,9128746157
2017,Style Makeover 2017,Magarpatta,3.8,815,Low,"Hair Spa, Coloring, Keratin, Smoothening",11AM to 9PM,9006544773
2018,Trendy Salon 2018,Kothrud,4.4,930,High,"Hair Spa, Coloring, Keratin, Smoothening",11AM to 8PM,9369655876
2019,Trendy Lounge 2019,Sinhagad Road,4.2,389,Low,"Haircut, Beard Trim, Cleanup",8AM to 11PM,8371087466
2020,Trendy Makeover 2020,Baner,4.4,1156,Low,"Haircut, Styling, Facial, Manicure, Pedicure",8AM to 10PM,8984388260
2021,Urban Salon 2021,Viman Nagar,3.3,1292,Medium,"Haircut, Styling, Facial, Manicure, Pedicure",10AM to 10PM,7316272204
2022,Elite Makeover 2022,Kothrud,3.2,959,High,"Haircut, Styling, Facial, Manicure, Pedicure",11AM to 9PM,9246836805
2023,Style Lounge 2023,Karve Nagar,4.1,1747,Medium,"Facial, Cleanup, Waxing, Threading",10AM to 11PM,9461484121
2024,Trendy Studio 2024,FC Road,4.4,1353,Medium,"Facial, Cleanup, Waxing, Threading",11AM to 10PM,8111852490
2025,Royal Makeover 2025,Pimple Saudagar,4.4,297,High,"Hair Coloring, Highlights, Hair Spa",8AM to 9PM,7595008948
2026,Trendy Studio 2026,Shivaji Nagar,4.4,526,High,"Haircut, Styling, Facial, Manicure, Pedicure",8AM to 11PM,8483571607
2027,Elite Lounge 2027,Aundh,4.2,1186,High,"Hair Spa, Coloring, Keratin, Smoothening",11AM to 9PM,7814947180
2028,Aura Lounge 2028,Viman Nagar,3.9,1967,High,"Bridal Makeup, Hair Styling, Skincare",9AM to 10PM,8912727213
2029,Urban Lounge 2029,Koregaon Park,4.1,1039,Low,"Hair Coloring, Highlights, Hair Spa",10AM to 11PM,8114202973
2030,Style Salon 2030,FC Road,3.1,397,Medium,"Haircut, Beard Trim, Cleanup",11AM to 11PM,9569913806
2031,Royal Makeover 2031,Karve Nagar,3.6,1014,Medium,"Haircut, Beard Trim, Cleanup",9AM to 8PM,8208221026
2032,Trendy Makeover 2032,Camp,3.2,1303,Medium,"Hair Spa, Coloring, Keratin, Smoothening",9AM to 9PM,7985956719
2033,Royal Makeover 2033,FC Road,3.5,1482,High,"Hair Coloring, Highlights, Hair Spa",9AM to 8PM,9772081120
2034,Glow Lounge 2034,Shivaji Nagar,3.1,1663,Low,"Facial, Cleanup, Waxing, Threading",10AM to 11PM,8568721241
2035,Royal Studio 2035,Sinhagad Road,3.2,1181,High,"Bridal Makeup, Hair Styling, Skincare",11AM to 8PM,9113942794
2036,Royal Studio 2036,Hadapsar,4.7,301,High,"Hair Coloring, Highlights, Hair Spa",8AM to 9PM,8320322102
2037,Glow Studio 2037,Hinjewadi,3.9,1127,High,"Facial, Cleanup, Waxing, Threading",11AM to 8PM,8980889727
2038,Aura Studio 2038,Viman Nagar,3.9,1517,Low,"Hair Spa, Coloring, Keratin, Smoothening",9AM to 10PM,9145553475
2039,Urban Salon 2039,Hadapsar,3.9,1132,High,"Bridal Makeup, Hair Styling, Skincare",9AM to 8PM,8694023113
2040,Elite Makeover 2040,Kothrud,4.7,1772,High,"Haircut, Styling, Facial, Manicure, Pedicure",8AM to 9PM,9273168067
2041,Elite Lounge 2041,Magarpatta,3.7,496,Medium,"Hair Spa, Coloring, Keratin, Smoothening",8AM to 8PM,7562482350
2042,Glow Studio 2042,Wakad,4.9,462,Medium,"Bridal Makeup, Hair Styling, Skincare",10AM to 8PM,7771985760
2043,Royal Lounge 2043,Camp,4.3,104,High,"Haircut, Beard Trim, Cleanup",10AM to 9PM,7583396309
2044,Luxury Studio 2044,Wakad,3.6,652,Low,"Hair Spa, Coloring, Keratin, Smoothening",8AM to 11PM,9514667962
2045,Aura Studio 2045,Hadapsar,3.4,1326,Low,"Bridal Makeup, Hair Styling, Skincare",11AM to 8PM,9480435865
2046,Elite Studio 2046,Baner,3.7,1527,Low,"Facial, Cleanup, Waxing, Threading",9AM to 10PM,9554275927
2047,Royal Lounge 2047,Sinhagad Road,4.8,1644,Medium,"Hair Spa, Coloring, Keratin, Smoothening",11AM to 8PM,7035494170
2048,Trendy Studio 2048,Baner,4.2,167,Low,"Hair Spa, Coloring, Keratin, Smoothening",8AM to 11PM,7107695846
2049,Glow Lounge 2049,FC Road,4.5,321,Medium,"Hair Spa, Coloring, Keratin, Smoothening",10AM to 11PM,8274798243
2050,Aura Studio 2050,Magarpatta,4,1429,High,"Hair Spa, Coloring, Keratin, Smoothening",10AM to 11PM,8662810938
2051,Glow Salon 2051,Camp,4.8,330,Medium,"Haircut, Beard Trim, Cleanup",9AM to 8PM,7888096451
2052,Aura Salon 2052,Pimple Saudagar,3.5,1423,Low,"Hair Coloring, Highlights, Hair Spa",10AM to 9PM,9361264441
2053,Royal Studio 2053,Koregaon Park,3.1,1786,Medium,"Bridal Makeup, Hair Styling, Skincare",8AM to 8PM,7895809212
2054,Aura Lounge 2054,Hinjewadi,3.1,1056,Low,"Hair Coloring, Highlights, Hair Spa",8AM to 11PM,8103382465
2055,Elite Lounge 2055,Baner,4.9,948,Medium,"Bridal Makeup, Hair Styling, Skincare",9AM to 10PM,8085794702
2056,Royal Lounge 2056,Aundh,5,452,High,"Hair Coloring, Highlights, Hair Spa",10AM to 10PM,8773593901
2057,Trendy Studio 2057,Baner,4.1,752,Low,"Hair Coloring, Highlights, Hair Spa",11AM to 10PM,8889354533
2058,Aura Makeover 2058,FC Road,4.3,398,High,"Hair Coloring, Highlights, Hair Spa",8AM to 10PM,8863086625
2059,Style Studio 2059,Hadapsar,3.3,955,Medium,"Haircut, Styling, Facial, Manicure, Pedicure",10AM to 10PM,9604352185
2060,Glow Makeover 2060,Magarpatta,4,1615,Medium,"Hair Spa, Coloring, Keratin, Smoothening",10AM to 10PM,9506063033
2061,Glow Lounge 2061,Karve Nagar,3.7,504,Medium,"Haircut, Beard Trim, Cleanup",11AM to 8PM,8062914301
2062,Royal Lounge 2062,Karve Nagar,4.6,486,Low,"Hair Spa, Coloring, Keratin, Smoothening",8AM to 9PM,9411674275
2063,Elite Salon 2063,Sinhagad Road,4.7,1712,Medium,"Haircut, Styling, Facial, Manicure, Pedicure",10AM to 9PM,9569992826
2064,Trendy Makeover 2064,Kothrud,3.5,1377,High,"Haircut, Styling, Facial, Manicure, Pedicure",10AM to 9PM,9088408706
2065,Royal Studio 2065,Sinhagad Road,4.4,1315,High,"Haircut, Styling, Facial, Manicure, Pedicure",8AM to 10PM,7980042365
2066,Trendy Salon 2066,Hinjewadi,4,1533,Medium,"Bridal Makeup, Hair Styling, Skincare",11AM to 8PM,7654530991
2067,Elite Salon 2067,Hinjewadi,4.4,1429,High,"Hair Coloring, Highlights, Hair Spa",9AM to 11PM,7487858591
2068,Elite Studio 2068,Karve Nagar,4.2,700,High,"Hair Coloring, Highlights, Hair Spa",8AM to 10PM,8861904612
2069,Style Makeover 2069,Pimple Saudagar,3.1,1238,Medium,"Hair Spa, Coloring, Keratin, Smoothening",11AM to 9PM,7662277743
2070,Glow Lounge 2070,Hinjewadi,3.8,291,Low,"Haircut, Styling, Facial, Manicure, Pedicure",9AM to 10PM,8429299511
2071,Urban Lounge 2071,Baner,3.6,1870,Medium,"Hair Spa, Coloring, Keratin, Smoothening",9AM to 8PM,7824372631
2072,Urban Salon 2072,Aundh,3.8,1025,Medium,"Hair Coloring, Highlights, Hair Spa",9AM to 8PM,7844461604
2073,Elite Studio 2073,Viman Nagar,4.4,119,Medium,"Hair Coloring, Highlights, Hair Spa",10AM to 9PM,7199681883
2074,Aura Lounge 2074,Wakad,4.2,256,Low,"Haircut, Styling, Facial, Manicure, Pedicure",9AM to 11PM,7431937475
2075,Aura Lounge 2075,Viman Nagar,3.3,1662,High,"Facial, Cleanup, Waxing, Threading",8AM to 9PM,8055967728
2076,Luxury Studio 2076,FC Road,4.9,1531,Low,"Facial, Cleanup, Waxing, Threading",10AM to 9PM,9619280115
2077,Style Studio 2077,Karve Nagar,4.2,1351,High,"Hair Spa, Coloring, Keratin, Smoothening",10AM to 11PM,7852368338
2078,Glow Salon 2078,Aundh,4.6,782,High,"Hair Coloring, Highlights, Hair Spa",11AM to 10PM,8396936792
2079,Aura Lounge 2079,Shivaji Nagar,4.4,1568,Low,"Hair Spa, Coloring, Keratin, Smoothening",10AM to 11PM,9108075054
2080,Aura Makeover 2080,Koregaon Park,4.8,958,High,"Facial, Cleanup, Waxing, Threading",11AM to 9PM,9689251284
2081,Luxury Salon 2081,Wakad,4.7,1404,High,"Hair Spa, Coloring, Keratin, Smoothening",9AM to 8PM,7416556742
2082,Trendy Studio 2082,Pimple Saudagar,4.6,1361,Medium,"Haircut, Styling, Facial, Manicure, Pedicure",8AM to 10PM,9308936555
2083,Royal Lounge 2083,Hinjewadi,4.8,734,Medium,"Haircut, Beard Trim, Cleanup",9AM to 10PM,8607791306
2084,Luxury Studio 2084,Karve Nagar,4.3,1129,High,"Hair Coloring, Highlights, Hair Spa",11AM to 8PM,7179112337
2085,Style Lounge 2085,Sinhagad Road,3.5,558,Medium,"Haircut, Beard Trim, Cleanup",11AM to 10PM,8438146177
2086,Trendy Makeover 2086,Camp,4.6,919,High,"Hair Coloring, Highlights, Hair Spa",11AM to 11PM,9046769766
2087,Glow Lounge 2087,Aundh,4.5,1300,Low,"Bridal Makeup, Hair Styling, Skincare",10AM to 9PM,7734127588
2088,Trendy Studio 2088,Wakad,4.1,657,Low,"Facial, Cleanup, Waxing, Threading",11AM to 11PM,9147732161
2089,Luxury Makeover 2089,FC Road,4.8,111,High,"Haircut, Styling, Facial, Manicure, Pedicure",9AM to 8PM,8230356189
2090,Luxury Studio 2090,Sinhagad Road,3.5,839,High,"Haircut, Beard Trim, Cleanup",10AM to 8PM,7651361836
2091,Elite Lounge 2091,Viman Nagar,3.2,942,Low,"Facial, Cleanup, Waxing, Threading",11AM to 10PM,7525140225
2092,Glow Lounge 2092,Viman Nagar,4.9,605,Low,"Facial, Cleanup, Waxing, Threading",9AM to 10PM,8982686605
2093,Glow Studio 2093,Aundh,4.1,649,High,"Hair Spa, Coloring, Keratin, Smoothening",10AM to 11PM,9245075513
2094,Luxury Studio 2094,Karve Nagar,4,1552,Medium,"Facial, Cleanup, Waxing, Threading",9AM to 8PM,7446607599
2095,Aura Salon 2095,Viman Nagar,3.6,1231,Low,"Haircut, Styling, Facial, Manicure, Pedicure",9AM to 8PM,8035959585
2096,Aura Salon 2096,Pimple Saudagar,4.9,295,Medium,"Hair Spa, Coloring, Keratin, Smoothening",10AM to 9PM,9649525020
2097,Trendy Studio 2097,Koregaon Park,3.8,1528,Medium,"Haircut, Styling, Facial, Manicure, Pedicure",8AM to 11PM,7038216760
2098,Elite Studio 2098,Baner,4.7,358,High,"Bridal Makeup, Hair Styling, Skincare",8AM to 9PM,8891718937
2099,Royal Studio 2099,Aundh,3,309,High,"Bridal Makeup, Hair Styling, Skincare",8AM to 11PM,8097658949
2100,Trendy Lounge 2100,Shivaji Nagar,4.4,1462,Medium,"Haircut, Styling, Facial, Manicure, Pedicure",10AM to 10PM,8511218417
2101,Luxury Makeover 2101,Koregaon Park,4.5,1817,High,"Facial, Cleanup, Waxing, Threading",10AM to 8PM,8598977160
2102,Trendy Makeover 2102,Magarpatta,4.8,39,Low,"Hair Spa, Coloring, Keratin, Smoothening",11AM to 10PM,8493872669
2103,Glow Makeover 2103,Hinjewadi,3.3,1025,High,"Hair Spa, Coloring, Keratin, Smoothening",11AM to 8PM,7537957074
2104,Glow Salon 2104,Wakad,3.1,482,High,"Haircut, Beard Trim, Cleanup",9AM to 8PM,7175367082
2105,Luxury Makeover 2105,Aundh,3.3,1998,Low,"Hair Spa, Coloring, Keratin, Smoothening",10AM to 8PM,8169905946
2106,Style Studio 2106,Viman Nagar,3.5,1943,High,"Haircut, Beard Trim, Cleanup",10AM to 10PM,9295452138
2107,Urban Lounge 2107,Shivaji Nagar,3.1,430,Medium,"Facial, Cleanup, Waxing, Threading",9AM to 9PM,8049418086
2108,Urban Lounge 2108,Koregaon Park,4.9,1042,Medium,"Facial, Cleanup, Waxing, Threading",10AM to 10PM,7040092321
2109,Royal Studio 2109,Kothrud,3.4,1375,High,"Hair Coloring, Highlights, Hair Spa",8AM to 8PM,7947358870
2110,Trendy Lounge 2110,Pimple Saudagar,3.7,1855,Medium,"Facial, Cleanup, Waxing, Threading",9AM to 9PM,9370124852
2111,Trendy Makeover 2111,Pimple Saudagar,3.6,1457,High,"Haircut, Beard Trim, Cleanup",8AM to 8PM,7650902264
2112,Urban Makeover 2112,Sinhagad Road,3.9,1533,Medium,"Hair Spa, Coloring, Keratin, Smoothening",11AM to 8PM,9006498425
2113,Trendy Studio 2113,Shivaji Nagar,3.9,678,Medium,"Bridal Makeup, Hair Styling, Skincare",10AM to 10PM,9098691279
2114,Elite Makeover 2114,Hinjewadi,3.6,1545,High,"Facial, Cleanup, Waxing, Threading",9AM to 8PM,9804321712
2115,Trendy Salon 2115,Hadapsar,4.7,434,Low,"Haircut, Styling, Facial, Manicure, Pedicure",11AM to 10PM,9903529271
2116,Style Salon 2116,Baner,4,1591,Medium,"Haircut, Beard Trim, Cleanup",9AM to 10PM,9215851612
2117,Aura Salon 2117,Hadapsar,3.1,881,Medium,"Hair Coloring, Highlights, Hair Spa",11AM to 8PM,7785536245
2118,Royal Lounge 2118,Magarpatta,4.4,721,High,"Haircut, Styling, Facial, Manicure, Pedicure",11AM to 10PM,7901714690
2119,Urban Salon 2119,Pimple Saudagar,3.1,1860,Low,"Haircut, Beard Trim, Cleanup",10AM to 10PM,9119164705
2120,Style Studio 2120,Koregaon Park,4.8,543,High,"Haircut, Styling, Facial, Manicure, Pedicure",10AM to 8PM,9303549291
2121,Luxury Lounge 2121,Hinjewadi,3.5,1551,High,"Bridal Makeup, Hair Styling, Skincare",11AM to 11PM,9193842974
2122,Style Lounge 2122,Viman Nagar,3.3,762,Low,"Facial, Cleanup, Waxing, Threading",8AM to 11PM,8402436608
2123,Trendy Lounge 2123,Camp,4.5,1959,High,"Bridal Makeup, Hair Styling, Skincare",8AM to 9PM,7717236795
2124,Luxury Salon 2124,Hadapsar,4.5,603,Medium,"Haircut, Beard Trim, Cleanup",11AM to 10PM,7240028051
2125,Royal Lounge 2125,FC Road,4.5,1686,Medium,"Bridal Makeup, Hair Styling, Skincare",9AM to 8PM,9038412543
2126,Trendy Studio 2126,Pimple Saudagar,4.4,1062,Low,"Facial, Cleanup, Waxing, Threading",11AM to 11PM,7287298872
2127,Elite Salon 2127,Shivaji Nagar,4.9,520,Medium,"Hair Coloring, Highlights, Hair Spa",10AM to 9PM,7271852695
2128,Style Studio 2128,Magarpatta,3.5,1314,Medium,"Haircut, Styling, Facial, Manicure, Pedicure",10AM to 8PM,9166651199
2129,Luxury Studio 2129,Karve Nagar,3.4,1484,Medium,"Hair Coloring, Highlights, Hair Spa",8AM to 11PM,7525343275
2130,Urban Lounge 2130,Wakad,3.7,1215,Low,"Haircut, Styling, Facial, Manicure, Pedicure",11AM to 8PM,8808201551
2131,Style Lounge 2131,Pimple Saudagar,4.5,178,Low,"Haircut, Beard Trim, Cleanup",8AM to 11PM,7865572292
2132,Royal Salon 2132,Karve Nagar,4.3,1395,High,"Bridal Makeup, Hair Styling, Skincare",9AM to 10PM,8262075548
2133,Aura Salon 2133,Camp,4.7,1202,Medium,"Haircut, Styling, Facial, Manicure, Pedicure",8AM to 8PM,8324760148
2134,Luxury Studio 2134,Koregaon Park,3.9,517,Low,"Haircut, Beard Trim, Cleanup",9AM to 8PM,7327429042
2135,Style Lounge 2135,Sinhagad Road,4.4,923,Low,"Hair Spa, Coloring, Keratin, Smoothening",8AM to 9PM,9954683728
2136,Luxury Studio 2136,Viman Nagar,4.9,1989,High,"Facial, Cleanup, Waxing, Threading",11AM to 11PM,9519348076
2137,Elite Makeover 2137,Aundh,3.1,714,Low,"Haircut, Beard Trim, Cleanup",9AM to 9PM,8830245661
2138,Royal Studio 2138,Sinhagad Road,3.2,1607,Low,"Haircut, Beard Trim, Cleanup",8AM to 11PM,9941671653
2139,Aura Salon 2139,Viman Nagar,4.9,1336,High,"Bridal Makeup, Hair Styling, Skincare",11AM to 9PM,7360852755
2140,Royal Lounge 2140,Wakad,4.8,383,High,"Haircut, Beard Trim, Cleanup",9AM to 9PM,9239581224
2141,Glow Salon 2141,FC Road,4,718,High,"Haircut, Styling, Facial, Manicure, Pedicure",10AM to 11PM,7604936406
2142,Trendy Salon 2142,Baner,3.6,1721,High,"Hair Coloring, Highlights, Hair Spa",11AM to 8PM,9235448526
2143,Trendy Lounge 2143,Aundh,3.1,526,Medium,"Hair Coloring, Highlights, Hair Spa",10AM to 11PM,8669069549
2144,Elite Lounge 2144,Sinhagad Road,4.8,1086,Medium,"Facial, Cleanup, Waxing, Threading",9AM to 8PM,7617775367
2145,Style Salon 2145,Hadapsar,3.7,1479,High,"Bridal Makeup, Hair Styling, Skincare",9AM to 9PM,9571724533
2146,Royal Salon 2146,Viman Nagar,3.2,279,Low,"Haircut, Beard Trim, Cleanup",8AM to 9PM,9222101158
2147,Glow Studio 2147,Shivaji Nagar,4.5,232,Medium,"Facial, Cleanup, Waxing, Threading",9AM to 11PM,7775792068
2148,Style Lounge 2148,FC Road,3.5,1440,Medium,"Haircut, Beard Trim, Cleanup",11AM to 11PM,8110561132
2149,Elite Makeover 2149,Koregaon Park,4.2,1111,High,"Facial, Cleanup, Waxing, Threading",11AM to 9PM,7786141409
2150,Luxury Lounge 2150,Kothrud,3.8,1480,Low,"Haircut, Styling, Facial, Manicure, Pedicure",10AM to 11PM,7414551210
2151,Luxury Makeover 2151,Magarpatta,3.9,613,Medium,"Haircut, Beard Trim, Cleanup",11AM to 9PM,8539257888
2152,Trendy Lounge 2152,Kothrud,4.2,348,Low,"Facial, Cleanup, Waxing, Threading",11AM to 8PM,7906772134
2153,Trendy Studio 2153,Viman Nagar,4.8,1606,High,"Facial, Cleanup, Waxing, Threading",11AM to 8PM,9807609307
2154,Glow Studio 2154,Hadapsar,4.5,548,High,"Hair Coloring, Highlights, Hair Spa",9AM to 11PM,8793627626
2155,Glow Makeover 2155,Aundh,4.8,695,Medium,"Haircut, Styling, Facial, Manicure, Pedicure",9AM to 8PM,7539038869
2156,Glow Makeover 2156,Viman Nagar,3.9,107,Medium,"Haircut, Beard Trim, Cleanup",9AM to 11PM,7332972371
2157,Elite Lounge 2157,Karve Nagar,4,115,Low,"Facial, Cleanup, Waxing, Threading",10AM to 11PM,9770068126
2158,Urban Makeover 2158,Karve Nagar,4.6,988,Medium,"Hair Spa, Coloring, Keratin, Smoothening",9AM to 8PM,9120876235
2159,Luxury Salon 2159,Hadapsar,5,1835,High,"Hair Coloring, Highlights, Hair Spa",11AM to 8PM,9422663939
2160,Glow Lounge 2160,Pimple Saudagar,4.2,1677,High,"Bridal Makeup, Hair Styling, Skincare",8AM to 8PM,7799251708
2161,Trendy Makeover 2161,Viman Nagar,3.5,1953,High,"Haircut, Beard Trim, Cleanup",11AM to 9PM,9166344020
2162,Style Studio 2162,Aundh,3.6,262,High,"Haircut, Styling, Facial, Manicure, Pedicure",11AM to 10PM,8015809111
2163,Style Lounge 2163,Wakad,3.3,530,High,"Facial, Cleanup, Waxing, Threading",11AM to 8PM,7202157395
2164,Elite Makeover 2164,Karve Nagar,3.8,1246,Low,"Facial, Cleanup, Waxing, Threading",8AM to 8PM,7626163320
2165,Royal Studio 2165,Shivaji Nagar,3.2,117,Low,"Haircut, Styling, Facial, Manicure, Pedicure",11AM to 8PM,7246194021
2166,Style Studio 2166,Kothrud,3.1,1281,Low,"Facial, Cleanup, Waxing, Threading",9AM to 8PM,9858274046
2167,Aura Makeover 2167,Magarpatta,4.6,1603,Medium,"Hair Coloring, Highlights, Hair Spa",9AM to 11PM,7923856971
2168,Royal Lounge 2168,Koregaon Park,4.1,836,Low,"Facial, Cleanup, Waxing, Threading",11AM to 11PM,8029251030
2169,Luxury Studio 2169,Koregaon Park,3.7,1984,Medium,"Facial, Cleanup, Waxing, Threading",9AM to 10PM,7487243586
2170,Luxury Makeover 2170,Hinjewadi,4.2,1802,High,"Haircut, Styling, Facial, Manicure, Pedicure",11AM to 10PM,8164575567
2171,Aura Salon 2171,FC Road,4.1,1150,Medium,"Bridal Makeup, Hair Styling, Skincare",10AM to 11PM,9971327230
2172,Luxury Studio 2172,Shivaji Nagar,3.2,1217,Low,"Haircut, Styling, Facial, Manicure, Pedicure",11AM to 8PM,7921441068
2173,Aura Lounge 2173,Shivaji Nagar,3.2,1405,High,"Hair Coloring, Highlights, Hair Spa",8AM to 9PM,9603836553
2174,Elite Lounge 2174,Viman Nagar,3.4,1281,High,"Facial, Cleanup, Waxing, Threading",9AM to 11PM,8401933308
2175,Trendy Lounge 2175,Hadapsar,4.3,488,Medium,"Facial, Cleanup, Waxing, Threading",9AM to 8PM,9814919623
2176,Elite Lounge 2176,Shivaji Nagar,3.4,161,Low,"Facial, Cleanup, Waxing, Threading",10AM to 8PM,8977940817
2177,Urban Makeover 2177,Wakad,4,1009,Medium,"Haircut, Styling, Facial, Manicure, Pedicure",10AM to 10PM,7670236612
2178,Urban Studio 2178,Aundh,3.3,707,Medium,"Hair Spa, Coloring, Keratin, Smoothening",11AM to 8PM,9408198652
2179,Aura Lounge 2179,Baner,4,211,Low,"Bridal Makeup, Hair Styling, Skincare",8AM to 11PM,7270078274
2180,Glow Lounge 2180,Camp,4.3,1777,Low,"Facial, Cleanup, Waxing, Threading",11AM to 11PM,7805926494
2181,Trendy Salon 2181,Viman Nagar,3.7,576,Low,"Bridal Makeup, Hair Styling, Skincare",10AM to 11PM,9708078541
2182,Trendy Salon 2182,Hadapsar,4.4,508,High,"Bridal Makeup, Hair Styling, Skincare",8AM to 10PM,7967738041
2183,Style Salon 2183,Camp,4.5,1333,Medium,"Bridal Makeup, Hair Styling, Skincare",11AM to 9PM,8545591826
2184,Royal Lounge 2184,Magarpatta,3.9,1966,Medium,"Hair Coloring, Highlights, Hair Spa",8AM to 11PM,7070553722
2185,Aura Salon 2185,Shivaji Nagar,4.6,140,Medium,"Bridal Makeup, Hair Styling, Skincare",8AM to 10PM,9229346253
2186,Urban Salon 2186,Kothrud,3.5,606,High,"Facial, Cleanup, Waxing, Threading",9AM to 11PM,7256128305
2187,Luxury Lounge 2187,Sinhagad Road,4.9,998,High,"Bridal Makeup, Hair Styling, Skincare",10AM to 9PM,8922733365
2188,Luxury Lounge 2188,Aundh,4.7,1600,High,"Bridal Makeup, Hair Styling, Skincare",11AM to 10PM,7357273615
2189,Trendy Makeover 2189,Wakad,4.5,1583,Low,"Bridal Makeup, Hair Styling, Skincare",8AM to 10PM,7458663192
2190,Style Makeover 2190,Hadapsar,3.8,1806,Medium,"Facial, Cleanup, Waxing, Threading",8AM to 10PM,8771131475
2191,Royal Studio 2191,Viman Nagar,5,919,Medium,"Hair Spa, Coloring, Keratin, Smoothening",8AM to 11PM,7181317931
2192,Luxury Salon 2192,Koregaon Park,4.4,1334,High,"Haircut, Beard Trim, Cleanup",10AM to 9PM,7204668953
2193,Trendy Makeover 2193,FC Road,4.1,481,Medium,"Facial, Cleanup, Waxing, Threading",11AM to 11PM,8870955203
2194,Aura Makeover 2194,Karve Nagar,3.3,1941,Medium,"Haircut, Beard Trim, Cleanup",9AM to 9PM,7740635930
2195,Urban Lounge 2195,Karve Nagar,4.9,238,Low,"Bridal Makeup, Hair Styling, Skincare",11AM to 9PM,8290950466
2196,Style Makeover 2196,Aundh,4.7,58,Medium,"Facial, Cleanup, Waxing, Threading",10AM to 10PM,9208719590
2197,Luxury Studio 2197,Hinjewadi,3.8,884,Low,"Haircut, Beard Trim, Cleanup",8AM to 11PM,8939379232
2198,Urban Lounge 2198,Kothrud,3.4,1908,Low,"Bridal Makeup, Hair Styling, Skincare",11AM to 9PM,7273495438
2199,Style Salon 2199,Camp,4.5,1396,Low,"Haircut, Beard Trim, Cleanup",11AM to 8PM,9140943365
2200,Trendy Lounge 2200,Pimple Saudagar,3.4,1064,Low,"Hair Coloring, Highlights, Hair Spa",10AM to 9PM,9092666358
2201,Luxury Makeover 2201,Kothrud,4.8,915,Medium,"Hair Coloring, Highlights, Hair Spa",11AM to 9PM,7565917803
2202,Trendy Salon 2202,Wakad,4.3,586,High,"Hair Coloring, Highlights, Hair Spa",11AM to 10PM,8049121548
2203,Trendy Salon 2203,Karve Nagar,3.7,552,Medium,"Bridal Makeup, Hair Styling, Skincare",9AM to 11PM,7334366075
2204,Style Salon 2204,Wakad,3.6,842,Medium,"Haircut, Beard Trim, Cleanup",11AM to 9PM,8615120886
2205,Aura Salon 2205,Koregaon Park,3.3,1705,Medium,"Haircut, Styling, Facial, Manicure, Pedicure",11AM to 11PM,7820648133
2206,Style Studio 2206,FC Road,4.2,1714,Low,"Haircut, Styling, Facial, Manicure, Pedicure",9AM to 8PM,8201496368
2207,Elite Studio 2207,Koregaon Park,3.8,903,High,"Bridal Makeup, Hair Styling, Skincare",8AM to 10PM,8016150972
2208,Style Studio 2208,Camp,3.9,1890,Low,"Facial, Cleanup, Waxing, Threading",9AM to 8PM,8080311059
2209,Urban Salon 2209,Viman Nagar,4.8,1105,Medium,"Hair Coloring, Highlights, Hair Spa",11AM to 11PM,7546446897
2210,Elite Studio 2210,Pimple Saudagar,3.2,791,Low,"Hair Spa, Coloring, Keratin, Smoothening",11AM to 9PM,9983401846
2211,Elite Lounge 2211,Wakad,4.1,1918,Low,"Bridal Makeup, Hair Styling, Skincare",9AM to 8PM,8384481951
2212,Royal Salon 2212,Sinhagad Road,4.5,547,Low,"Facial, Cleanup, Waxing, Threading",10AM to 8PM,7962298998
2213,Luxury Lounge 2213,Hinjewadi,3,207,Medium,"Haircut, Beard Trim, Cleanup",11AM to 9PM,8743037851
2214,Urban Studio 2214,Karve Nagar,4.9,1829,Low,"Hair Spa, Coloring, Keratin, Smoothening",9AM to 11PM,9164392007
2215,Aura Studio 2215,Viman Nagar,3,390,Low,"Hair Coloring, Highlights, Hair Spa",10AM to 11PM,8636745180
2216,Elite Salon 2216,Hinjewadi,3.3,1345,High,"Facial, Cleanup, Waxing, Threading",10AM to 10PM,9600112775
2217,Elite Studio 2217,Viman Nagar,3.8,51,Medium,"Facial, Cleanup, Waxing, Threading",9AM to 9PM,7974074718
2218,Trendy Makeover 2218,Koregaon Park,4.9,1714,Medium,"Haircut, Styling, Facial, Manicure, Pedicure",10AM to 8PM,9152931797
2219,Urban Salon 2219,Hadapsar,3.5,908,High,"Haircut, Beard Trim, Cleanup",8AM to 8PM,9443169764
2220,Luxury Makeover 2220,Hinjewadi,3.8,1680,Low,"Bridal Makeup, Hair Styling, Skincare",11AM to 9PM,7571358978
2221,Style Lounge 2221,Viman Nagar,4.8,450,Medium,"Hair Spa, Coloring, Keratin, Smoothening",11AM to 8PM,8167984223
2222,Luxury Studio 2222,Hadapsar,4.5,1590,High,"Hair Spa, Coloring, Keratin, Smoothening",9AM to 8PM,7223216047
2223,Aura Studio 2223,Camp,4,134,High,"Facial, Cleanup, Waxing, Threading",8AM to 10PM,8398068308
2224,Urban Lounge 2224,Hadapsar,4.9,541,High,"Facial, Cleanup, Waxing, Threading",11AM to 8PM,8604763843
2225,Style Salon 2225,Aundh,3.5,596,High,"Hair Coloring, Highlights, Hair Spa",9AM to 8PM,9270403303
2226,Style Salon 2226,Kothrud,3.8,1371,Low,"Hair Coloring, Highlights, Hair Spa",10AM to 11PM,7743878684
2227,Aura Lounge 2227,Camp,4.2,1862,Medium,"Bridal Makeup, Hair Styling, Skincare",8AM to 11PM,8372368251
2228,Luxury Salon 2228,Wakad,3.2,1171,High,"Haircut, Beard Trim, Cleanup",10AM to 10PM,7818661284
2229,Royal Salon 2229,Wakad,4.2,47,Medium,"Haircut, Styling, Facial, Manicure, Pedicure",9AM to 11PM,7993052097
2230,Style Lounge 2230,Wakad,4.6,605,Medium,"Haircut, Beard Trim, Cleanup",11AM to 11PM,7978162629
2231,Aura Lounge 2231,Pimple Saudagar,4.4,1676,High,"Haircut, Styling, Facial, Manicure, Pedicure",11AM to 9PM,9265715356
2232,Aura Studio 2232,Koregaon Park,3,734,High,"Bridal Makeup, Hair Styling, Skincare",9AM to 10PM,8242226472
2233,Royal Makeover 2233,Magarpatta,4.3,935,High,"Facial, Cleanup, Waxing, Threading",11AM to 10PM,7631314047
2234,Trendy Studio 2234,Magarpatta,4.2,1168,Low,"Hair Coloring, Highlights, Hair Spa",11AM to 11PM,8552796648
2235,Style Lounge 2235,Karve Nagar,4.6,533,Medium,"Haircut, Beard Trim, Cleanup",10AM to 8PM,8042655440
2236,Luxury Lounge 2236,Wakad,3.9,1958,Medium,"Haircut, Beard Trim, Cleanup",9AM to 9PM,7177201995
2237,Aura Lounge 2237,Baner,3.1,399,Low,"Haircut, Beard Trim, Cleanup",8AM to 9PM,7712277128
2238,Glow Studio 2238,Sinhagad Road,3.3,1218,High,"Bridal Makeup, Hair Styling, Skincare",10AM to 11PM,8597782023
2239,Elite Salon 2239,Aundh,3.5,1379,Medium,"Haircut, Beard Trim, Cleanup",10AM to 8PM,7488127167
2240,Urban Lounge 2240,Hadapsar,3.7,1607,Medium,"Facial, Cleanup, Waxing, Threading",10AM to 8PM,9472447368
2241,Elite Makeover 2241,FC Road,3,772,High,"Hair Spa, Coloring, Keratin, Smoothening",11AM to 9PM,7572258705
2242,Glow Lounge 2242,Sinhagad Road,4.9,1691,Medium,"Hair Coloring, Highlights, Hair Spa",9AM to 9PM,8989854797
2243,Trendy Makeover 2243,Magarpatta,3.3,493,Medium,"Bridal Makeup, Hair Styling, Skincare",11AM to 9PM,9804901436
2244,Elite Studio 2244,Pimple Saudagar,4.3,1640,Medium,"Hair Coloring, Highlights, Hair Spa",8AM to 9PM,8616537153
2245,Royal Makeover 2245,Viman Nagar,3,1261,Low,"Hair Coloring, Highlights, Hair Spa",11AM to 9PM,9250613438
2246,Royal Makeover 2246,Magarpatta,4.9,1158,Low,"Hair Coloring, Highlights, Hair Spa",11AM to 10PM,9258263080
2247,Urban Lounge 2247,Koregaon Park,4.1,1683,Low,"Facial, Cleanup, Waxing, Threading",8AM to 8PM,9148692673
2248,Royal Salon 2248,Sinhagad Road,4.8,1176,High,"Bridal Makeup, Hair Styling, Skincare",11AM to 11PM,7436618024
2249,Luxury Studio 2249,FC Road,4.9,1169,Low,"Haircut, Styling, Facial, Manicure, Pedicure",10AM to 8PM,7562488458
2250,Style Studio 2250,Shivaji Nagar,4.1,278,Low,"Haircut, Styling, Facial, Manicure, Pedicure",11AM to 11PM,8125889899
2251,Aura Salon 2251,Wakad,4.1,586,Low,"Hair Spa, Coloring, Keratin, Smoothening",10AM to 11PM,7962589101
2252,Royal Lounge 2252,Shivaji Nagar,3.5,345,Medium,"Facial, Cleanup, Waxing, Threading",8AM to 11PM,9630637467
2253,Glow Salon 2253,Kothrud,5,1001,High,"Hair Spa, Coloring, Keratin, Smoothening",10AM to 8PM,8098419277
2254,Elite Studio 2254,Wakad,3.1,1987,Medium,"Bridal Makeup, Hair Styling, Skincare",11AM to 8PM,9919904262
2255,Aura Lounge 2255,Viman Nagar,4.7,1445,Medium,"Bridal Makeup, Hair Styling, Skincare",8AM to 11PM,7507484219
2256,Aura Makeover 2256,Wakad,4.9,546,High,"Hair Coloring, Highlights, Hair Spa",11AM to 9PM,7979260784
2257,Luxury Studio 2257,Wakad,3.3,572,Low,"Bridal Makeup, Hair Styling, Skincare",11AM to 10PM,7438270073
2258,Luxury Studio 2258,Pimple Saudagar,3.5,1469,Low,"Hair Coloring, Highlights, Hair Spa",8AM to 10PM,9141774497
2259,Glow Salon 2259,FC Road,4.4,124,Low,"Haircut, Beard Trim, Cleanup",9AM to 11PM,9199948706
2260,Style Makeover 2260,Shivaji Nagar,4.2,1002,Low,"Facial, Cleanup, Waxing, Threading",10AM to 11PM,7604227751
2261,Aura Salon 2261,Camp,5,889,High,"Hair Spa, Coloring, Keratin, Smoothening",8AM to 8PM,7920757596
2262,Royal Lounge 2262,Hadapsar,3.4,278,Medium,"Facial, Cleanup, Waxing, Threading",10AM to 11PM,9576501322
2263,Royal Lounge 2263,Magarpatta,3.5,706,Medium,"Facial, Cleanup, Waxing, Threading",10AM to 10PM,9990671560
2264,Urban Salon 2264,Shivaji Nagar,3,1902,Low,"Hair Spa, Coloring, Keratin, Smoothening",11AM to 11PM,8053116040
2265,Glow Lounge 2265,Sinhagad Road,3.9,1048,Low,"Haircut, Styling, Facial, Manicure, Pedicure",10AM to 11PM,8179486778
2266,Aura Studio 2266,Hinjewadi,4.6,488,Low,"Hair Spa, Coloring, Keratin, Smoothening",10AM to 8PM,9044695499
2267,Royal Salon 2267,Hadapsar,4.5,1743,Medium,"Hair Coloring, Highlights, Hair Spa",8AM to 9PM,7444902188
2268,Style Lounge 2268,Magarpatta,3.4,446,High,"Haircut, Beard Trim, Cleanup",9AM to 11PM,7665841770
2269,Aura Studio 2269,Sinhagad Road,4.5,974,High,"Facial, Cleanup, Waxing, Threading",10AM to 10PM,8429711537
2270,Trendy Lounge 2270,FC Road,4.7,1639,Medium,"Hair Coloring, Highlights, Hair Spa",8AM to 8PM,8182488210
2271,Style Salon 2271,Kothrud,3.8,1511,High,"Hair Spa, Coloring, Keratin, Smoothening",11AM to 9PM,7315394944
2272,Style Salon 2272,Shivaji Nagar,4.7,1912,Medium,"Hair Coloring, Highlights, Hair Spa",11AM to 11PM,7004491796
2273,Style Salon 2273,Pimple Saudagar,4.2,755,High,"Facial, Cleanup, Waxing, Threading",9AM to 8PM,8580473398
2274,Style Studio 2274,Hadapsar,4.8,1427,High,"Facial, Cleanup, Waxing, Threading",9AM to 10PM,9897338461
2275,Urban Studio 2275,Camp,4.8,332,Medium,"Bridal Makeup, Hair Styling, Skincare",10AM to 8PM,8879471350
2276,Glow Studio 2276,Hinjewadi,4.1,900,High,"Hair Coloring, Highlights, Hair Spa",10AM to 8PM,9677645687
2277,Luxury Lounge 2277,Kothrud,3.6,1406,Medium,"Haircut, Beard Trim, Cleanup",9AM to 9PM,7384324537
2278,Royal Studio 2278,Viman Nagar,3.4,176,High,"Facial, Cleanup, Waxing, Threading",8AM to 9PM,7901544260
2279,Elite Studio 2279,Kothrud,3.5,251,Medium,"Hair Coloring, Highlights, Hair Spa",11AM to 9PM,7648787282
2280,Urban Studio 2280,Pimple Saudagar,4.8,1726,Low,"Hair Coloring, Highlights, Hair Spa",8AM to 9PM,9459511859
2281,Glow Studio 2281,Camp,4,865,Medium,"Hair Spa, Coloring, Keratin, Smoothening",11AM to 8PM,9635431211
2282,Style Studio 2282,Kothrud,5,1945,High,"Facial, Cleanup, Waxing, Threading",9AM to 11PM,8137324003
2283,Luxury Lounge 2283,Viman Nagar,3.9,1641,Medium,"Bridal Makeup, Hair Styling, Skincare",10AM to 11PM,9703046231
2284,Urban Makeover 2284,Pimple Saudagar,3.9,329,Low,"Hair Spa, Coloring, Keratin, Smoothening",11AM to 10PM,7979456096
2285,Style Lounge 2285,Magarpatta,4.2,11,Medium,"Facial, Cleanup, Waxing, Threading",8AM to 8PM,7416971210
2286,Elite Studio 2286,Magarpatta,4,1234,High,"Hair Coloring, Highlights, Hair Spa",8AM to 9PM,9940108486
2287,Aura Lounge 2287,Hadapsar,4.9,1078,Medium,"Bridal Makeup, Hair Styling, Skincare",10AM to 10PM,7908946174
2288,Luxury Lounge 2288,Wakad,3.9,1987,Low,"Hair Spa, Coloring, Keratin, Smoothening",8AM to 9PM,7209065057
2289,Style Salon 2289,Shivaji Nagar,3.7,666,Low,"Facial, Cleanup, Waxing, Threading",8AM to 8PM,9860502763
2290,Urban Studio 2290,Magarpatta,3.6,1283,Low,"Haircut, Beard Trim, Cleanup",11AM to 11PM,9914585978
2291,Urban Makeover 2291,Viman Nagar,3.7,1205,High,"Bridal Makeup, Hair Styling, Skincare",9AM to 10PM,7115823750
2292,Trendy Salon 2292,Aundh,3.9,1304,High,"Haircut, Styling, Facial, Manicure, Pedicure",11AM to 9PM,8027704622
2293,Luxury Makeover 2293,Wakad,4.5,1589,High,"Haircut, Beard Trim, Cleanup",9AM to 9PM,8127556453
2294,Style Salon 2294,Hadapsar,3.8,169,High,"Facial, Cleanup, Waxing, Threading",8AM to 8PM,7287837803
2295,Urban Studio 2295,Koregaon Park,4.9,631,High,"Bridal Makeup, Hair Styling, Skincare",8AM to 8PM,8868289185
2296,Elite Makeover 2296,Koregaon Park,3.3,290,High,"Facial, Cleanup, Waxing, Threading",10AM to 10PM,9883029795
2297,Aura Studio 2297,Kothrud,4.1,1457,Medium,"Haircut, Beard Trim, Cleanup",9AM to 10PM,9301881594
2298,Luxury Lounge 2298,Camp,3.8,1006,Low,"Haircut, Beard Trim, Cleanup",8AM to 10PM,9287767305
2299,Luxury Salon 2299,Magarpatta,3.6,682,Medium,"Hair Coloring, Highlights, Hair Spa",11AM to 9PM,9841579602
2300,Luxury Studio 2300,Camp,5,1093,Medium,"Facial, Cleanup, Waxing, Threading",9AM to 8PM,7334280097
2301,Luxury Makeover 2301,Kothrud,4.7,1597,High,"Haircut, Styling, Facial, Manicure, Pedicure",9AM to 11PM,9350624363
2302,Trendy Salon 2302,Camp,3,788,Medium,"Facial, Cleanup, Waxing, Threading",11AM to 8PM,7016010413
2303,Style Makeover 2303,Wakad,4.6,1646,High,"Haircut, Beard Trim, Cleanup",9AM to 10PM,7835624177
2304,Elite Makeover 2304,Karve Nagar,4.8,1325,Low,"Haircut, Beard Trim, Cleanup",9AM to 8PM,7826215340
2305,Luxury Makeover 2305,Camp,4.3,188,Low,"Haircut, Beard Trim, Cleanup",11AM to 10PM,8415694904
2306,Urban Lounge 2306,Kothrud,4.1,1358,Low,"Facial, Cleanup, Waxing, Threading",10AM to 10PM,7360408814
2307,Luxury Lounge 2307,Koregaon Park,4.7,1379,Medium,"Hair Coloring, Highlights, Hair Spa",8AM to 9PM,7027069672
2308,Elite Studio 2308,Wakad,3.4,629,Low,"Haircut, Styling, Facial, Manicure, Pedicure",8AM to 10PM,7436854122
2309,Royal Makeover 2309,Camp,3.1,1396,Low,"Hair Coloring, Highlights, Hair Spa",10AM to 8PM,8721325205
2310,Aura Studio 2310,Magarpatta,3.4,329,Low,"Hair Spa, Coloring, Keratin, Smoothening",11AM to 10PM,9801195167
2311,Trendy Lounge 2311,Viman Nagar,3.2,1813,Low,"Facial, Cleanup, Waxing, Threading",11AM to 11PM,8976063721
2312,Elite Makeover 2312,Hinjewadi,3.1,1257,Low,"Haircut, Beard Trim, Cleanup",11AM to 11PM,9242729691
2313,Luxury Studio 2313,Aundh,3.9,144,Low,"Bridal Makeup, Hair Styling, Skincare",10AM to 10PM,9258043695
2314,Style Studio 2314,Wakad,5,135,Medium,"Hair Spa, Coloring, Keratin, Smoothening",10AM to 10PM,8441450576
2315,Urban Makeover 2315,Koregaon Park,3.8,1071,Medium,"Haircut, Beard Trim, Cleanup",8AM to 10PM,9309249362
2316,Glow Makeover 2316,Hadapsar,3.9,1495,High,"Haircut, Beard Trim, Cleanup",8AM to 11PM,8043742966
2317,Glow Studio 2317,Shivaji Nagar,3.3,994,High,"Hair Spa, Coloring, Keratin, Smoothening",10AM to 10PM,7867478247
2318,Style Lounge 2318,Sinhagad Road,3.6,1814,Low,"Hair Spa, Coloring, Keratin, Smoothening",8AM to 8PM,9598460697
2319,Royal Salon 2319,Karve Nagar,4.6,943,Low,"Haircut, Beard Trim, Cleanup",10AM to 10PM,9199412295
2320,Urban Lounge 2320,Wakad,4.6,400,Low,"Hair Coloring, Highlights, Hair Spa",8AM to 11PM,7122821695
2321,Elite Salon 2321,Koregaon Park,3.2,358,High,"Hair Spa, Coloring, Keratin, Smoothening",9AM to 11PM,7649933162
2322,Luxury Lounge 2322,Viman Nagar,3.9,1981,Low,"Hair Spa, Coloring, Keratin, Smoothening",8AM to 8PM,7870171089
2323,Elite Salon 2323,Kothrud,3.6,244,Low,"Hair Spa, Coloring, Keratin, Smoothening",8AM to 9PM,8935433594
2324,Aura Makeover 2324,Kothrud,4.6,1377,Medium,"Hair Spa, Coloring, Keratin, Smoothening",9AM to 8PM,9629791573
2325,Royal Salon 2325,Sinhagad Road,4.4,1826,Medium,"Hair Coloring, Highlights, Hair Spa",10AM to 10PM,7384813779
2326,Luxury Makeover 2326,Baner,3.5,1059,Low,"Haircut, Beard Trim, Cleanup",11AM to 8PM,8482428924
2327,Style Makeover 2327,Aundh,3.5,1624,Medium,"Hair Coloring, Highlights, Hair Spa",10AM to 10PM,7417937426
2328,Trendy Salon 2328,Shivaji Nagar,3.3,1557,Medium,"Bridal Makeup, Hair Styling, Skincare",8AM to 10PM,9026687702
2329,Aura Lounge 2329,Baner,4.3,222,Low,"Facial, Cleanup, Waxing, Threading",10AM to 10PM,9750564892
2330,Elite Salon 2330,Camp,3.9,1140,High,"Hair Coloring, Highlights, Hair Spa",8AM to 8PM,9153143418
2331,Royal Lounge 2331,Shivaji Nagar,3.1,1085,High,"Haircut, Beard Trim, Cleanup",11AM to 9PM,8048088014
2332,Style Makeover 2332,Viman Nagar,4.6,197,High,"Haircut, Styling, Facial, Manicure, Pedicure",10AM to 10PM,7218564398
2333,Elite Studio 2333,Viman Nagar,4.2,253,High,"Facial, Cleanup, Waxing, Threading",11AM to 10PM,7818927133
2334,Luxury Salon 2334,Shivaji Nagar,4.2,897,Medium,"Hair Coloring, Highlights, Hair Spa",8AM to 9PM,7710478969
2335,Royal Lounge 2335,Magarpatta,4.2,793,Medium,"Facial, Cleanup, Waxing, Threading",10AM to 11PM,9977799446
2336,Aura Studio 2336,Shivaji Nagar,3.1,1164,High,"Hair Coloring, Highlights, Hair Spa",8AM to 8PM,7059874854
2337,Style Makeover 2337,Aundh,3.6,1074,Low,"Hair Coloring, Highlights, Hair Spa",9AM to 8PM,7234226209
2338,Royal Lounge 2338,Magarpatta,3.9,397,Low,"Facial, Cleanup, Waxing, Threading",11AM to 8PM,9048348242
2339,Aura Salon 2339,Koregaon Park,4.1,1413,Low,"Hair Coloring, Highlights, Hair Spa",10AM to 10PM,8407778558
2340,Elite Studio 2340,Magarpatta,4.8,350,Low,"Hair Coloring, Highlights, Hair Spa",8AM to 11PM,9695033240
2341,Glow Lounge 2341,Shivaji Nagar,3.8,791,Medium,"Facial, Cleanup, Waxing, Threading",9AM to 11PM,8768693155
2342,Elite Lounge 2342,Karve Nagar,4.3,608,High,"Bridal Makeup, Hair Styling, Skincare",11AM to 10PM,9036739888
2343,Luxury Makeover 2343,Sinhagad Road,3.6,648,Medium,"Hair Coloring, Highlights, Hair Spa",8AM to 9PM,8726895934
2344,Style Salon 2344,Viman Nagar,3.9,1490,High,"Facial, Cleanup, Waxing, Threading",10AM to 10PM,8288969750
2345,Style Studio 2345,Magarpatta,4.9,917,High,"Hair Coloring, Highlights, Hair Spa",8AM to 11PM,9749174590
2346,Glow Salon 2346,Magarpatta,4.5,355,High,"Haircut, Styling, Facial, Manicure, Pedicure",11AM to 11PM,8020556153
2347,Style Studio 2347,Wakad,3.5,1199,Low,"Haircut, Styling, Facial, Manicure, Pedicure",9AM to 8PM,9646576941
2348,Aura Salon 2348,Karve Nagar,3.1,1244,High,"Hair Coloring, Highlights, Hair Spa",10AM to 9PM,8460223642
2349,Elite Makeover 2349,Magarpatta,4.6,1801,Low,"Haircut, Beard Trim, Cleanup",11AM to 10PM,8285299249
2350,Elite Lounge 2350,Aundh,3.7,1947,Medium,"Hair Coloring, Highlights, Hair Spa",9AM to 10PM,8330114774
2351,Glow Salon 2351,Pimple Saudagar,5,620,Medium,"Haircut, Beard Trim, Cleanup",8AM to 9PM,9511526607
2352,Luxury Studio 2352,Koregaon Park,3.8,206,Medium,"Hair Spa, Coloring, Keratin, Smoothening",10AM to 11PM,8423266156
2353,Elite Salon 2353,Baner,3.3,917,Medium,"Haircut, Styling, Facial, Manicure, Pedicure",9AM to 11PM,9861619709
2354,Elite Studio 2354,Viman Nagar,3.2,1885,Low,"Hair Coloring, Highlights, Hair Spa",9AM to 11PM,7204813774
2355,Elite Studio 2355,Baner,3.2,1903,High,"Facial, Cleanup, Waxing, Threading",8AM to 9PM,9606300157
2356,Trendy Salon 2356,Camp,5,1419,High,"Hair Spa, Coloring, Keratin, Smoothening",10AM to 10PM,8091473515
2357,Aura Studio 2357,Hinjewadi,4.4,240,Low,"Hair Spa, Coloring, Keratin, Smoothening",8AM to 8PM,9630128321
2358,Style Salon 2358,Wakad,4.3,1560,High,"Haircut, Beard Trim, Cleanup",8AM to 10PM,7146363511
2359,Urban Makeover 2359,Hinjewadi,3.7,1036,High,"Hair Spa, Coloring, Keratin, Smoothening",8AM to 9PM,8577214901
2360,Royal Studio 2360,Camp,3,1988,Low,"Bridal Makeup, Hair Styling, Skincare",11AM to 9PM,8691107242
2361,Aura Makeover 2361,Aundh,4.8,1485,High,"Hair Spa, Coloring, Keratin, Smoothening",11AM to 8PM,8523891637
2362,Aura Studio 2362,FC Road,5,1946,Medium,"Hair Spa, Coloring, Keratin, Smoothening",11AM to 8PM,8039247840
2363,Glow Makeover 2363,Baner,3.4,740,Medium,"Hair Spa, Coloring, Keratin, Smoothening",10AM to 9PM,8845469355
2364,Elite Lounge 2364,Hadapsar,4.1,1065,Low,"Haircut, Styling, Facial, Manicure, Pedicure",11AM to 10PM,7276477601
2365,Royal Lounge 2365,Hadapsar,3.4,1776,Medium,"Facial, Cleanup, Waxing, Threading",9AM to 8PM,9551825750
2366,Elite Makeover 2366,Viman Nagar,4.5,558,High,"Facial, Cleanup, Waxing, Threading",9AM to 9PM,7066822970
2367,Elite Salon 2367,Magarpatta,4.1,918,Low,"Facial, Cleanup, Waxing, Threading",11AM to 11PM,7415890978
2368,Glow Lounge 2368,Pimple Saudagar,3.2,1415,High,"Bridal Makeup, Hair Styling, Skincare",8AM to 11PM,9986364528
2369,Aura Makeover 2369,Camp,3.7,93,Low,"Hair Spa, Coloring, Keratin, Smoothening",9AM to 9PM,9066602723
2370,Trendy Lounge 2370,Pimple Saudagar,3.5,1889,Medium,"Bridal Makeup, Hair Styling, Skincare",8AM to 10PM,7071528725
2371,Royal Salon 2371,Sinhagad Road,3.1,819,Medium,"Facial, Cleanup, Waxing, Threading",10AM to 11PM,9051896550
2372,Urban Studio 2372,Viman Nagar,3.1,1188,Medium,"Haircut, Beard Trim, Cleanup",11AM to 9PM,9509747007
2373,Elite Lounge 2373,Hinjewadi,4.1,165,High,"Hair Coloring, Highlights, Hair Spa",11AM to 8PM,9255580295
2374,Urban Makeover 2374,Shivaji Nagar,4.3,1304,Low,"Haircut, Beard Trim, Cleanup",10AM to 8PM,8513117224
2375,Aura Studio 2375,Kothrud,3.5,1383,Low,"Facial, Cleanup, Waxing, Threading",11AM to 9PM,7353146118
2376,Style Studio 2376,Hadapsar,3.7,1303,High,"Hair Spa, Coloring, Keratin, Smoothening",11AM to 8PM,8363485863
2377,Elite Studio 2377,Viman Nagar,3.2,282,High,"Haircut, Beard Trim, Cleanup",8AM to 11PM,8499943374
2378,Glow Studio 2378,Shivaji Nagar,4.7,1595,Medium,"Haircut, Beard Trim, Cleanup",9AM to 9PM,9768652002
2379,Glow Makeover 2379,Shivaji Nagar,4.9,767,Low,"Haircut, Styling, Facial, Manicure, Pedicure",9AM to 11PM,8775250960
2380,Aura Makeover 2380,Pimple Saudagar,3.8,166,High,"Bridal Makeup, Hair Styling, Skincare",11AM to 11PM,8016355162
2381,Elite Makeover 2381,FC Road,4.3,985,Low,"Haircut, Styling, Facial, Manicure, Pedicure",8AM to 8PM,9073525030
2382,Style Lounge 2382,Sinhagad Road,4.1,1129,Low,"Haircut, Beard Trim, Cleanup",8AM to 10PM,9382052500
2383,Elite Studio 2383,Koregaon Park,4.8,422,High,"Haircut, Styling, Facial, Manicure, Pedicure",8AM to 8PM,7184131404
2384,Aura Studio 2384,Wakad,3.8,796,Low,"Facial, Cleanup, Waxing, Threading",9AM to 9PM,8039836030
2385,Style Studio 2385,Pimple Saudagar,4.7,1310,High,"Haircut, Styling, Facial, Manicure, Pedicure",11AM to 8PM,9973130795
2386,Elite Lounge 2386,Magarpatta,3.5,949,Low,"Hair Coloring, Highlights, Hair Spa",8AM to 10PM,7818908350
2387,Luxury Makeover 2387,FC Road,4.2,287,Low,"Haircut, Beard Trim, Cleanup",9AM to 8PM,9635243047
2388,Trendy Salon 2388,Sinhagad Road,3.1,1798,High,"Bridal Makeup, Hair Styling, Skincare",10AM to 10PM,9951340090
2389,Urban Lounge 2389,Aundh,3.3,1635,Medium,"Haircut, Beard Trim, Cleanup",11AM to 8PM,9114494361
2390,Royal Lounge 2390,Koregaon Park,4.4,829,High,"Bridal Makeup, Hair Styling, Skincare",8AM to 11PM,7985168004
2391,Style Salon 2391,Hinjewadi,3.1,1734,Medium,"Haircut, Beard Trim, Cleanup",8AM to 9PM,8008282173
2392,Glow Makeover 2392,Karve Nagar,4.8,1808,Medium,"Hair Spa, Coloring, Keratin, Smoothening",11AM to 8PM,7238218472
2393,Luxury Makeover 2393,Hinjewadi,3.7,1877,Medium,"Haircut, Beard Trim, Cleanup",8AM to 8PM,7793289779
2394,Glow Lounge 2394,Shivaji Nagar,5,553,Medium,"Bridal Makeup, Hair Styling, Skincare",9AM to 9PM,9121078315
2395,Style Studio 2395,Shivaji Nagar,3.6,1970,Medium,"Haircut, Styling, Facial, Manicure, Pedicure",10AM to 8PM,9913484697
2396,Urban Salon 2396,Kothrud,4.2,83,Medium,"Haircut, Styling, Facial, Manicure, Pedicure",8AM to 10PM,9537989251
2397,Royal Makeover 2397,Wakad,3.5,184,Medium,"Haircut, Styling, Facial, Manicure, Pedicure",9AM to 8PM,8296373597
2398,Glow Studio 2398,Koregaon Park,4.3,1943,Low,"Haircut, Styling, Facial, Manicure, Pedicure",11AM to 11PM,8287299602
2399,Elite Salon 2399,Wakad,4.3,1022,Medium,"Bridal Makeup, Hair Styling, Skincare",10AM to 9PM,8280758352
2400,Urban Lounge 2400,Shivaji Nagar,3.2,95,Low,"Hair Spa, Coloring, Keratin, Smoothening",9AM to 9PM,7650413569
2401,Elite Lounge 2401,Hadapsar,4.5,636,Low,"Bridal Makeup, Hair Styling, Skincare",11AM to 8PM,7541032844
2402,Style Studio 2402,FC Road,4.6,430,Low,"Bridal Makeup, Hair Styling, Skincare",10AM to 10PM,8296534231
2403,Aura Salon 2403,Koregaon Park,4.9,1728,Low,"Haircut, Beard Trim, Cleanup",8AM to 8PM,9811562297
2404,Style Studio 2404,Baner,3.4,1747,Low,"Facial, Cleanup, Waxing, Threading",10AM to 9PM,7927716636
2405,Glow Studio 2405,Hinjewadi,4.2,61,Low,"Hair Spa, Coloring, Keratin, Smoothening",9AM to 11PM,7075073863
2406,Glow Salon 2406,Aundh,4.3,1868,Medium,"Bridal Makeup, Hair Styling, Skincare",10AM to 10PM,9735504758
2407,Royal Lounge 2407,Wakad,4.9,1247,Medium,"Facial, Cleanup, Waxing, Threading",9AM to 11PM,7091107755
2408,Luxury Studio 2408,Karve Nagar,4.2,144,Low,"Bridal Makeup, Hair Styling, Skincare",10AM to 11PM,7017913734
2409,Aura Lounge 2409,Aundh,4.3,176,High,"Hair Coloring, Highlights, Hair Spa",8AM to 10PM,9517408401
2410,Royal Makeover 2410,FC Road,4.1,314,Low,"Hair Spa, Coloring, Keratin, Smoothening",10AM to 8PM,8316157924
2411,Elite Studio 2411,Hinjewadi,4.6,481,Medium,"Hair Coloring, Highlights, Hair Spa",10AM to 10PM,9227680541
2412,Aura Makeover 2412,Baner,4.3,253,Low,"Bridal Makeup, Hair Styling, Skincare",9AM to 10PM,7168588884
2413,Trendy Lounge 2413,Viman Nagar,3.4,1554,Medium,"Hair Coloring, Highlights, Hair Spa",10AM to 10PM,7889475174
2414,Elite Makeover 2414,Koregaon Park,3.7,508,Medium,"Haircut, Styling, Facial, Manicure, Pedicure",10AM to 11PM,8087856874
2415,Urban Lounge 2415,FC Road,3,1073,Low,"Bridal Makeup, Hair Styling, Skincare",11AM to 10PM,8590428905
2416,Glow Salon 2416,Hinjewadi,3.5,353,High,"Bridal Makeup, Hair Styling, Skincare",10AM to 9PM,9867540870
2417,Style Makeover 2417,Sinhagad Road,4,287,High,"Hair Coloring, Highlights, Hair Spa",8AM to 9PM,9552538023
2418,Aura Lounge 2418,Shivaji Nagar,4.9,249,Low,"Haircut, Styling, Facial, Manicure, Pedicure",8AM to 9PM,7329477853
2419,Royal Studio 2419,Shivaji Nagar,3.5,1124,Low,"Haircut, Styling, Facial, Manicure, Pedicure",11AM to 9PM,7125802285
2420,Aura Salon 2420,Wakad,4.6,1797,High,"Facial, Cleanup, Waxing, Threading",8AM to 9PM,9446875079
2421,Glow Studio 2421,Wakad,3.1,264,High,"Haircut, Beard Trim, Cleanup",9AM to 11PM,8765756532
2422,Luxury Makeover 2422,FC Road,4.8,167,Low,"Hair Spa, Coloring, Keratin, Smoothening",9AM to 9PM,7773540757
2423,Aura Studio 2423,Kothrud,4.2,96,Medium,"Bridal Makeup, Hair Styling, Skincare",9AM to 11PM,8609888713
2424,Style Salon 2424,Karve Nagar,4,141,Low,"Haircut, Styling, Facial, Manicure, Pedicure",9AM to 8PM,9549388471
2425,Style Makeover 2425,FC Road,4.7,1327,Medium,"Hair Coloring, Highlights, Hair Spa",9AM to 9PM,7877967593
2426,Royal Lounge 2426,Sinhagad Road,3.2,1142,High,"Haircut, Styling, Facial, Manicure, Pedicure",8AM to 9PM,8746200408
2427,Royal Studio 2427,Viman Nagar,4.4,1081,Low,"Hair Spa, Coloring, Keratin, Smoothening",11AM to 11PM,8016591228
2428,Trendy Studio 2428,Sinhagad Road,4.7,253,Low,"Haircut, Beard Trim, Cleanup",9AM to 10PM,7513733948
2429,Elite Lounge 2429,Shivaji Nagar,3.2,1069,Low,"Hair Coloring, Highlights, Hair Spa",8AM to 9PM,7321700578
2430,Glow Salon 2430,Kothrud,3.5,1519,High,"Haircut, Beard Trim, Cleanup",9AM to 10PM,8277039184
2431,Elite Lounge 2431,Aundh,4,1207,Low,"Haircut, Styling, Facial, Manicure, Pedicure",8AM to 8PM,7210612895
2432,Urban Lounge 2432,Sinhagad Road,3.5,1807,Low,"Haircut, Beard Trim, Cleanup",10AM to 9PM,9621337553
2433,Urban Studio 2433,Shivaji Nagar,3.7,761,Low,"Hair Coloring, Highlights, Hair Spa",11AM to 9PM,9330754949
2434,Elite Lounge 2434,Koregaon Park,3.3,1616,Medium,"Hair Spa, Coloring, Keratin, Smoothening",10AM to 10PM,9619497787
2435,Royal Makeover 2435,FC Road,3.4,366,Medium,"Haircut, Beard Trim, Cleanup",9AM to 10PM,8168682186
2436,Trendy Lounge 2436,Kothrud,4.6,1534,Medium,"Haircut, Styling, Facial, Manicure, Pedicure",11AM to 9PM,8833848606
2437,Urban Lounge 2437,Baner,4.9,890,High,"Haircut, Styling, Facial, Manicure, Pedicure",10AM to 9PM,8293434020
2438,Glow Salon 2438,Wakad,3.1,170,Low,"Haircut, Styling, Facial, Manicure, Pedicure",11AM to 10PM,8832558096
2439,Royal Makeover 2439,Magarpatta,4.8,1404,Medium,"Bridal Makeup, Hair Styling, Skincare",8AM to 8PM,9575486668
2440,Style Salon 2440,Shivaji Nagar,3.2,1812,Medium,"Bridal Makeup, Hair Styling, Skincare",11AM to 8PM,7400682105
2441,Aura Lounge 2441,Pimple Saudagar,4.1,1569,Medium,"Hair Spa, Coloring, Keratin, Smoothening",11AM to 9PM,9177676876
2442,Royal Salon 2442,Hinjewadi,3.8,1361,Medium,"Haircut, Styling, Facial, Manicure, Pedicure",8AM to 10PM,7434689101
2443,Trendy Salon 2443,FC Road,4.1,866,Low,"Haircut, Beard Trim, Cleanup",9AM to 9PM,7127624651
2444,Royal Studio 2444,Aundh,3,923,High,"Hair Coloring, Highlights, Hair Spa",11AM to 9PM,8850040227
2445,Trendy Lounge 2445,Camp,4.5,1351,Low,"Hair Spa, Coloring, Keratin, Smoothening",10AM to 10PM,9747237465
2446,Aura Lounge 2446,Camp,3.8,1237,High,"Hair Coloring, Highlights, Hair Spa",11AM to 11PM,8388803505
2447,Luxury Salon 2447,Viman Nagar,4.9,1606,Low,"Haircut, Beard Trim, Cleanup",11AM to 10PM,9810148429
2448,Style Lounge 2448,Hadapsar,4.8,271,Low,"Haircut, Styling, Facial, Manicure, Pedicure",9AM to 10PM,8725865138
2449,Style Salon 2449,Sinhagad Road,4.6,1403,Low,"Hair Coloring, Highlights, Hair Spa",11AM to 9PM,7711904280
2450,Luxury Lounge 2450,Magarpatta,3.2,1616,Medium,"Haircut, Beard Trim, Cleanup",10AM to 11PM,9382751616
2451,Elite Lounge 2451,Viman Nagar,4,1701,Low,"Bridal Makeup, Hair Styling, Skincare",11AM to 9PM,7365003960
2452,Style Lounge 2452,Koregaon Park,3.6,1076,Low,"Hair Spa, Coloring, Keratin, Smoothening",10AM to 11PM,7748360234
2453,Trendy Lounge 2453,Hinjewadi,3.1,1929,Medium,"Haircut, Beard Trim, Cleanup",8AM to 8PM,9146716276
2454,Elite Lounge 2454,Magarpatta,3.5,1177,Medium,"Hair Spa, Coloring, Keratin, Smoothening",9AM to 8PM,7400497524
2455,Style Salon 2455,Shivaji Nagar,3.4,398,Medium,"Hair Coloring, Highlights, Hair Spa",10AM to 8PM,7676928912
2456,Style Studio 2456,Karve Nagar,3.1,1333,High,"Haircut, Styling, Facial, Manicure, Pedicure",11AM to 9PM,8811785653
2457,Royal Salon 2457,Baner,3.8,434,Medium,"Facial, Cleanup, Waxing, Threading",11AM to 10PM,8069857679
2458,Elite Studio 2458,Kothrud,4.3,86,High,"Bridal Makeup, Hair Styling, Skincare",9AM to 9PM,9274538448
2459,Luxury Salon 2459,Camp,4.6,1020,Low,"Facial, Cleanup, Waxing, Threading",11AM to 8PM,7610995869
2460,Luxury Lounge 2460,Aundh,4.3,171,Medium,"Bridal Makeup, Hair Styling, Skincare",11AM to 11PM,8445495753
2461,Glow Studio 2461,Shivaji Nagar,4.8,1802,Medium,"Facial, Cleanup, Waxing, Threading",9AM to 10PM,9416795752
2462,Trendy Salon 2462,Hadapsar,3.3,1885,Low,"Haircut, Beard Trim, Cleanup",10AM to 8PM,9829297816
2463,Glow Salon 2463,FC Road,4.9,476,Low,"Haircut, Styling, Facial, Manicure, Pedicure",8AM to 10PM,9457156036
2464,Glow Lounge 2464,Karve Nagar,3.6,163,Low,"Haircut, Styling, Facial, Manicure, Pedicure",11AM to 10PM,8363375858
2465,Elite Makeover 2465,Viman Nagar,3.7,727,Medium,"Facial, Cleanup, Waxing, Threading",10AM to 8PM,8171491036
2466,Glow Lounge 2466,FC Road,3,1594,Medium,"Haircut, Styling, Facial, Manicure, Pedicure",10AM to 8PM,8863080077
2467,Trendy Salon 2467,Koregaon Park,4.3,1770,Medium,"Haircut, Beard Trim, Cleanup",9AM to 11PM,8470623835
2468,Luxury Makeover 2468,Wakad,4.7,1734,High,"Haircut, Styling, Facial, Manicure, Pedicure",10AM to 8PM,9491351540
2469,Glow Salon 2469,Kothrud,4.9,1326,Medium,"Haircut, Beard Trim, Cleanup",8AM to 9PM,7717900469
2470,Aura Salon 2470,Hinjewadi,3.6,305,High,"Hair Spa, Coloring, Keratin, Smoothening",8AM to 9PM,9711793056
2471,Style Studio 2471,Shivaji Nagar,3.4,355,Medium,"Haircut, Beard Trim, Cleanup",9AM to 9PM,8814114135
2472,Style Studio 2472,Hinjewadi,4.9,1980,Low,"Bridal Makeup, Hair Styling, Skincare",10AM to 9PM,7137051865
2473,Glow Makeover 2473,Hinjewadi,4.6,1493,Low,"Bridal Makeup, Hair Styling, Skincare",9AM to 10PM,8803237033
2474,Royal Studio 2474,Pimple Saudagar,4.5,1422,Low,"Bridal Makeup, Hair Styling, Skincare",9AM to 10PM,8511371964
2475,Luxury Salon 2475,Magarpatta,4.3,1506,Medium,"Haircut, Styling, Facial, Manicure, Pedicure",11AM to 9PM,7177876302
2476,Glow Lounge 2476,Hinjewadi,4.7,1803,Medium,"Hair Coloring, Highlights, Hair Spa",9AM to 8PM,7160088525
2477,Glow Studio 2477,Koregaon Park,4.9,1223,Low,"Bridal Makeup, Hair Styling, Skincare",10AM to 9PM,9805581110
2478,Style Salon 2478,Magarpatta,3.3,731,Medium,"Haircut, Beard Trim, Cleanup",10AM to 9PM,8604857575
2479,Glow Studio 2479,Aundh,3,1083,Low,"Facial, Cleanup, Waxing, Threading",8AM to 9PM,9026114026
2480,Royal Salon 2480,Hinjewadi,4.8,778,Low,"Facial, Cleanup, Waxing, Threading",9AM to 9PM,9015195276
2481,Style Makeover 2481,Hinjewadi,4.9,994,Medium,"Haircut, Styling, Facial, Manicure, Pedicure",10AM to 8PM,8777600280
2482,Style Studio 2482,Sinhagad Road,3.6,618,High,"Bridal Makeup, Hair Styling, Skincare",10AM to 8PM,8730059565
2483,Trendy Lounge 2483,Kothrud,4.5,1342,Medium,"Bridal Makeup, Hair Styling, Skincare",8AM to 10PM,8864973492
2484,Urban Salon 2484,Hadapsar,3.3,535,Medium,"Hair Coloring, Highlights, Hair Spa",8AM to 11PM,8201080625
2485,Urban Makeover 2485,Koregaon Park,4,722,High,"Facial, Cleanup, Waxing, Threading",9AM to 11PM,8861333455
2486,Royal Makeover 2486,Koregaon Park,4.7,955,Medium,"Bridal Makeup, Hair Styling, Skincare",10AM to 11PM,8901559253
2487,Style Makeover 2487,Sinhagad Road,3.2,1469,High,"Haircut, Beard Trim, Cleanup",8AM to 8PM,7920046257
2488,Luxury Lounge 2488,Kothrud,3.2,593,Medium,"Hair Spa, Coloring, Keratin, Smoothening",8AM to 8PM,9969271879
2489,Urban Salon 2489,Hadapsar,4.4,1312,Medium,"Facial, Cleanup, Waxing, Threading",10AM to 10PM,8412201456
2490,Trendy Makeover 2490,Wakad,3.9,482,Low,"Facial, Cleanup, Waxing, Threading",8AM to 8PM,7133274524
2491,Royal Salon 2491,Sinhagad Road,3.4,1036,High,"Haircut, Beard Trim, Cleanup",11AM to 11PM,7296790739
2492,Elite Studio 2492,FC Road,4.8,492,Low,"Haircut, Styling, Facial, Manicure, Pedicure",11AM to 9PM,8747973139
2493,Urban Makeover 2493,FC Road,4.8,1925,High,"Haircut, Beard Trim, Cleanup",11AM to 8PM,8130386055
2494,Glow Studio 2494,Aundh,3.1,304,Low,"Hair Spa, Coloring, Keratin, Smoothening",10AM to 9PM,9484791081
2495,Urban Lounge 2495,Wakad,4.2,1467,Low,"Bridal Makeup, Hair Styling, Skincare",10AM to 10PM,8853942158
2496,Aura Makeover 2496,Pimple Saudagar,4.3,361,Low,"Hair Spa, Coloring, Keratin, Smoothening",9AM to 11PM,8890944046
2497,Elite Salon 2497,Hadapsar,4.6,787,Medium,"Bridal Makeup, Hair Styling, Skincare",11AM to 9PM,9259391756
2498,Style Lounge 2498,Hadapsar,4,366,Low,"Bridal Makeup, Hair Styling, Skincare",11AM to 9PM,7426022495
2499,Style Makeover 2499,Magarpatta,3.7,55,High,"Haircut, Styling, Facial, Manicure, Pedicure",8AM to 11PM,8412752149
2500,Trendy Makeover 2500,Camp,3.3,1361,Medium,"Bridal Makeup, Hair Styling, Skincare",11AM to 10PM,8779900837
2501,Elite Makeover 2501,Kothrud,3.4,1829,High,"Hair Coloring, Highlights, Hair Spa",8AM to 8PM,7274039935
2502,Royal Lounge 2502,Viman Nagar,4.1,948,High,"Facial, Cleanup, Waxing, Threading",9AM to 9PM,8674949580
2503,Urban Makeover 2503,Kothrud,4.2,164,Medium,"Bridal Makeup, Hair Styling, Skincare",11AM to 8PM,9653156862
2504,Aura Makeover 2504,Pimple Saudagar,3.1,906,High,"Hair Spa, Coloring, Keratin, Smoothening",8AM to 10PM,7273236446
2505,Trendy Studio 2505,Shivaji Nagar,3.3,339,Medium,"Facial, Cleanup, Waxing, Threading",8AM to 9PM,9343489036
2506,Urban Studio 2506,Magarpatta,3.4,856,Medium,"Facial, Cleanup, Waxing, Threading",8AM to 9PM,7748764491
2507,Luxury Lounge 2507,Aundh,4.1,1126,High,"Hair Coloring, Highlights, Hair Spa",10AM to 10PM,8652862763
2508,Style Lounge 2508,Karve Nagar,3.5,1914,Low,"Haircut, Beard Trim, Cleanup",8AM to 9PM,7227912268
2509,Aura Lounge 2509,Aundh,4.4,1391,Medium,"Facial, Cleanup, Waxing, Threading",9AM to 8PM,8218303302
2510,Elite Makeover 2510,Baner,3.5,634,High,"Bridal Makeup, Hair Styling, Skincare",11AM to 8PM,9635345573
2511,Aura Studio 2511,Shivaji Nagar,4.1,78,Low,"Haircut, Beard Trim, Cleanup",9AM to 11PM,9825577168
2512,Luxury Makeover 2512,Wakad,4.4,433,High,"Facial, Cleanup, Waxing, Threading",11AM to 11PM,9851274659
2513,Urban Salon 2513,Kothrud,4,629,Low,"Haircut, Beard Trim, Cleanup",10AM to 9PM,9831117499
2514,Luxury Lounge 2514,Baner,3.8,1815,High,"Hair Spa, Coloring, Keratin, Smoothening",9AM to 10PM,9882502038
2515,Glow Studio 2515,Koregaon Park,4.6,1011,High,"Facial, Cleanup, Waxing, Threading",8AM to 9PM,7972954791
2516,Trendy Makeover 2516,Karve Nagar,4.5,998,Low,"Haircut, Beard Trim, Cleanup",11AM to 9PM,8615465639
2517,Urban Lounge 2517,Wakad,3.6,508,Medium,"Haircut, Styling, Facial, Manicure, Pedicure",11AM to 10PM,9796237068
2518,Trendy Salon 2518,Wakad,4,1811,High,"Hair Coloring, Highlights, Hair Spa",8AM to 9PM,7139377241
2519,Luxury Makeover 2519,Magarpatta,4.9,1337,High,"Facial, Cleanup, Waxing, Threading",10AM to 9PM,9878444763
2520,Aura Studio 2520,Magarpatta,4.6,770,High,"Bridal Makeup, Hair Styling, Skincare",9AM to 9PM,9019562079
2521,Aura Lounge 2521,Magarpatta,3.3,260,Medium,"Haircut, Styling, Facial, Manicure, Pedicure",8AM to 8PM,7171254703
2522,Luxury Studio 2522,Karve Nagar,4.5,15,Low,"Haircut, Beard Trim, Cleanup",11AM to 9PM,9326823106
2523,Royal Lounge 2523,Hadapsar,3.8,1891,Low,"Bridal Makeup, Hair Styling, Skincare",8AM to 10PM,9111154354
2524,Royal Makeover 2524,Viman Nagar,4.9,1314,Medium,"Haircut, Beard Trim, Cleanup",10AM to 8PM,7163789204
2525,Urban Makeover 2525,Sinhagad Road,5,1256,Low,"Haircut, Beard Trim, Cleanup",9AM to 9PM,8432565003
2526,Urban Makeover 2526,Aundh,3.4,71,High,"Haircut, Styling, Facial, Manicure, Pedicure",10AM to 8PM,7013606428
2527,Urban Makeover 2527,Viman Nagar,4.2,1292,Medium,"Facial, Cleanup, Waxing, Threading",11AM to 10PM,8019360010
2528,Aura Salon 2528,Wakad,3.5,1183,Low,"Facial, Cleanup, Waxing, Threading",11AM to 9PM,9452543758
2529,Urban Salon 2529,Sinhagad Road,3.9,1580,Low,"Facial, Cleanup, Waxing, Threading",8AM to 11PM,7928434784
2530,Luxury Salon 2530,Hadapsar,4.2,535,High,"Haircut, Styling, Facial, Manicure, Pedicure",9AM to 8PM,9951201735
2531,Aura Studio 2531,Karve Nagar,4.2,1639,Low,"Bridal Makeup, Hair Styling, Skincare",8AM to 10PM,9259536535
2532,Glow Lounge 2532,Camp,4,1903,Low,"Hair Coloring, Highlights, Hair Spa",9AM to 11PM,9861422909
2533,Aura Lounge 2533,Aundh,4.3,154,Low,"Haircut, Beard Trim, Cleanup",10AM to 8PM,7651681745
2534,Aura Salon 2534,Hinjewadi,4.5,386,Low,"Facial, Cleanup, Waxing, Threading",8AM to 11PM,7310697803
2535,Style Lounge 2535,Baner,3.9,1836,High,"Haircut, Beard Trim, Cleanup",11AM to 11PM,8713563417
2536,Trendy Lounge 2536,Baner,4.9,912,Low,"Haircut, Beard Trim, Cleanup",9AM to 9PM,7001951557
2537,Aura Lounge 2537,Viman Nagar,3.6,1445,Medium,"Hair Coloring, Highlights, Hair Spa",8AM to 8PM,9589532035
2538,Style Studio 2538,Pimple Saudagar,3.6,284,High,"Bridal Makeup, Hair Styling, Skincare",11AM to 9PM,8371797785
2539,Trendy Makeover 2539,Wakad,3.7,699,Medium,"Hair Coloring, Highlights, Hair Spa",11AM to 8PM,7975127145
2540,Aura Makeover 2540,Kothrud,4.3,1841,Low,"Bridal Makeup, Hair Styling, Skincare",9AM to 9PM,7364376111
2541,Glow Salon 2541,Hadapsar,4.3,1405,Low,"Hair Spa, Coloring, Keratin, Smoothening",11AM to 9PM,8298973068
2542,Trendy Lounge 2542,Karve Nagar,3.4,1367,Medium,"Bridal Makeup, Hair Styling, Skincare",9AM to 10PM,8830935761
2543,Trendy Lounge 2543,Kothrud,3.4,845,Medium,"Haircut, Beard Trim, Cleanup",11AM to 9PM,7466173313
2544,Luxury Makeover 2544,Aundh,4.6,1912,High,"Haircut, Styling, Facial, Manicure, Pedicure",10AM to 10PM,8809487260
2545,Urban Makeover 2545,Baner,4.1,78,Low,"Bridal Makeup, Hair Styling, Skincare",10AM to 8PM,7487741924
2546,Aura Lounge 2546,Viman Nagar,3.8,50,Medium,"Hair Spa, Coloring, Keratin, Smoothening",9AM to 9PM,8282149304
2547,Royal Makeover 2547,Pimple Saudagar,5,1300,Low,"Haircut, Beard Trim, Cleanup",10AM to 9PM,9417883510
2548,Style Studio 2548,Shivaji Nagar,4.6,1752,High,"Haircut, Styling, Facial, Manicure, Pedicure",11AM to 11PM,9115194437
2549,Royal Lounge 2549,FC Road,3.8,1886,Low,"Haircut, Beard Trim, Cleanup",9AM to 8PM,9564774713
2550,Luxury Lounge 2550,Hinjewadi,4.4,1637,High,"Facial, Cleanup, Waxing, Threading",8AM to 9PM,9339059770
2551,Aura Lounge 2551,Baner,3.1,1663,Low,"Haircut, Beard Trim, Cleanup",11AM to 8PM,8910871893
2552,Luxury Lounge 2552,Hadapsar,4.7,1526,Low,"Haircut, Styling, Facial, Manicure, Pedicure",11AM to 9PM,7605426531
2553,Aura Makeover 2553,FC Road,4.9,797,Medium,"Haircut, Beard Trim, Cleanup",10AM to 10PM,9091120607
2554,Elite Salon 2554,FC Road,4.2,897,Low,"Facial, Cleanup, Waxing, Threading",8AM to 10PM,8922036408
2555,Elite Salon 2555,Hadapsar,3.3,1412,Medium,"Haircut, Styling, Facial, Manicure, Pedicure",10AM to 8PM,7061757173
2556,Glow Makeover 2556,Baner,3.4,1914,High,"Haircut, Styling, Facial, Manicure, Pedicure",8AM to 9PM,7758242965
2557,Elite Salon 2557,Koregaon Park,4.4,1318,Low,"Haircut, Styling, Facial, Manicure, Pedicure",11AM to 8PM,7811476029
2558,Glow Salon 2558,Sinhagad Road,3.7,102,Low,"Hair Spa, Coloring, Keratin, Smoothening",11AM to 11PM,8073904591
2559,Urban Studio 2559,Hadapsar,4.5,1993,High,"Bridal Makeup, Hair Styling, Skincare",9AM to 9PM,8958682625
2560,Royal Studio 2560,Magarpatta,3.2,1321,High,"Bridal Makeup, Hair Styling, Skincare",10AM to 11PM,7854680738
2561,Urban Lounge 2561,Sinhagad Road,3.7,1590,Medium,"Bridal Makeup, Hair Styling, Skincare",10AM to 11PM,8016038459
2562,Aura Salon 2562,Viman Nagar,3.4,1052,Low,"Hair Coloring, Highlights, Hair Spa",10AM to 11PM,9478212749
2563,Glow Makeover 2563,Hadapsar,3.8,760,Low,"Haircut, Beard Trim, Cleanup",11AM to 8PM,9743316165
2564,Elite Makeover 2564,Pimple Saudagar,4.4,967,Low,"Bridal Makeup, Hair Styling, Skincare",8AM to 9PM,8611165216
2565,Luxury Salon 2565,Sinhagad Road,3.3,36,Low,"Hair Spa, Coloring, Keratin, Smoothening",8AM to 9PM,7465621913
2566,Aura Salon 2566,Shivaji Nagar,4.7,1037,Low,"Haircut, Styling, Facial, Manicure, Pedicure",10AM to 9PM,8303609012
2567,Elite Makeover 2567,Pimple Saudagar,4.3,614,Low,"Hair Spa, Coloring, Keratin, Smoothening",11AM to 11PM,9051690217
2568,Style Makeover 2568,Viman Nagar,3.7,1479,High,"Haircut, Beard Trim, Cleanup",9AM to 8PM,8545796194
2569,Aura Makeover 2569,Camp,4.2,1672,Medium,"Hair Spa, Coloring, Keratin, Smoothening",11AM to 10PM,8793240466
2570,Royal Salon 2570,Wakad,3,282,Medium,"Hair Coloring, Highlights, Hair Spa",9AM to 10PM,8899340320
2571,Luxury Makeover 2571,Wakad,4.8,1819,High,"Hair Coloring, Highlights, Hair Spa",9AM to 8PM,7718412015
2572,Elite Studio 2572,Pimple Saudagar,4.5,72,High,"Haircut, Styling, Facial, Manicure, Pedicure",10AM to 10PM,8118586750
2573,Urban Studio 2573,Shivaji Nagar,3.6,1925,High,"Haircut, Beard Trim, Cleanup",10AM to 10PM,7467475063
2574,Trendy Lounge 2574,Hinjewadi,3.2,185,Medium,"Hair Coloring, Highlights, Hair Spa",9AM to 8PM,9668662513
2575,Elite Studio 2575,Magarpatta,3.4,300,Low,"Bridal Makeup, Hair Styling, Skincare",8AM to 9PM,8763106945
2576,Glow Makeover 2576,Koregaon Park,3.1,656,Medium,"Hair Spa, Coloring, Keratin, Smoothening",8AM to 11PM,9703301353
2577,Aura Studio 2577,Sinhagad Road,4.5,1087,Low,"Facial, Cleanup, Waxing, Threading",11AM to 8PM,7189261910
2578,Style Salon 2578,Karve Nagar,3.4,196,Medium,"Haircut, Styling, Facial, Manicure, Pedicure",9AM to 10PM,9365054837
2579,Urban Salon 2579,Shivaji Nagar,4.7,1926,Low,"Bridal Makeup, Hair Styling, Skincare",8AM to 8PM,9588744439
2580,Trendy Salon 2580,Kothrud,3.2,525,Low,"Hair Spa, Coloring, Keratin, Smoothening",11AM to 11PM,9229573810
2581,Style Lounge 2581,Viman Nagar,4.4,984,High,"Hair Spa, Coloring, Keratin, Smoothening",10AM to 8PM,7298320211
2582,Aura Studio 2582,Aundh,3.8,1359,High,"Hair Spa, Coloring, Keratin, Smoothening",10AM to 10PM,7186869454
2583,Royal Studio 2583,Aundh,3.9,1994,Low,"Haircut, Styling, Facial, Manicure, Pedicure",8AM to 11PM,9255632002
2584,Elite Salon 2584,Kothrud,3.1,1087,Low,"Haircut, Styling, Facial, Manicure, Pedicure",8AM to 11PM,8326835866
2585,Urban Salon 2585,Viman Nagar,4,805,High,"Hair Coloring, Highlights, Hair Spa",11AM to 8PM,8099936406
2586,Style Studio 2586,Wakad,3.5,398,High,"Hair Spa, Coloring, Keratin, Smoothening",10AM to 10PM,8813166094
2587,Elite Makeover 2587,Magarpatta,4.4,248,Low,"Hair Coloring, Highlights, Hair Spa",8AM to 10PM,8327792829
2588,Royal Lounge 2588,Aundh,4.5,1491,High,"Haircut, Styling, Facial, Manicure, Pedicure",9AM to 11PM,8564020623
2589,Glow Studio 2589,Kothrud,4.7,1541,High,"Hair Coloring, Highlights, Hair Spa",9AM to 8PM,9849808044
2590,Urban Salon 2590,Camp,4.8,1242,Low,"Hair Coloring, Highlights, Hair Spa",11AM to 9PM,7242411837
2591,Royal Salon 2591,Shivaji Nagar,5,211,High,"Haircut, Styling, Facial, Manicure, Pedicure",10AM to 8PM,8148810492
2592,Style Salon 2592,FC Road,3.1,1922,Medium,"Facial, Cleanup, Waxing, Threading",9AM to 8PM,7906852652
2593,Luxury Lounge 2593,Magarpatta,4.8,236,High,"Haircut, Beard Trim, Cleanup",10AM to 9PM,8836849008
2594,Urban Makeover 2594,Magarpatta,3.6,350,High,"Haircut, Beard Trim, Cleanup",9AM to 9PM,9025999704
2595,Style Studio 2595,Camp,4.3,882,Low,"Hair Spa, Coloring, Keratin, Smoothening",9AM to 10PM,9687997054
2596,Style Salon 2596,Koregaon Park,3,1528,Medium,"Bridal Makeup, Hair Styling, Skincare",10AM to 9PM,8451620684
2597,Trendy Lounge 2597,Karve Nagar,3.2,1809,Medium,"Hair Spa, Coloring, Keratin, Smoothening",9AM to 11PM,9583573357
2598,Luxury Studio 2598,Sinhagad Road,4.2,937,Medium,"Haircut, Beard Trim, Cleanup",9AM to 11PM,9060407075
2599,Trendy Lounge 2599,Sinhagad Road,4.1,817,Low,"Haircut, Beard Trim, Cleanup",8AM to 10PM,9393450216
2600,Trendy Studio 2600,FC Road,3.2,1106,Low,"Hair Spa, Coloring, Keratin, Smoothening",11AM to 9PM,9619395209
2601,Royal Salon 2601,FC Road,3.5,1614,Low,"Haircut, Styling, Facial, Manicure, Pedicure",11AM to 9PM,9992472651
2602,Style Makeover 2602,Baner,3.3,1833,Medium,"Haircut, Beard Trim, Cleanup",11AM to 8PM,8090760519
2603,Luxury Salon 2603,Baner,3.5,759,Low,"Hair Spa, Coloring, Keratin, Smoothening",11AM to 11PM,8681202806
2604,Royal Salon 2604,Koregaon Park,3.4,433,Medium,"Hair Spa, Coloring, Keratin, Smoothening",11AM to 10PM,9530403307
2605,Urban Lounge 2605,Sinhagad Road,4.2,1380,Medium,"Facial, Cleanup, Waxing, Threading",11AM to 9PM,8952517130
2606,Glow Makeover 2606,Karve Nagar,3.7,1875,Low,"Bridal Makeup, Hair Styling, Skincare",10AM to 10PM,8579326625
2607,Trendy Studio 2607,Magarpatta,4.1,664,High,"Facial, Cleanup, Waxing, Threading",9AM to 9PM,9625246067
2608,Urban Lounge 2608,Koregaon Park,3.6,1438,Medium,"Bridal Makeup, Hair Styling, Skincare",11AM to 8PM,8001733904
2609,Aura Makeover 2609,Magarpatta,4.8,85,High,"Facial, Cleanup, Waxing, Threading",8AM to 10PM,9487848370
2610,Aura Salon 2610,Koregaon Park,4.8,1107,High,"Hair Coloring, Highlights, Hair Spa",8AM to 11PM,8246767629
2611,Elite Makeover 2611,Viman Nagar,4.6,1545,High,"Haircut, Beard Trim, Cleanup",11AM to 8PM,8721234324
2612,Royal Lounge 2612,Hadapsar,3.5,127,Medium,"Haircut, Styling, Facial, Manicure, Pedicure",10AM to 9PM,8312553549
2613,Trendy Lounge 2613,Hinjewadi,3.3,1969,Low,"Haircut, Beard Trim, Cleanup",9AM to 10PM,9864285006
2614,Trendy Studio 2614,Kothrud,4.6,1882,Low,"Hair Coloring, Highlights, Hair Spa",8AM to 9PM,8840590136
2615,Aura Salon 2615,Pimple Saudagar,4,1355,High,"Hair Spa, Coloring, Keratin, Smoothening",11AM to 11PM,7660532784
2616,Style Salon 2616,Karve Nagar,4.9,1711,Medium,"Bridal Makeup, Hair Styling, Skincare",9AM to 11PM,7237848833
2617,Urban Lounge 2617,Viman Nagar,4.2,186,Low,"Hair Spa, Coloring, Keratin, Smoothening",8AM to 9PM,7694254905
2618,Elite Lounge 2618,Hinjewadi,3.7,625,Low,"Haircut, Styling, Facial, Manicure, Pedicure",10AM to 11PM,7526011983
2619,Elite Studio 2619,Kothrud,3.9,986,Medium,"Facial, Cleanup, Waxing, Threading",8AM to 10PM,9400893992
2620,Glow Studio 2620,Viman Nagar,3.1,1522,High,"Haircut, Styling, Facial, Manicure, Pedicure",10AM to 10PM,7466337894
2621,Style Salon 2621,Camp,3.4,107,Medium,"Hair Spa, Coloring, Keratin, Smoothening",11AM to 10PM,8904219856
2622,Luxury Lounge 2622,Viman Nagar,4.2,768,Low,"Haircut, Beard Trim, Cleanup",10AM to 9PM,9011105031
2623,Trendy Makeover 2623,Wakad,4.2,529,Low,"Hair Spa, Coloring, Keratin, Smoothening",11AM to 10PM,8398427910
2624,Urban Salon 2624,Magarpatta,4.2,405,Low,"Haircut, Styling, Facial, Manicure, Pedicure",8AM to 11PM,9887773790
2625,Style Lounge 2625,Sinhagad Road,4.2,666,Medium,"Hair Coloring, Highlights, Hair Spa",11AM to 9PM,8513994268
2626,Elite Studio 2626,Wakad,3.2,761,Low,"Hair Spa, Coloring, Keratin, Smoothening",9AM to 10PM,9249375096
2627,Glow Studio 2627,FC Road,4.8,979,High,"Facial, Cleanup, Waxing, Threading",10AM to 11PM,8668547204
2628,Royal Salon 2628,Koregaon Park,3.9,157,Low,"Hair Coloring, Highlights, Hair Spa",9AM to 10PM,8691925222
2629,Royal Lounge 2629,Magarpatta,4.8,1223,Medium,"Bridal Makeup, Hair Styling, Skincare",9AM to 10PM,7624144107
2630,Urban Studio 2630,Hinjewadi,4.3,1303,High,"Facial, Cleanup, Waxing, Threading",11AM to 8PM,8633490227
2631,Elite Salon 2631,Hadapsar,3.8,238,Low,"Haircut, Styling, Facial, Manicure, Pedicure",9AM to 9PM,7419596477
2632,Aura Lounge 2632,FC Road,3.8,64,Medium,"Haircut, Styling, Facial, Manicure, Pedicure",9AM to 8PM,9786490212
2633,Royal Studio 2633,Camp,3.6,1790,Low,"Haircut, Styling, Facial, Manicure, Pedicure",8AM to 11PM,7729138727
2634,Royal Makeover 2634,Koregaon Park,4.8,168,Low,"Facial, Cleanup, Waxing, Threading",11AM to 11PM,9131936810
2635,Style Makeover 2635,Sinhagad Road,3.6,1980,Medium,"Facial, Cleanup, Waxing, Threading",8AM to 10PM,7086790184
2636,Urban Studio 2636,Wakad,3.3,1491,Medium,"Haircut, Styling, Facial, Manicure, Pedicure",11AM to 9PM,9366470983
2637,Royal Salon 2637,Aundh,3.3,1289,High,"Haircut, Styling, Facial, Manicure, Pedicure",10AM to 11PM,7264366443
2638,Royal Lounge 2638,Viman Nagar,4.4,1204,High,"Facial, Cleanup, Waxing, Threading",10AM to 8PM,9286931138
2639,Royal Salon 2639,Hadapsar,3.1,949,High,"Hair Coloring, Highlights, Hair Spa",11AM to 11PM,9040126352
2640,Trendy Lounge 2640,Hadapsar,3.3,1959,Low,"Facial, Cleanup, Waxing, Threading",10AM to 11PM,9107379809
2641,Aura Salon 2641,Aundh,4.6,191,Low,"Hair Spa, Coloring, Keratin, Smoothening",8AM to 9PM,8079173641
2642,Royal Studio 2642,Hadapsar,3.6,1884,Medium,"Facial, Cleanup, Waxing, Threading",9AM to 11PM,7135270891
2643,Elite Salon 2643,Hadapsar,4.4,1816,High,"Hair Coloring, Highlights, Hair Spa",9AM to 11PM,7810219390
2644,Elite Makeover 2644,FC Road,4.3,659,Low,"Hair Coloring, Highlights, Hair Spa",8AM to 10PM,7403946567
2645,Glow Studio 2645,Magarpatta,3.4,1943,Medium,"Hair Coloring, Highlights, Hair Spa",11AM to 8PM,8900534826
2646,Aura Makeover 2646,Aundh,3.1,351,High,"Hair Coloring, Highlights, Hair Spa",9AM to 8PM,8948890976
2647,Urban Studio 2647,Baner,4.9,1310,High,"Facial, Cleanup, Waxing, Threading",10AM to 10PM,7372438844
2648,Royal Salon 2648,Karve Nagar,4.4,1362,High,"Haircut, Styling, Facial, Manicure, Pedicure",10AM to 10PM,7548920706
2649,Elite Lounge 2649,Wakad,4,1236,Medium,"Haircut, Beard Trim, Cleanup",11AM to 11PM,9357179732
2650,Aura Lounge 2650,Shivaji Nagar,4.5,222,Low,"Hair Spa, Coloring, Keratin, Smoothening",10AM to 11PM,8927763207
2651,Urban Lounge 2651,Karve Nagar,3.3,327,Medium,"Haircut, Styling, Facial, Manicure, Pedicure",9AM to 9PM,8446198688
2652,Style Makeover 2652,Sinhagad Road,4.2,203,Medium,"Bridal Makeup, Hair Styling, Skincare",9AM to 9PM,9414297402
2653,Style Studio 2653,Sinhagad Road,4.1,1110,Low,"Hair Coloring, Highlights, Hair Spa",11AM to 11PM,8321671488
2654,Elite Lounge 2654,Pimple Saudagar,3.3,584,High,"Haircut, Styling, Facial, Manicure, Pedicure",9AM to 11PM,9518898198
2655,Aura Salon 2655,Sinhagad Road,3.7,294,Low,"Haircut, Styling, Facial, Manicure, Pedicure",11AM to 10PM,7809841912
2656,Aura Makeover 2656,Hadapsar,3.8,1949,High,"Bridal Makeup, Hair Styling, Skincare",8AM to 10PM,8263818728
2657,Elite Makeover 2657,Wakad,4.7,527,Low,"Bridal Makeup, Hair Styling, Skincare",10AM to 11PM,8438250010
2658,Glow Studio 2658,Hadapsar,4.9,1455,High,"Facial, Cleanup, Waxing, Threading",10AM to 9PM,8850531192
2659,Luxury Salon 2659,Aundh,4.7,1705,Medium,"Haircut, Styling, Facial, Manicure, Pedicure",8AM to 11PM,8454594120
2660,Luxury Studio 2660,Aundh,4.5,1643,Low,"Haircut, Beard Trim, Cleanup",8AM to 9PM,7216720752
2661,Aura Makeover 2661,Shivaji Nagar,4.6,1316,Low,"Bridal Makeup, Hair Styling, Skincare",10AM to 10PM,8302628243
2662,Style Makeover 2662,Wakad,4.5,1573,High,"Facial, Cleanup, Waxing, Threading",10AM to 9PM,9805106859
2663,Royal Makeover 2663,Pimple Saudagar,3.5,126,Low,"Hair Coloring, Highlights, Hair Spa",11AM to 8PM,9510388605
2664,Aura Studio 2664,Camp,3.3,1614,High,"Facial, Cleanup, Waxing, Threading",11AM to 9PM,7118659061
2665,Royal Studio 2665,Pimple Saudagar,3.9,1601,Low,"Bridal Makeup, Hair Styling, Skincare",9AM to 11PM,7539521471
2666,Glow Makeover 2666,Wakad,3.1,1925,Medium,"Bridal Makeup, Hair Styling, Skincare",10AM to 11PM,8366235279
2667,Trendy Studio 2667,Magarpatta,4.9,1354,High,"Hair Spa, Coloring, Keratin, Smoothening",8AM to 9PM,8192124316
2668,Royal Studio 2668,Sinhagad Road,3.8,188,High,"Haircut, Beard Trim, Cleanup",10AM to 8PM,8312741606
2669,Aura Lounge 2669,Hinjewadi,4.2,314,High,"Haircut, Styling, Facial, Manicure, Pedicure",11AM to 8PM,8231888865
2670,Royal Makeover 2670,Hadapsar,3.7,1983,Low,"Hair Spa, Coloring, Keratin, Smoothening",8AM to 11PM,9253397775
2671,Luxury Lounge 2671,Karve Nagar,4.3,1934,Low,"Haircut, Beard Trim, Cleanup",11AM to 11PM,9095735419
2672,Urban Lounge 2672,Shivaji Nagar,5,712,Medium,"Bridal Makeup, Hair Styling, Skincare",9AM to 8PM,7202186010
2673,Elite Makeover 2673,Koregaon Park,4.5,1135,Medium,"Hair Coloring, Highlights, Hair Spa",11AM to 10PM,7778921123
2674,Royal Makeover 2674,Koregaon Park,3.1,686,Medium,"Hair Coloring, Highlights, Hair Spa",10AM to 11PM,7727132061
2675,Luxury Studio 2675,Hadapsar,4.3,780,High,"Haircut, Styling, Facial, Manicure, Pedicure",10AM to 11PM,9073570411
2676,Trendy Lounge 2676,Magarpatta,3.8,247,High,"Hair Coloring, Highlights, Hair Spa",9AM to 10PM,9001707640
2677,Elite Lounge 2677,Pimple Saudagar,4.3,355,Low,"Bridal Makeup, Hair Styling, Skincare",10AM to 8PM,8677747777
2678,Trendy Studio 2678,Sinhagad Road,3.9,1381,Low,"Facial, Cleanup, Waxing, Threading",10AM to 10PM,9816187460
2679,Trendy Salon 2679,Hinjewadi,4,910,High,"Hair Coloring, Highlights, Hair Spa",10AM to 10PM,9942935446
2680,Aura Salon 2680,Pimple Saudagar,4.7,501,High,"Haircut, Styling, Facial, Manicure, Pedicure",10AM to 8PM,9836473126
2681,Glow Lounge 2681,Sinhagad Road,4.4,587,Low,"Haircut, Beard Trim, Cleanup",11AM to 8PM,7291544086
2682,Urban Salon 2682,Karve Nagar,4.6,877,High,"Bridal Makeup, Hair Styling, Skincare",8AM to 8PM,8339417456
2683,Trendy Salon 2683,Magarpatta,3.2,1893,Low,"Bridal Makeup, Hair Styling, Skincare",8AM to 11PM,7467851378
2684,Style Studio 2684,Aundh,4.5,132,Medium,"Hair Coloring, Highlights, Hair Spa",11AM to 11PM,8394419374
2685,Royal Salon 2685,Baner,4.2,1706,Low,"Bridal Makeup, Hair Styling, Skincare",8AM to 8PM,7134829438
2686,Glow Lounge 2686,Viman Nagar,4.6,1952,Medium,"Haircut, Beard Trim, Cleanup",8AM to 11PM,7151904386
2687,Royal Makeover 2687,Shivaji Nagar,3.3,1019,Medium,"Bridal Makeup, Hair Styling, Skincare",9AM to 9PM,7395547672
2688,Luxury Lounge 2688,Baner,4.4,804,High,"Hair Spa, Coloring, Keratin, Smoothening",9AM to 9PM,9832045244
2689,Aura Salon 2689,Camp,4.6,17,Medium,"Hair Coloring, Highlights, Hair Spa",10AM to 9PM,8740114584
2690,Glow Makeover 2690,Magarpatta,5,1133,High,"Facial, Cleanup, Waxing, Threading",11AM to 9PM,7044101869
2691,Luxury Studio 2691,Shivaji Nagar,3.3,909,Medium,"Facial, Cleanup, Waxing, Threading",11AM to 8PM,9449131841
2692,Style Lounge 2692,Wakad,4.6,44,Low,"Bridal Makeup, Hair Styling, Skincare",8AM to 9PM,7457616019
2693,Urban Lounge 2693,Shivaji Nagar,4.9,1714,High,"Bridal Makeup, Hair Styling, Skincare",8AM to 11PM,9821034413
2694,Royal Makeover 2694,Baner,4.1,63,High,"Hair Coloring, Highlights, Hair Spa",10AM to 10PM,8347638029
2695,Urban Salon 2695,Sinhagad Road,3.9,752,Low,"Haircut, Beard Trim, Cleanup",9AM to 11PM,9657375602
2696,Style Studio 2696,Aundh,3.5,1864,Medium,"Haircut, Styling, Facial, Manicure, Pedicure",10AM to 9PM,9851390393
2697,Glow Lounge 2697,Pimple Saudagar,4.5,222,High,"Haircut, Styling, Facial, Manicure, Pedicure",9AM to 11PM,9506468424
2698,Aura Lounge 2698,Magarpatta,4.8,1791,Low,"Facial, Cleanup, Waxing, Threading",10AM to 11PM,8460787510
2699,Elite Lounge 2699,Karve Nagar,4.5,1268,Low,"Hair Spa, Coloring, Keratin, Smoothening",10AM to 11PM,8666771077
2700,Royal Studio 2700,Sinhagad Road,4.3,1848,High,"Haircut, Styling, Facial, Manicure, Pedicure",11AM to 10PM,9015479171
2701,Luxury Makeover 2701,Pimple Saudagar,4.3,1536,Medium,"Hair Coloring, Highlights, Hair Spa",8AM to 11PM,8835652832
2702,Urban Lounge 2702,Viman Nagar,4,862,Medium,"Haircut, Beard Trim, Cleanup",10AM to 9PM,8731217999
2703,Trendy Makeover 2703,FC Road,3.6,1245,Medium,"Hair Coloring, Highlights, Hair Spa",11AM to 8PM,8644001414
2704,Urban Studio 2704,Kothrud,3.4,458,Medium,"Hair Spa, Coloring, Keratin, Smoothening",8AM to 9PM,9990704453
2705,Aura Studio 2705,Baner,4.5,225,Medium,"Facial, Cleanup, Waxing, Threading",9AM to 9PM,8017993153
2706,Glow Lounge 2706,Camp,4.8,1734,Medium,"Bridal Makeup, Hair Styling, Skincare",8AM to 10PM,8492384348
2707,Glow Makeover 2707,Magarpatta,4.5,550,Low,"Hair Coloring, Highlights, Hair Spa",10AM to 10PM,9722166932
2708,Trendy Salon 2708,Hinjewadi,3.5,1988,High,"Hair Spa, Coloring, Keratin, Smoothening",9AM to 10PM,8537132644
2709,Royal Makeover 2709,Baner,4.1,409,Low,"Facial, Cleanup, Waxing, Threading",11AM to 8PM,7961915270
2710,Style Makeover 2710,Karve Nagar,4.8,518,Low,"Facial, Cleanup, Waxing, Threading",11AM to 9PM,7710637067
2711,Royal Makeover 2711,Aundh,4,224,Medium,"Hair Spa, Coloring, Keratin, Smoothening",10AM to 9PM,7825409883
2712,Trendy Lounge 2712,Sinhagad Road,4.6,1268,High,"Haircut, Beard Trim, Cleanup",9AM to 8PM,7873807630
2713,Aura Studio 2713,Camp,3.9,813,Medium,"Haircut, Beard Trim, Cleanup",10AM to 10PM,9856373344
2714,Urban Salon 2714,Koregaon Park,4.4,222,High,"Hair Spa, Coloring, Keratin, Smoothening",8AM to 9PM,9300302699
2715,Urban Makeover 2715,Hinjewadi,3.6,1578,Low,"Hair Coloring, Highlights, Hair Spa",8AM to 9PM,8602908732
2716,Style Lounge 2716,FC Road,3.2,1640,Low,"Hair Spa, Coloring, Keratin, Smoothening",9AM to 8PM,9752159460
2717,Trendy Salon 2717,Koregaon Park,4.4,464,High,"Haircut, Beard Trim, Cleanup",11AM to 9PM,7219058791
2718,Style Salon 2718,Shivaji Nagar,3.4,1658,Low,"Bridal Makeup, Hair Styling, Skincare",11AM to 10PM,8777914652
2719,Aura Makeover 2719,Viman Nagar,4.6,985,Medium,"Haircut, Beard Trim, Cleanup",8AM to 8PM,8462376169
2720,Trendy Studio 2720,Karve Nagar,4.6,1205,High,"Hair Coloring, Highlights, Hair Spa",10AM to 10PM,8074181179
2721,Luxury Lounge 2721,Viman Nagar,4.4,1140,High,"Haircut, Beard Trim, Cleanup",8AM to 9PM,7261785894
2722,Royal Studio 2722,Hadapsar,4.7,1750,Medium,"Hair Coloring, Highlights, Hair Spa",10AM to 10PM,8649097220
2723,Royal Lounge 2723,Aundh,3.7,265,High,"Hair Coloring, Highlights, Hair Spa",9AM to 10PM,7203526605
2724,Elite Lounge 2724,Wakad,4.8,39,Medium,"Facial, Cleanup, Waxing, Threading",10AM to 11PM,7710334626
2725,Glow Lounge 2725,FC Road,3.1,1401,Low,"Haircut, Styling, Facial, Manicure, Pedicure",9AM to 9PM,9326053912
2726,Glow Salon 2726,Pimple Saudagar,3.7,1127,Low,"Facial, Cleanup, Waxing, Threading",9AM to 9PM,8623321386
2727,Style Studio 2727,Wakad,4.3,1141,High,"Hair Coloring, Highlights, Hair Spa",9AM to 8PM,9158714137
2728,Elite Studio 2728,Shivaji Nagar,4.6,1742,High,"Haircut, Styling, Facial, Manicure, Pedicure",9AM to 9PM,8620034620
2729,Urban Salon 2729,FC Road,4.5,900,Medium,"Haircut, Styling, Facial, Manicure, Pedicure",11AM to 11PM,7245572110
2730,Elite Lounge 2730,Shivaji Nagar,3.3,1190,High,"Hair Coloring, Highlights, Hair Spa",8AM to 8PM,8039196662
2731,Aura Lounge 2731,Baner,4.1,1057,Low,"Hair Coloring, Highlights, Hair Spa",11AM to 10PM,7036205935
2732,Elite Lounge 2732,Magarpatta,4.2,1012,Low,"Hair Spa, Coloring, Keratin, Smoothening",10AM to 9PM,7620185325
2733,Glow Lounge 2733,Camp,4.1,837,Medium,"Hair Coloring, Highlights, Hair Spa",8AM to 11PM,8316844060
2734,Elite Salon 2734,FC Road,3.2,1810,Medium,"Haircut, Styling, Facial, Manicure, Pedicure",9AM to 10PM,8564687564
2735,Elite Salon 2735,FC Road,3.4,286,Medium,"Haircut, Styling, Facial, Manicure, Pedicure",8AM to 9PM,8601803854
2736,Elite Makeover 2736,Magarpatta,3.2,479,Medium,"Hair Spa, Coloring, Keratin, Smoothening",9AM to 9PM,8600520947
2737,Royal Salon 2737,Baner,3.1,746,Medium,"Haircut, Beard Trim, Cleanup",8AM to 10PM,7473741277
2738,Aura Lounge 2738,Baner,3.5,633,High,"Haircut, Styling, Facial, Manicure, Pedicure",10AM to 8PM,9715783685
2739,Style Makeover 2739,Kothrud,4.1,653,High,"Haircut, Styling, Facial, Manicure, Pedicure",9AM to 10PM,9101583477
2740,Luxury Lounge 2740,Magarpatta,3.5,1780,Low,"Haircut, Beard Trim, Cleanup",10AM to 11PM,7909978477
2741,Luxury Lounge 2741,Hinjewadi,3.8,863,Medium,"Bridal Makeup, Hair Styling, Skincare",9AM to 9PM,8981145064
2742,Elite Salon 2742,FC Road,4.2,1084,High,"Haircut, Beard Trim, Cleanup",8AM to 11PM,8988201263
2743,Style Salon 2743,Viman Nagar,3.2,1673,Low,"Haircut, Styling, Facial, Manicure, Pedicure",9AM to 10PM,7366032510
2744,Luxury Makeover 2744,Aundh,3.5,591,High,"Hair Coloring, Highlights, Hair Spa",8AM to 8PM,7670875079
2745,Royal Studio 2745,Hinjewadi,4.9,1582,Low,"Bridal Makeup, Hair Styling, Skincare",9AM to 11PM,8415674957
2746,Urban Salon 2746,Viman Nagar,4.5,676,High,"Bridal Makeup, Hair Styling, Skincare",11AM to 8PM,8218218975
2747,Trendy Makeover 2747,Wakad,3.2,775,High,"Hair Coloring, Highlights, Hair Spa",8AM to 8PM,9193428850
2748,Glow Lounge 2748,FC Road,3.4,494,High,"Haircut, Beard Trim, Cleanup",8AM to 9PM,8484857531
2749,Urban Lounge 2749,Aundh,3.6,994,Medium,"Bridal Makeup, Hair Styling, Skincare",11AM to 10PM,7400303523
2750,Glow Salon 2750,Magarpatta,4.7,1638,Medium,"Hair Spa, Coloring, Keratin, Smoothening",8AM to 9PM,8355493875
2751,Style Salon 2751,Hadapsar,4.6,402,Medium,"Facial, Cleanup, Waxing, Threading",9AM to 8PM,8198633428
2752,Luxury Studio 2752,Baner,4.7,78,High,"Haircut, Styling, Facial, Manicure, Pedicure",8AM to 11PM,7092247375
2753,Urban Salon 2753,Koregaon Park,4.4,1159,High,"Hair Spa, Coloring, Keratin, Smoothening",8AM to 10PM,9379898950
2754,Luxury Salon 2754,Aundh,3,1357,Medium,"Haircut, Styling, Facial, Manicure, Pedicure",9AM to 8PM,7829510229
2755,Urban Lounge 2755,Pimple Saudagar,4.2,170,High,"Haircut, Beard Trim, Cleanup",10AM to 9PM,7404125827
2756,Trendy Studio 2756,Baner,4.4,1799,High,"Haircut, Styling, Facial, Manicure, Pedicure",11AM to 10PM,9812030202
2757,Urban Lounge 2757,Hadapsar,4.3,1643,Low,"Facial, Cleanup, Waxing, Threading",11AM to 9PM,8962356645
2758,Aura Salon 2758,Camp,3.2,253,High,"Facial, Cleanup, Waxing, Threading",9AM to 9PM,8560779323
2759,Style Lounge 2759,Aundh,4.8,1928,High,"Hair Spa, Coloring, Keratin, Smoothening",9AM to 10PM,9180250741
2760,Royal Lounge 2760,Camp,3.4,1435,High,"Haircut, Beard Trim, Cleanup",9AM to 8PM,9647497811
2761,Urban Studio 2761,Kothrud,3.2,1266,Medium,"Haircut, Beard Trim, Cleanup",8AM to 11PM,8829814691
2762,Luxury Lounge 2762,Magarpatta,3.8,1285,Low,"Haircut, Styling, Facial, Manicure, Pedicure",9AM to 10PM,9626235557
2763,Glow Salon 2763,Shivaji Nagar,4.7,1228,Low,"Hair Spa, Coloring, Keratin, Smoothening",10AM to 10PM,7393949532
2764,Urban Makeover 2764,Kothrud,3.3,1006,High,"Hair Spa, Coloring, Keratin, Smoothening",8AM to 8PM,8894186755
2765,Glow Salon 2765,Shivaji Nagar,3.1,152,High,"Haircut, Beard Trim, Cleanup",10AM to 10PM,7685458273
2766,Aura Makeover 2766,Koregaon Park,4.4,954,Medium,"Haircut, Styling, Facial, Manicure, Pedicure",8AM to 8PM,9297942367
2767,Trendy Salon 2767,Kothrud,4.8,1124,Medium,"Haircut, Beard Trim, Cleanup",9AM to 9PM,9475177999
2768,Trendy Makeover 2768,FC Road,4.9,974,High,"Hair Spa, Coloring, Keratin, Smoothening",10AM to 8PM,9002688970
2769,Trendy Lounge 2769,Sinhagad Road,4.2,1986,High,"Hair Spa, Coloring, Keratin, Smoothening",8AM to 8PM,9623796883
2770,Urban Salon 2770,Kothrud,4.1,199,Medium,"Haircut, Styling, Facial, Manicure, Pedicure",9AM to 9PM,7793971957
2771,Style Makeover 2771,Hadapsar,4.1,1648,Low,"Haircut, Styling, Facial, Manicure, Pedicure",8AM to 10PM,8835702307
2772,Glow Lounge 2772,Camp,3.2,1189,High,"Hair Coloring, Highlights, Hair Spa",10AM to 8PM,8130884719
2773,Royal Makeover 2773,Wakad,4.2,722,Medium,"Facial, Cleanup, Waxing, Threading",8AM to 11PM,7847212981
2774,Urban Studio 2774,FC Road,3.1,1688,High,"Bridal Makeup, Hair Styling, Skincare",9AM to 8PM,8570537285
2775,Aura Lounge 2775,Koregaon Park,3.1,631,Low,"Facial, Cleanup, Waxing, Threading",11AM to 8PM,7174462200
2776,Trendy Lounge 2776,Hinjewadi,4.9,1388,Low,"Haircut, Beard Trim, Cleanup",8AM to 8PM,7088273379
2777,Style Studio 2777,Baner,3.7,692,High,"Hair Spa, Coloring, Keratin, Smoothening",9AM to 10PM,7140431522
2778,Style Makeover 2778,FC Road,3.5,87,High,"Haircut, Beard Trim, Cleanup",8AM to 11PM,7811085593
2779,Elite Lounge 2779,Kothrud,3.2,175,High,"Hair Spa, Coloring, Keratin, Smoothening",9AM to 9PM,7709704990
2780,Urban Lounge 2780,Sinhagad Road,3.3,1398,Medium,"Hair Spa, Coloring, Keratin, Smoothening",9AM to 10PM,9471405525
2781,Glow Salon 2781,Karve Nagar,4.7,1944,Low,"Hair Spa, Coloring, Keratin, Smoothening",9AM to 8PM,9921477890
2782,Glow Lounge 2782,Koregaon Park,3.7,1713,Low,"Hair Coloring, Highlights, Hair Spa",9AM to 8PM,7861640165
2783,Royal Makeover 2783,Magarpatta,4,916,High,"Hair Spa, Coloring, Keratin, Smoothening",10AM to 11PM,8878108754
2784,Luxury Studio 2784,Baner,3.7,797,High,"Haircut, Beard Trim, Cleanup",8AM to 11PM,9573633183
2785,Luxury Lounge 2785,Viman Nagar,3.5,1985,Medium,"Bridal Makeup, Hair Styling, Skincare",11AM to 11PM,9795432621
2786,Royal Makeover 2786,Sinhagad Road,4.1,273,Medium,"Facial, Cleanup, Waxing, Threading",11AM to 11PM,8075507415
2787,Royal Lounge 2787,Baner,3.5,262,Medium,"Hair Coloring, Highlights, Hair Spa",10AM to 9PM,7950016483
2788,Trendy Lounge 2788,Hadapsar,3.9,300,High,"Bridal Makeup, Hair Styling, Skincare",11AM to 8PM,8703470787
2789,Glow Salon 2789,Shivaji Nagar,3.1,343,Low,"Bridal Makeup, Hair Styling, Skincare",9AM to 8PM,8515760424
2790,Urban Lounge 2790,Sinhagad Road,3.6,1411,Low,"Haircut, Beard Trim, Cleanup",9AM to 8PM,7928867717
2791,Trendy Salon 2791,Kothrud,4.5,423,High,"Bridal Makeup, Hair Styling, Skincare",8AM to 11PM,8773826477
2792,Aura Lounge 2792,Aundh,4.7,503,Medium,"Haircut, Styling, Facial, Manicure, Pedicure",8AM to 10PM,9629977355
2793,Royal Salon 2793,FC Road,4.2,1246,Low,"Hair Coloring, Highlights, Hair Spa",8AM to 11PM,9673125342
2794,Royal Makeover 2794,Hinjewadi,3.8,863,Low,"Hair Coloring, Highlights, Hair Spa",9AM to 9PM,7502978101
2795,Luxury Studio 2795,Viman Nagar,3.5,578,Low,"Hair Spa, Coloring, Keratin, Smoothening",9AM to 8PM,8430787048
2796,Royal Lounge 2796,Camp,4.5,1380,Low,"Hair Spa, Coloring, Keratin, Smoothening",11AM to 8PM,8933605124
2797,Elite Lounge 2797,Hinjewadi,4.5,62,High,"Hair Coloring, Highlights, Hair Spa",10AM to 8PM,8022274352
2798,Royal Salon 2798,Wakad,3.6,431,Medium,"Facial, Cleanup, Waxing, Threading",10AM to 9PM,9346569241
2799,Trendy Lounge 2799,Sinhagad Road,3.5,1625,Medium,"Hair Coloring, Highlights, Hair Spa",11AM to 11PM,9560101403
2800,Elite Salon 2800,Baner,4.6,1875,Medium,"Haircut, Styling, Facial, Manicure, Pedicure",11AM to 11PM,9129160514
2801,Trendy Studio 2801,Hadapsar,4.8,1129,Low,"Hair Coloring, Highlights, Hair Spa",11AM to 10PM,9472801232
2802,Glow Salon 2802,Pimple Saudagar,4.1,584,Medium,"Hair Coloring, Highlights, Hair Spa",11AM to 8PM,9741598641
2803,Urban Lounge 2803,Aundh,4.6,1044,Low,"Facial, Cleanup, Waxing, Threading",9AM to 9PM,7167360702
2804,Royal Salon 2804,Pimple Saudagar,4.1,1882,Medium,"Bridal Makeup, Hair Styling, Skincare",10AM to 9PM,7325217976
2805,Trendy Makeover 2805,Pimple Saudagar,5,731,Low,"Facial, Cleanup, Waxing, Threading",10AM to 8PM,8030588443
2806,Elite Studio 2806,Magarpatta,4.4,484,Medium,"Haircut, Styling, Facial, Manicure, Pedicure",9AM to 11PM,9778882052
2807,Luxury Studio 2807,Viman Nagar,4.4,90,High,"Hair Coloring, Highlights, Hair Spa",10AM to 8PM,7510062814
2808,Luxury Salon 2808,Sinhagad Road,3.8,1209,Low,"Bridal Makeup, Hair Styling, Skincare",11AM to 8PM,9182961991
2809,Style Studio 2809,FC Road,3.9,1665,High,"Haircut, Beard Trim, Cleanup",9AM to 10PM,9545974098
2810,Glow Studio 2810,Koregaon Park,3.8,312,Low,"Haircut, Beard Trim, Cleanup",11AM to 8PM,8763678389
2811,Aura Salon 2811,Baner,3.2,1170,Medium,"Hair Spa, Coloring, Keratin, Smoothening",11AM to 11PM,8375672263
2812,Aura Salon 2812,Camp,4.9,787,Medium,"Haircut, Beard Trim, Cleanup",11AM to 11PM,8526436886
2813,Luxury Salon 2813,Camp,4.9,451,High,"Hair Coloring, Highlights, Hair Spa",10AM to 11PM,8354365606
2814,Style Makeover 2814,Kothrud,4,831,Low,"Haircut, Beard Trim, Cleanup",9AM to 8PM,8131241633
2815,Urban Lounge 2815,Baner,4,1815,Medium,"Bridal Makeup, Hair Styling, Skincare",8AM to 10PM,9061586951
2816,Glow Makeover 2816,Hinjewadi,4.7,1625,Low,"Haircut, Beard Trim, Cleanup",9AM to 11PM,8152197466
2817,Aura Studio 2817,FC Road,4.9,394,Medium,"Bridal Makeup, Hair Styling, Skincare",11AM to 9PM,7066461927
2818,Style Studio 2818,Magarpatta,4.3,1833,Low,"Hair Coloring, Highlights, Hair Spa",11AM to 10PM,7613772401
2819,Royal Makeover 2819,Wakad,4.6,453,Medium,"Facial, Cleanup, Waxing, Threading",10AM to 10PM,9723155352
2820,Urban Studio 2820,Camp,4.3,1032,High,"Haircut, Styling, Facial, Manicure, Pedicure",8AM to 9PM,7088880440
2821,Elite Makeover 2821,Kothrud,4.4,856,High,"Hair Spa, Coloring, Keratin, Smoothening",11AM to 10PM,7259161480
2822,Style Studio 2822,Magarpatta,5,611,Medium,"Haircut, Beard Trim, Cleanup",11AM to 8PM,8779569142
2823,Aura Studio 2823,Pimple Saudagar,3.4,753,Low,"Haircut, Beard Trim, Cleanup",9AM to 10PM,9119404018
2824,Style Salon 2824,Pimple Saudagar,3.9,346,High,"Haircut, Styling, Facial, Manicure, Pedicure",10AM to 10PM,8955430317
2825,Aura Studio 2825,Pimple Saudagar,4.4,1308,High,"Hair Coloring, Highlights, Hair Spa",10AM to 8PM,7397603555
2826,Elite Studio 2826,Baner,4,509,Medium,"Haircut, Beard Trim, Cleanup",11AM to 9PM,7094593336
2827,Royal Studio 2827,FC Road,3.7,1733,Medium,"Facial, Cleanup, Waxing, Threading",9AM to 8PM,9198806819
2828,Style Makeover 2828,Camp,4.1,1095,High,"Haircut, Styling, Facial, Manicure, Pedicure",10AM to 9PM,8014781820
2829,Glow Studio 2829,Viman Nagar,3.4,153,High,"Facial, Cleanup, Waxing, Threading",8AM to 9PM,8138939219
2830,Luxury Makeover 2830,Baner,4.4,14,Low,"Haircut, Beard Trim, Cleanup",10AM to 10PM,9664063651
2831,Style Studio 2831,Hinjewadi,4.3,792,Medium,"Bridal Makeup, Hair Styling, Skincare",8AM to 11PM,8599730553
2832,Style Makeover 2832,Hinjewadi,4.1,1550,Medium,"Haircut, Beard Trim, Cleanup",11AM to 10PM,9688098761
2833,Luxury Lounge 2833,FC Road,3.9,1750,High,"Hair Spa, Coloring, Keratin, Smoothening",10AM to 10PM,8292768599
2834,Glow Makeover 2834,Hinjewadi,4.5,203,High,"Hair Spa, Coloring, Keratin, Smoothening",10AM to 11PM,7742987043
2835,Urban Salon 2835,Hadapsar,3.4,1940,Low,"Facial, Cleanup, Waxing, Threading",10AM to 8PM,9985050049
2836,Style Studio 2836,Viman Nagar,3,1690,Low,"Haircut, Beard Trim, Cleanup",11AM to 11PM,8411356805
2837,Royal Lounge 2837,Magarpatta,4,302,High,"Haircut, Styling, Facial, Manicure, Pedicure",8AM to 8PM,7103169510
2838,Trendy Lounge 2838,Magarpatta,3.9,1712,High,"Haircut, Styling, Facial, Manicure, Pedicure",9AM to 11PM,8118119315
2839,Aura Makeover 2839,Aundh,4.5,853,Medium,"Haircut, Beard Trim, Cleanup",10AM to 9PM,8529970736
2840,Aura Salon 2840,Magarpatta,3.9,1507,Medium,"Haircut, Styling, Facial, Manicure, Pedicure",10AM to 8PM,9450060165
2841,Urban Salon 2841,Viman Nagar,3.3,1652,Low,"Hair Spa, Coloring, Keratin, Smoothening",9AM to 11PM,8933560247
2842,Aura Makeover 2842,Sinhagad Road,3.8,1891,Low,"Bridal Makeup, Hair Styling, Skincare",8AM to 10PM,9796694854
2843,Royal Lounge 2843,Sinhagad Road,3.7,1228,Medium,"Hair Spa, Coloring, Keratin, Smoothening",11AM to 8PM,9951789106
2844,Elite Makeover 2844,Koregaon Park,4.1,1046,High,"Facial, Cleanup, Waxing, Threading",10AM to 9PM,9749972876
2845,Trendy Makeover 2845,Magarpatta,4.3,344,Medium,"Haircut, Beard Trim, Cleanup",8AM to 10PM,9554089973
2846,Style Makeover 2846,Hinjewadi,4.7,199,High,"Haircut, Beard Trim, Cleanup",10AM to 9PM,9957097696
2847,Elite Salon 2847,Wakad,4.8,313,Low,"Hair Coloring, Highlights, Hair Spa",9AM to 11PM,9801912854
2848,Luxury Lounge 2848,Shivaji Nagar,3.1,1868,High,"Hair Coloring, Highlights, Hair Spa",10AM to 8PM,9270871903
2849,Elite Lounge 2849,Baner,3.3,1680,Low,"Hair Coloring, Highlights, Hair Spa",8AM to 10PM,8765256403
2850,Elite Salon 2850,FC Road,3.8,1427,High,"Hair Spa, Coloring, Keratin, Smoothening",10AM to 10PM,8709748333
2851,Royal Studio 2851,Koregaon Park,4.1,1958,Medium,"Bridal Makeup, Hair Styling, Skincare",10AM to 8PM,9493562340
2852,Style Studio 2852,Sinhagad Road,3.1,1372,High,"Haircut, Beard Trim, Cleanup",9AM to 9PM,9321137381
2853,Luxury Salon 2853,Kothrud,4.7,942,Low,"Facial, Cleanup, Waxing, Threading",10AM to 8PM,7475629756
2854,Urban Salon 2854,Baner,3.1,180,High,"Hair Coloring, Highlights, Hair Spa",11AM to 8PM,7675107642
2855,Aura Makeover 2855,Magarpatta,3.4,267,High,"Bridal Makeup, Hair Styling, Skincare",9AM to 8PM,9064605787
2856,Aura Makeover 2856,Shivaji Nagar,3.6,1287,Medium,"Hair Coloring, Highlights, Hair Spa",11AM to 11PM,8928877531
2857,Urban Lounge 2857,Sinhagad Road,4.1,51,Medium,"Haircut, Beard Trim, Cleanup",8AM to 11PM,8628510957
2858,Glow Makeover 2858,Camp,4.3,73,Medium,"Bridal Makeup, Hair Styling, Skincare",10AM to 9PM,8800753874
2859,Royal Makeover 2859,Camp,3.6,1281,Medium,"Hair Spa, Coloring, Keratin, Smoothening",11AM to 10PM,8636535505
2860,Trendy Makeover 2860,Aundh,4.9,465,Medium,"Haircut, Styling, Facial, Manicure, Pedicure",8AM to 9PM,7650539058
2861,Trendy Studio 2861,Hadapsar,4.8,1698,High,"Hair Spa, Coloring, Keratin, Smoothening",9AM to 10PM,7636244311
2862,Trendy Lounge 2862,Karve Nagar,4.7,1286,High,"Haircut, Styling, Facial, Manicure, Pedicure",11AM to 9PM,8549953153
2863,Luxury Salon 2863,Shivaji Nagar,4.1,1517,High,"Hair Coloring, Highlights, Hair Spa",11AM to 9PM,8479867811
2864,Trendy Lounge 2864,Koregaon Park,4.8,957,Low,"Bridal Makeup, Hair Styling, Skincare",10AM to 8PM,7381706948
2865,Trendy Lounge 2865,Pimple Saudagar,5,678,Medium,"Haircut, Beard Trim, Cleanup",9AM to 10PM,8774213541
2866,Royal Makeover 2866,Karve Nagar,3.8,186,High,"Bridal Makeup, Hair Styling, Skincare",8AM to 8PM,9926584863
2867,Trendy Makeover 2867,Magarpatta,4.8,784,Medium,"Bridal Makeup, Hair Styling, Skincare",9AM to 11PM,8053513292
2868,Aura Makeover 2868,Hadapsar,4.1,1451,Low,"Bridal Makeup, Hair Styling, Skincare",9AM to 8PM,9337295819
2869,Aura Salon 2869,Kothrud,3.4,1636,High,"Hair Coloring, Highlights, Hair Spa",8AM to 8PM,8805020543
2870,Style Studio 2870,Kothrud,4.6,1172,High,"Haircut, Styling, Facial, Manicure, Pedicure",8AM to 10PM,7180068070
2871,Royal Lounge 2871,Baner,3.8,626,High,"Hair Spa, Coloring, Keratin, Smoothening",11AM to 10PM,7707565435
2872,Royal Makeover 2872,Kothrud,3.9,666,Medium,"Haircut, Beard Trim, Cleanup",10AM to 10PM,9755746740
2873,Aura Makeover 2873,Viman Nagar,4.9,1535,High,"Haircut, Beard Trim, Cleanup",10AM to 10PM,9930187015
2874,Trendy Studio 2874,Sinhagad Road,4.4,1316,Medium,"Haircut, Beard Trim, Cleanup",9AM to 10PM,8019443317
2875,Style Studio 2875,Shivaji Nagar,3.3,1280,Medium,"Hair Spa, Coloring, Keratin, Smoothening",9AM to 11PM,7228229103
2876,Trendy Studio 2876,Sinhagad Road,3.9,1936,High,"Hair Spa, Coloring, Keratin, Smoothening",8AM to 8PM,9213627771
2877,Urban Salon 2877,FC Road,4.9,938,Low,"Bridal Makeup, Hair Styling, Skincare",9AM to 11PM,8392824976
2878,Trendy Lounge 2878,Pimple Saudagar,4.9,1098,Medium,"Bridal Makeup, Hair Styling, Skincare",10AM to 10PM,8442984446
2879,Aura Makeover 2879,Shivaji Nagar,3.4,732,Low,"Bridal Makeup, Hair Styling, Skincare",11AM to 10PM,7172553568
2880,Royal Makeover 2880,Pimple Saudagar,4.7,1548,Medium,"Facial, Cleanup, Waxing, Threading",11AM to 11PM,7318138112
2881,Style Studio 2881,Koregaon Park,4.2,1051,High,"Haircut, Beard Trim, Cleanup",8AM to 11PM,8660560217
2882,Aura Salon 2882,Camp,3.8,1944,Medium,"Facial, Cleanup, Waxing, Threading",10AM to 9PM,9053752341
2883,Royal Salon 2883,Wakad,3.7,552,Medium,"Bridal Makeup, Hair Styling, Skincare",11AM to 11PM,9936857040
2884,Glow Lounge 2884,Koregaon Park,4.2,209,Medium,"Hair Coloring, Highlights, Hair Spa",8AM to 8PM,9208430704
2885,Style Studio 2885,Hadapsar,3.5,263,Low,"Hair Spa, Coloring, Keratin, Smoothening",8AM to 8PM,9474242129
2886,Aura Lounge 2886,Camp,3.7,1538,High,"Haircut, Styling, Facial, Manicure, Pedicure",9AM to 9PM,9100112988
2887,Style Salon 2887,Aundh,4.5,1166,High,"Haircut, Beard Trim, Cleanup",10AM to 11PM,8724637691
2888,Luxury Studio 2888,Magarpatta,3.8,945,Medium,"Hair Spa, Coloring, Keratin, Smoothening",10AM to 10PM,8502270700
2889,Glow Makeover 2889,Aundh,5,1850,High,"Haircut, Styling, Facial, Manicure, Pedicure",10AM to 11PM,9414207653
2890,Elite Lounge 2890,Sinhagad Road,3.9,1057,Medium,"Hair Coloring, Highlights, Hair Spa",8AM to 11PM,9835497274
2891,Urban Lounge 2891,Sinhagad Road,4,1841,Medium,"Haircut, Beard Trim, Cleanup",11AM to 10PM,9335097439
2892,Elite Lounge 2892,Hinjewadi,3.7,77,High,"Bridal Makeup, Hair Styling, Skincare",11AM to 10PM,8293323094
2893,Glow Salon 2893,Pimple Saudagar,3,1349,Low,"Haircut, Styling, Facial, Manicure, Pedicure",8AM to 9PM,7385271861
2894,Trendy Lounge 2894,Hadapsar,4.6,990,Low,"Bridal Makeup, Hair Styling, Skincare",8AM to 11PM,8359154040
2895,Trendy Salon 2895,Kothrud,5,1757,Medium,"Hair Spa, Coloring, Keratin, Smoothening",10AM to 10PM,8728572186
2896,Elite Salon 2896,Baner,3.6,1701,Low,"Haircut, Styling, Facial, Manicure, Pedicure",9AM to 8PM,8304048275
2897,Style Studio 2897,Aundh,3.1,1780,Medium,"Hair Coloring, Highlights, Hair Spa",11AM to 8PM,7771961103
2898,Trendy Studio 2898,Viman Nagar,3.4,692,Medium,"Haircut, Beard Trim, Cleanup",10AM to 10PM,9394279792
2899,Style Makeover 2899,Pimple Saudagar,5,1502,Medium,"Facial, Cleanup, Waxing, Threading",10AM to 8PM,7416843999
2900,Royal Studio 2900,Magarpatta,3.9,1028,High,"Hair Coloring, Highlights, Hair Spa",9AM to 8PM,7616356464
2901,Style Studio 2901,Hinjewadi,3,98,Medium,"Haircut, Beard Trim, Cleanup",9AM to 11PM,8553776075
2902,Aura Salon 2902,Koregaon Park,3.3,932,High,"Hair Coloring, Highlights, Hair Spa",10AM to 9PM,9074646196
2903,Elite Lounge 2903,Hadapsar,4.4,1599,High,"Haircut, Styling, Facial, Manicure, Pedicure",11AM to 11PM,8566945353
2904,Style Salon 2904,Sinhagad Road,3.5,191,Low,"Facial, Cleanup, Waxing, Threading",9AM to 9PM,8331694066
2905,Style Makeover 2905,Wakad,4.7,1866,High,"Bridal Makeup, Hair Styling, Skincare",10AM to 11PM,9631315387
2906,Aura Lounge 2906,Karve Nagar,3.9,1573,Medium,"Haircut, Styling, Facial, Manicure, Pedicure",10AM to 11PM,7930300081
2907,Aura Makeover 2907,Magarpatta,4.1,915,Low,"Facial, Cleanup, Waxing, Threading",10AM to 11PM,8743223238
2908,Luxury Studio 2908,Karve Nagar,4.4,94,Low,"Facial, Cleanup, Waxing, Threading",11AM to 10PM,8424865105
2909,Luxury Makeover 2909,Hinjewadi,4.7,771,Low,"Hair Spa, Coloring, Keratin, Smoothening",8AM to 8PM,8072693151
2910,Aura Makeover 2910,Kothrud,3.2,427,Low,"Facial, Cleanup, Waxing, Threading",9AM to 10PM,9655598009
2911,Aura Salon 2911,Wakad,4.4,950,Medium,"Hair Spa, Coloring, Keratin, Smoothening",8AM to 9PM,9277701278
2912,Luxury Makeover 2912,Camp,4.3,59,Low,"Haircut, Beard Trim, Cleanup",10AM to 8PM,8212699039
2913,Glow Salon 2913,Hadapsar,4.2,1501,Medium,"Facial, Cleanup, Waxing, Threading",10AM to 9PM,7350515840
2914,Aura Salon 2914,Koregaon Park,3.6,1371,Medium,"Facial, Cleanup, Waxing, Threading",9AM to 11PM,7232637177
2915,Aura Studio 2915,Sinhagad Road,4.1,1131,Medium,"Facial, Cleanup, Waxing, Threading",10AM to 11PM,8677473332
2916,Glow Studio 2916,Shivaji Nagar,4.4,1490,Low,"Hair Spa, Coloring, Keratin, Smoothening",10AM to 9PM,8692965321
2917,Luxury Salon 2917,Hadapsar,4.2,1276,Medium,"Hair Spa, Coloring, Keratin, Smoothening",11AM to 10PM,7363906546
2918,Elite Studio 2918,Baner,4,385,Low,"Hair Coloring, Highlights, Hair Spa",10AM to 10PM,8244509805
2919,Urban Lounge 2919,Magarpatta,4,1599,Medium,"Facial, Cleanup, Waxing, Threading",10AM to 10PM,8033024942
2920,Glow Makeover 2920,Viman Nagar,4.2,1024,Low,"Facial, Cleanup, Waxing, Threading",8AM to 10PM,9573146934
2921,Aura Salon 2921,Pimple Saudagar,4.9,993,High,"Hair Spa, Coloring, Keratin, Smoothening",9AM to 9PM,9576989861
2922,Aura Makeover 2922,Kothrud,3.9,563,Medium,"Haircut, Styling, Facial, Manicure, Pedicure",11AM to 9PM,8587448302
2923,Elite Studio 2923,Viman Nagar,4.6,866,Low,"Bridal Makeup, Hair Styling, Skincare",9AM to 9PM,8679073276
2924,Royal Lounge 2924,Kothrud,3.8,1248,High,"Haircut, Beard Trim, Cleanup",11AM to 10PM,9331352731
2925,Glow Makeover 2925,Pimple Saudagar,3.9,1531,High,"Facial, Cleanup, Waxing, Threading",10AM to 10PM,8187310369
2926,Urban Makeover 2926,Karve Nagar,3.5,1768,Medium,"Bridal Makeup, Hair Styling, Skincare",11AM to 11PM,9830490477
2927,Luxury Studio 2927,Magarpatta,3,1461,Low,"Facial, Cleanup, Waxing, Threading",10AM to 8PM,8153488584
2928,Trendy Studio 2928,Magarpatta,4,1032,High,"Haircut, Styling, Facial, Manicure, Pedicure",9AM to 11PM,7504651248
2929,Aura Makeover 2929,Camp,3.4,533,Medium,"Haircut, Beard Trim, Cleanup",11AM to 8PM,8015354789
2930,Urban Salon 2930,Viman Nagar,4.3,709,Low,"Hair Coloring, Highlights, Hair Spa",11AM to 9PM,7871297362
2931,Style Studio 2931,FC Road,4.7,1797,High,"Hair Spa, Coloring, Keratin, Smoothening",9AM to 8PM,8382880363
2932,Aura Makeover 2932,Sinhagad Road,4.6,1859,Medium,"Haircut, Beard Trim, Cleanup",9AM to 8PM,8712516909
2933,Urban Lounge 2933,FC Road,4.4,1610,Medium,"Haircut, Beard Trim, Cleanup",10AM to 10PM,9543990690
2934,Trendy Makeover 2934,Sinhagad Road,4.1,803,Low,"Haircut, Beard Trim, Cleanup",11AM to 10PM,8455247779
2935,Royal Lounge 2935,Hinjewadi,4.1,1184,Low,"Haircut, Styling, Facial, Manicure, Pedicure",11AM to 11PM,8459748098
2936,Style Studio 2936,Magarpatta,4.1,39,High,"Hair Coloring, Highlights, Hair Spa",9AM to 8PM,7496663017
2937,Trendy Studio 2937,Viman Nagar,4.6,1188,Medium,"Bridal Makeup, Hair Styling, Skincare",11AM to 11PM,8143965540
2938,Royal Lounge 2938,Wakad,4.1,1210,Medium,"Facial, Cleanup, Waxing, Threading",10AM to 10PM,9035276826
2939,Luxury Salon 2939,FC Road,3.7,1236,Medium,"Hair Coloring, Highlights, Hair Spa",10AM to 10PM,8506439383
2940,Glow Lounge 2940,Aundh,4.1,1754,Medium,"Haircut, Styling, Facial, Manicure, Pedicure",8AM to 9PM,9504609274
2941,Elite Salon 2941,Hadapsar,4.6,35,Medium,"Facial, Cleanup, Waxing, Threading",8AM to 8PM,9689317104
2942,Royal Salon 2942,Magarpatta,4.9,95,Low,"Facial, Cleanup, Waxing, Threading",11AM to 8PM,8844875336
2943,Royal Makeover 2943,Baner,3.5,22,Medium,"Facial, Cleanup, Waxing, Threading",9AM to 8PM,9815023215
2944,Luxury Makeover 2944,FC Road,3.8,1863,Low,"Hair Coloring, Highlights, Hair Spa",9AM to 8PM,8915637387
2945,Royal Salon 2945,Koregaon Park,4.6,427,High,"Haircut, Beard Trim, Cleanup",9AM to 11PM,9608709047
2946,Trendy Studio 2946,FC Road,4.6,764,High,"Haircut, Beard Trim, Cleanup",11AM to 11PM,7741201095
2947,Luxury Makeover 2947,Viman Nagar,3.4,192,High,"Haircut, Styling, Facial, Manicure, Pedicure",10AM to 8PM,7164288297
2948,Style Salon 2948,Karve Nagar,3.3,638,High,"Facial, Cleanup, Waxing, Threading",8AM to 9PM,7874291531
2949,Trendy Salon 2949,Sinhagad Road,3.6,1593,Low,"Hair Coloring, Highlights, Hair Spa",8AM to 9PM,8661855492
2950,Elite Studio 2950,Sinhagad Road,4.5,1194,Medium,"Facial, Cleanup, Waxing, Threading",10AM to 11PM,7363051418
2951,Glow Makeover 2951,Shivaji Nagar,4.1,649,Low,"Bridal Makeup, Hair Styling, Skincare",11AM to 10PM,7798213368
2952,Style Makeover 2952,Baner,4.4,292,High,"Hair Spa, Coloring, Keratin, Smoothening",11AM to 9PM,8022985946
2953,Glow Lounge 2953,Kothrud,3.3,823,Medium,"Facial, Cleanup, Waxing, Threading",10AM to 10PM,7462914135
2954,Glow Salon 2954,Shivaji Nagar,4.5,831,Medium,"Hair Coloring, Highlights, Hair Spa",10AM to 11PM,8186238812
2955,Trendy Lounge 2955,FC Road,4.6,863,Medium,"Haircut, Styling, Facial, Manicure, Pedicure",10AM to 11PM,7884002036
2956,Style Salon 2956,Baner,3.4,930,Medium,"Haircut, Styling, Facial, Manicure, Pedicure",10AM to 11PM,8475377737
2957,Luxury Makeover 2957,Hadapsar,3.5,57,High,"Haircut, Beard Trim, Cleanup",9AM to 9PM,7646602026
2958,Aura Makeover 2958,FC Road,3.3,1755,Low,"Bridal Makeup, Hair Styling, Skincare",11AM to 10PM,9926033846
2959,Elite Studio 2959,Shivaji Nagar,4.4,843,High,"Facial, Cleanup, Waxing, Threading",10AM to 8PM,9687701675
2960,Trendy Studio 2960,Camp,3.3,184,Medium,"Haircut, Beard Trim, Cleanup",10AM to 10PM,7007066580
2961,Aura Studio 2961,Shivaji Nagar,4.4,976,High,"Facial, Cleanup, Waxing, Threading",9AM to 9PM,7987841921
2962,Style Lounge 2962,Camp,3.4,499,Medium,"Haircut, Beard Trim, Cleanup",9AM to 9PM,7384000321
2963,Royal Salon 2963,Aundh,4.7,161,High,"Hair Spa, Coloring, Keratin, Smoothening",10AM to 10PM,7187764488
2964,Urban Salon 2964,Hadapsar,3.9,1835,Low,"Hair Coloring, Highlights, Hair Spa",10AM to 10PM,7823857843
2965,Elite Lounge 2965,Hinjewadi,3.3,1615,Low,"Haircut, Beard Trim, Cleanup",10AM to 8PM,7115908256
2966,Aura Makeover 2966,Hadapsar,3.1,1190,High,"Hair Coloring, Highlights, Hair Spa",8AM to 8PM,8165540705
2967,Style Salon 2967,Sinhagad Road,4,544,High,"Bridal Makeup, Hair Styling, Skincare",9AM to 9PM,7681000962
2968,Urban Lounge 2968,Kothrud,3.7,1639,High,"Bridal Makeup, Hair Styling, Skincare",8AM to 10PM,7160500573
2969,Elite Studio 2969,Baner,3.2,1013,Low,"Hair Spa, Coloring, Keratin, Smoothening",10AM to 9PM,9319654730
2970,Glow Lounge 2970,FC Road,3.7,1973,Low,"Haircut, Beard Trim, Cleanup",9AM to 9PM,7264393402
2971,Elite Makeover 2971,Viman Nagar,3.3,1583,High,"Hair Coloring, Highlights, Hair Spa",10AM to 9PM,7853314719
2972,Elite Makeover 2972,Wakad,3.5,615,Medium,"Hair Coloring, Highlights, Hair Spa",10AM to 11PM,8191745773
2973,Urban Makeover 2973,Sinhagad Road,3.6,346,High,"Facial, Cleanup, Waxing, Threading",10AM to 11PM,7854741009
2974,Urban Makeover 2974,Wakad,3.3,1755,Medium,"Haircut, Styling, Facial, Manicure, Pedicure",11AM to 11PM,9242789140
2975,Urban Studio 2975,Aundh,4.3,152,High,"Haircut, Beard Trim, Cleanup",10AM to 8PM,9522322236
2976,Aura Studio 2976,Magarpatta,3.5,985,Low,"Hair Spa, Coloring, Keratin, Smoothening",9AM to 10PM,7023385378
2977,Aura Lounge 2977,Hadapsar,3.9,527,Medium,"Haircut, Beard Trim, Cleanup",10AM to 8PM,8278872977
2978,Elite Makeover 2978,Wakad,3.6,795,Low,"Hair Spa, Coloring, Keratin, Smoothening",9AM to 11PM,9464571707
2979,Trendy Studio 2979,Camp,4.4,1190,High,"Hair Coloring, Highlights, Hair Spa",9AM to 9PM,9262744952
2980,Royal Makeover 2980,Shivaji Nagar,3.3,1808,Low,"Hair Coloring, Highlights, Hair Spa",8AM to 11PM,9573685447
2981,Glow Salon 2981,Hadapsar,4.5,884,Low,"Facial, Cleanup, Waxing, Threading",8AM to 8PM,9331956503
2982,Trendy Studio 2982,Baner,4.6,1520,Medium,"Bridal Makeup, Hair Styling, Skincare",10AM to 9PM,7493363575
2983,Trendy Salon 2983,Viman Nagar,3.5,1456,Low,"Haircut, Beard Trim, Cleanup",11AM to 11PM,7009041625
2984,Urban Studio 2984,Sinhagad Road,4.6,1451,Medium,"Bridal Makeup, Hair Styling, Skincare",8AM to 8PM,9698802916
2985,Aura Lounge 2985,Camp,4.5,1656,Medium,"Hair Spa, Coloring, Keratin, Smoothening",8AM to 10PM,8390168760
2986,Trendy Salon 2986,Koregaon Park,4.3,522,High,"Hair Spa, Coloring, Keratin, Smoothening",8AM to 11PM,8383541168
2987,Urban Makeover 2987,Wakad,4,1600,Medium,"Haircut, Beard Trim, Cleanup",10AM to 9PM,7296741091
2988,Elite Studio 2988,Baner,4.5,1056,High,"Bridal Makeup, Hair Styling, Skincare",11AM to 11PM,9322916279
2989,Glow Studio 2989,Hinjewadi,4.9,1367,Medium,"Hair Coloring, Highlights, Hair Spa",8AM to 8PM,7483142836
2990,Glow Makeover 2990,Aundh,3,1302,High,"Haircut, Styling, Facial, Manicure, Pedicure",9AM to 9PM,7107639143
2991,Royal Makeover 2991,Karve Nagar,3.6,1334,High,"Bridal Makeup, Hair Styling, Skincare",9AM to 9PM,8089166272
2992,Royal Makeover 2992,Sinhagad Road,3,199,Medium,"Haircut, Styling, Facial, Manicure, Pedicure",8AM to 9PM,9818276708
2993,Royal Lounge 2993,Hadapsar,3.7,1015,Medium,"Haircut, Beard Trim, Cleanup",10AM to 11PM,9254868146
2994,Luxury Studio 2994,Sinhagad Road,4.2,1816,Low,"Haircut, Beard Trim, Cleanup",10AM to 8PM,9643437807
